{"type":"FeatureCollection","features":[{"type":"Feature","properties":{"CARUID":"5901","CARENAME":"Vancouver Island-Coast","LANDAREA":84052.4944},"geometry":{"type":"Polygon","coordinates":[[[3991663.9686,2528376.8286],[3992887.1143,2527508.12],[3992986.1457,2527557.56],[3993860.7,2527994.1514],[3994144.7629,2528723.7029],[3997552.2371,2528721.6714],[3997836.2829,2528072.3429],[3997349.8257,2527138.9143],[3997390.6057,2526083.8114],[3997187.9571,2525475.0829],[3997111.98,2525128.4],[3997081.5086,2525077.1914],[3997085.3829,2525024.2686],[3997090.2229,2525021.2714],[3997088.6886,2525014.2714],[3996824.9743,2523810.48],[3997190.2229,2522795.5286],[3997677.0343,2522470.5171],[3998163.8229,2522551.1571],[3999994.1943,2523211.1857],[4000070.4343,2523238.6771],[4002261.3086,2526195.78],[4004167.92,2526883.3],[4006723.56,2526637.5],[4006805.04,2524973.0829],[4006844.3657,2524878.6629],[4006830.6657,2524480.0257],[4006822.5571,2524248.06],[4006799.0514,2523575.4171],[4006830.1857,2522759.98],[4006835.1686,2522629.5543],[4006382.8829,2521489.6914],[4006129.62,2521083.4686],[4005832.2743,2520970.0857],[4005356.2971,2520788.5914],[4005103.0314,2521123.8914],[4004570.4714,2521198.7086],[4004451.8171,2521215.38],[4003936.2657,2520931.4257],[4003757.4829,2520883.5429],[4003616.4,2520971.3543],[4003610.6543,2520967.6629],[4002666.9857,2520361.0457],[4000760.5543,2519671.4629],[3998854.0771,2518292.3914],[3998732.3486,2517886.8029],[3998975.6314,2517521.7629],[3999827.2,2517318.9257],[3999543.1971,2516548.3029],[3999621.0629,2516322.38],[3999651.4429,2516233.66],[3999948.6429,2515372.3771],[3999259.2971,2514115.7086],[3998733.3686,2512198.88],[3997969.9629,2511411.26],[3997317.8057,2510923.5],[3997046.2257,2510720.3829],[3996492.9286,2509874.7114],[3995613.2771,2509320.6943],[3994531.74,2509041.0829],[3994419.92,2506238.8543],[3994815.0114,2505516.8086],[3993361.1971,2505189.52],[3993382.0857,2504898.78],[3993387.2,2504842.2514],[3993398.7829,2504705.6457],[3994051.1629,2504018.2114],[3993850.2343,2503701.46],[3994765.9543,2503488.5629],[3995566.8543,2503611.58],[3998106.06,2504177.7171],[3998432.4371,2503722.3057],[3998641.9657,2502825.2086],[4000504.0486,2501333.66],[4001232.6086,2501017.1229],[4003779.5971,2502475.5],[4005093.4629,2502057.7457],[4005410.2229,2501417.1657],[4005400.92,2501280.5657],[4005407.2143,2501269.8029],[4005714.0286,2500745.2143],[4005339.7543,2500017.0143],[4005436.3371,2499082.1029],[4005348.44,2498156.7314],[4005330.4543,2497272.7],[4005045.4686,2496302.8143],[4004526.1,2494592.0029],[4004432.76,2494493.6971],[4004094.3429,2494137.2886],[4002919.9971,2492588.7],[4002686.04,2491488.4343],[4002380.5886,2491103.74],[4002241.66,2490928.9286],[4001841.8543,2490274.3829],[4001664.06,2490090.1286],[4001682.8571,2489996.78],[4003215.44,2489088.5714],[4003224.0629,2489032.4514],[4003377.2971,2488035.2914],[4004472.24,2487385.5229],[4004958.8743,2486979.5257],[4005323.8343,2487668.46],[4006065.4486,2487297.0629],[4006459.3286,2487099.8057],[4007148.7343,2487585.9143],[4007158.36,2487583.8914],[4008113.84,2487908.7286],[4008683.2229,2487920.5],[4009717.8914,2488238.0371],[4010342.3714,2488139.5257],[4011034.2029,2488243.0486],[4011426.0314,2488150.8514],[4011360.7371,2487783.0514],[4011365.4229,2487784.7086],[4011447.0029,2486691.7229],[4011460.1657,2486667.4571],[4011198.8543,2485228.2686],[4011343.6314,2484471.3114],[4011485.1171,2483996.4],[4011894.6686,2483746.4486],[4011343.5143,2483486.5771],[4010358.1457,2483398.62],[4009482.4257,2483156.5171],[4009309.1229,2482672.16],[4009489.0486,2482011.6686],[4009425.5714,2481549.3229],[4006975.2429,2480096.4057],[4006472.9343,2479546.0171],[4006719.0286,2478885.5286],[4007318.7257,2478159.0114],[4007322.2743,2477492.2029],[4007381.2714,2477410.3343],[4007392.3286,2477265.6629],[4007377.4057,2477159.0886],[4007252.4543,2476958.4],[4007146.5114,2476788.2429],[4007057.7,2476611.2543],[4007001.9629,2476392.6771],[4006983.5886,2476258.9714],[4007029.6371,2476040.9771],[4007217.6171,2475806.56],[4007372.6486,2475762.6286],[4007588.4771,2475212.5114],[4006234.9943,2471653.22],[4005264.1543,2471711.8914],[4004219.7029,2471511.9486],[4003200.4829,2471086.9343],[4002842.1971,2470750.8686],[4002256.1514,2470811.9714],[4001684.32,2470611.9743],[4001386.5629,2470311.92],[4001539.8943,2469736.7971],[4002224.6371,2468307.2057],[4001665.8257,2465896.4086],[4001931.9543,2465676.2629],[4002507.7943,2465874.5057],[4003570.9857,2465456.2771],[4004503.2714,2464465.58],[4003807.9057,2462946.46],[4003479.5429,2463056.5971],[4003065.5,2462396.1171],[4003541.9371,2459897.2571],[4004218.3143,2459377.5971],[4004966.6486,2459082.4857],[4005552.4971,2458946.4486],[4006295.1429,2458774.0029],[4006841.68,2459033.3371],[4007238.9286,2459045.7286],[4007774.3457,2458416.1886],[4008407.78,2458138.4914],[4009239.9571,2458508.9714],[4009650.1486,2458805.3314],[4010023.7714,2458348.6057],[4011129.44,2457756.1543],[4012088.4114,2457786.0714],[4014882.3371,2458712.3371],[4015372.7686,2458874.9286],[4017498.6029,2458368.7457],[4017495.06,2458363.4171],[4017719.4771,2458310.6543],[4015788.0371,2454968.0457],[4015356.7086,2454226.0486],[4015210.7114,2453974.8971],[4015134.5143,2453843.8171],[4013425.6571,2450904.1171],[4013419.68,2450908.5686],[4013376.4486,2450969.6514],[4013350.6286,2450983.7371],[4013347.3486,2450985.5286],[4013241.7571,2450978.0629],[4013148.7514,2451008.3114],[4013112.3971,2451011.94],[4013062.6486,2450992.5771],[4013036.0,2450971.18],[4013017.0286,2450941.52],[4013001.9286,2450874.2743],[4012984.46,2450842.2371],[4012884.5714,2450757.5571],[4012871.1429,2450748.3314],[4012825.9914,2450717.3086],[4012774.6514,2450682.0371],[4012746.9743,2450664.36],[4012724.3257,2450666.8571],[4012687.7771,2450691.2343],[4012670.6343,2450720.0114],[4011392.4257,2449590.1514],[4010795.6771,2448566.5686],[4009905.4143,2446674.0571],[4009693.7857,2446997.9857],[4009692.4286,2446995.72],[4009317.8257,2447649.9343],[4008122.7314,2447277.9429],[4007643.7286,2447128.8457],[4006982.9086,2447233.3314],[4005969.6486,2447422.8543],[4005418.9457,2447681.9686],[4004714.0571,2447400.3943],[4004559.7857,2447067.0514],[4004713.7629,2446667.1457],[4003568.1086,2445287.0371],[4001488.1771,2445603.4743],[4001473.0914,2445379.8886],[4001463.8514,2443437.4686],[4001418.6657,2442780.6857],[4001261.7029,2442221.7829],[4001277.7743,2441467.1314],[4001114.5171,2440768.5229],[4001381.3943,2439049.46],[4001382.28,2439043.7571],[4001372.78,2439033.6029],[4001348.4514,2439003.4857],[4001331.9686,2438969.38],[4001322.5771,2438953.1114],[4001309.2714,2438941.7571],[4001279.5771,2438926.9571],[4001267.9057,2438914.4371],[4001239.8029,2438891.5371],[4001212.4543,2438885.7429],[4001193.4457,2438874.7257],[4001181.76,2438855.0914],[4001178.4371,2438837.3543],[4001175.2686,2438818.0514],[4001170.7571,2438802.1371],[4001169.6143,2438787.6543],[4001170.52,2438772.8486],[4001166.6029,2438755.8657],[4001166.3657,2438755.8429],[4000040.1371,2438654.4429],[4000673.3886,2436359.8629],[4000139.0,2435403.4486],[4000093.2486,2434307.42],[3999699.7914,2431392.3971],[3999872.7657,2430288.0229],[3999933.56,2429899.8971],[4000399.2686,2429991.9257],[4000469.6771,2429152.4086],[4001098.6286,2428405.6743],[4001517.7771,2428544.3143],[4002193.4429,2429565.4286],[4003613.9914,2430352.9829],[4004336.1743,2429396.3429],[4005127.9657,2428917.3029],[4005035.8629,2427564.7543],[4005688.2971,2426468.3343],[4005735.3543,2425745.42],[4005518.8571,2423359.6629],[4005481.4143,2422947.0286],[4005854.0971,2422550.2686],[4006908.0629,2422526.0114],[4006971.7886,2422524.5429],[4007717.0486,2423080.94],[4007758.3514,2423110.92],[4008806.36,2423871.7886],[4008947.4371,2423974.6114],[4008982.2971,2423953.1086],[4009015.9314,2423901.7286],[4009020.8886,2423840.76],[4009009.4086,2423744.6771],[4010240.22,2424556.9257],[4010362.2343,2424619.6143],[4010474.7029,2424501.4257],[4010518.5057,2424455.3943],[4012068.2857,2425324.2457],[4012603.0457,2425091.8286],[4012603.4914,2425091.7457],[4012716.9229,2425070.84],[4012969.5914,2425075.0686],[4013240.8886,2425164.5429],[4013538.3171,2425346.74],[4013754.0657,2425536.2114],[4013925.4429,2425792.3886],[4014019.3314,2426174.6657],[4014075.8171,2426413.3286],[4014866.58,2427656.5943],[4016517.5629,2428104.9171],[4017587.0314,2427572.36],[4018331.06,2427783.4657],[4018679.6314,2427272.9171],[4019004.1057,2425554.88],[4020259.6029,2425034.3143],[4023727.3714,2425597.9743],[4024148.3971,2426845.7114],[4024907.3171,2426718.7943],[4024908.4657,2426718.6057],[4025760.8771,2426585.1343],[4026559.34,2424023.84],[4028834.9571,2425138.32],[4030183.5429,2424633.5343],[4032185.36,2423905.2171],[4033133.6629,2423893.9086],[4033291.7029,2423947.4514],[4033305.9914,2423935.14],[4033970.6771,2423362.5514],[4033976.54,2423358.64],[4033985.0314,2423352.9743],[4034092.2257,2423281.4657],[4034072.9686,2423252.3571],[4034076.9829,2422304.8114],[4033747.8171,2421916.8257],[4033231.8943,2421757.8343],[4032792.1486,2421922.4343],[4032530.3771,2421654.8857],[4032259.6914,2421617.8257],[4032145.2371,2421324.86],[4032145.7886,2421322.9514],[4032274.72,2421135.3743],[4032239.9286,2420871.3743],[4031864.0057,2420058.0229],[4031272.4171,2418575.2314],[4031191.02,2418241.7029],[4031210.3257,2418028.6543],[4031284.6914,2417871.08],[4031733.0057,2417672.4086],[4032114.6114,2417508.7114],[4032389.7743,2417352.5486],[4032630.3457,2417175.7857],[4032819.8971,2416994.6571],[4032676.0971,2416284.0029],[4032328.6457,2415865.5257],[4031624.9686,2415284.1514],[4031676.3743,2415019.7057],[4031931.7971,2414788.94],[4031940.76,2414498.9257],[4031890.2971,2414183.3029],[4032383.8943,2413990.0229],[4032515.84,2413838.7914],[4032621.2543,2413715.02],[4032568.84,2413439.1543],[4032427.7886,2413370.0057],[4031660.7,2413035.8714],[4031667.1886,2413011.9771],[4031752.1771,2412527.4343],[4032019.5886,2412280.9886],[4032153.4543,2412174.0971],[4032434.1857,2412044.3114],[4032375.08,2411744.9543],[4032217.3971,2411657.7114],[4032026.5171,2411572.1371],[4031815.7171,2411472.9943],[4031676.1886,2411407.7771],[4031658.9171,2411364.8],[4031649.5429,2411381.2743],[4031648.7343,2411395.0829],[4031356.9714,2411250.9429],[4031384.24,2410909.2429],[4031433.6914,2410802.3429],[4031673.3543,2410270.7314],[4031791.6543,2409209.2371],[4032326.4857,2408640.1457],[4032411.2971,2408549.9029],[4033005.5371,2408072.0286],[4032826.7029,2407381.3629],[4032741.4171,2407280.2286],[4032903.6429,2407081.5971],[4032903.5686,2406907.5743],[4032880.2457,2406779.96],[4032728.9286,2406675.7657],[4032042.2114,2406491.6086],[4031576.6171,2406225.5229],[4031529.8829,2405749.86],[4031692.54,2405239.4543],[4032529.8057,2404765.1457],[4033506.6714,2404919.1543],[4034250.9229,2404578.24],[4035251.0486,2404732.3143],[4036541.8371,2404026.7457],[4038146.6943,2403827.6743],[4038436.3714,2403856.6629],[4038984.0114,2403911.4657],[4039821.3257,2404041.8143],[4040216.7257,2404054.5543],[4040909.8229,2403830.8314],[4041379.5143,2403180.46],[4041984.0771,2402380.5086],[4043042.28,2401732.4657],[4043553.9343,2401396.7886],[4044112.0657,2400898.6114],[4044379.6429,2400387.6829],[4044449.1543,2400254.9486],[4044840.5686,2399999.4657],[4045241.4857,2399550.6743],[4045351.9886,2399426.9771],[4045637.88,2398306.4171],[4046450.38,2397314.8314],[4046473.3657,2397286.78],[4046485.4257,2396795.5686],[4046488.5457,2396668.5057],[4046719.9057,2396499.5914],[4047097.8657,2396150.9257],[4047840.8029,2395969.5857],[4048243.1143,2395381.7514],[4048064.8429,2394855.7314],[4048235.0143,2394499.9114],[4048153.4343,2394315.7114],[4047909.5486,2393765.0543],[4047429.2971,2393304.9257],[4046770.9857,2393406.0886],[4046509.5057,2393484.1571],[4046406.9514,2393514.7657],[4046058.3571,2393398.9086],[4045701.8971,2392930.9543],[4044818.68,2392219.5314],[4044105.9743,2391871.7314],[4043927.7486,2391639.6886],[4043616.4743,2391052.5743],[4043540.2029,2390908.6657],[4043490.82,2390769.1571],[4043132.0771,2389755.5314],[4043036.1543,2389484.9857],[4043012.1486,2388718.9429],[4043599.5429,2387941.4],[4044303.3257,2387794.6886],[4044821.4686,2387996.2771],[4045471.0343,2387640.5457],[4046050.9629,2387242.2114],[4046475.6057,2386182.1829],[4046892.9314,2385586.44],[4048218.0743,2384862.2],[4048255.6143,2384771.3143],[4048546.3171,2384050.1743],[4048597.1057,2383879.0286],[4048769.0457,2383306.3143],[4048864.2286,2382574.1971],[4048772.7457,2382028.0229],[4048518.3971,2381528.3914],[4048054.5971,2381238.1657],[4048028.4057,2381236.6029],[4047931.4714,2380971.4829],[4047879.6571,2380174.8],[4047694.4171,2379608.3286],[4047750.32,2378785.6314],[4047757.8143,2378669.58],[4046993.6629,2378126.9543],[4045918.8457,2378134.1086],[4044630.7543,2378531.1457],[4044408.6029,2378353.2714],[4044247.3943,2377215.9543],[4043874.2486,2377015.68],[4043128.0657,2377183.0057],[4042417.4371,2377110.8943],[4041795.2886,2376479.64],[4040249.5371,2375895.9514],[4040248.3829,2375896.3343],[4039895.0743,2375410.8257],[4039703.7457,2375169.3943],[4039694.4171,2375157.62],[4039015.6543,2374998.7943],[4038376.9314,2375375.64],[4038119.66,2376111.7571],[4038061.1486,2376946.7314],[4037726.1771,2377300.1943],[4037237.5286,2377346.62],[4036376.5771,2377043.9229],[4035829.7543,2376462.0314],[4034957.1629,2375542.64],[4034929.0286,2375500.4229],[4034436.6429,2375219.9571],[4034398.4314,2374715.82],[4034046.0857,2374622.0943],[4033932.5229,2374591.8857],[4033419.0486,2374895.5714],[4033326.0,2374910.2943],[4032582.32,2375027.9743],[4032182.9371,2374728.1914],[4032353.8629,2374347.6829],[4032011.4286,2373738.8457],[4032087.2086,2373073.0029],[4032206.7657,2372994.2914],[4032752.2286,2372635.1743],[4032999.2086,2372359.2514],[4033103.5114,2371717.1829],[4033587.8486,2370794.4286],[4033872.7086,2370119.0314],[4033672.8743,2369534.0171],[4033679.48,2369437.6486],[4033701.5,2369116.8486],[4033711.0971,2368977.12],[4033126.1314,2368279.1114],[4032665.7343,2367979.98],[4032075.7143,2367685.3943],[4031405.3,2367526.2943],[4030381.6086,2367480.48],[4029158.3057,2367778.2857],[4028392.3943,2367964.7457],[4026147.2629,2368664.4543],[4025670.3686,2369456.2343],[4025666.8886,2369457.1457],[4025366.7829,2370067.4457],[4024863.02,2370134.14],[4023984.8286,2368731.5571],[4023983.3114,2368730.0143],[4023739.0314,2368834.6914],[4023041.1171,2369462.8486],[4022517.6629,2369648.94],[4021563.8029,2369311.4457],[4021075.2371,2369317.2143],[4020937.2829,2369396.5829],[4020226.0829,2369805.7543],[4020051.6057,2369654.4857],[4019679.4343,2368909.8114],[4019563.1114,2368874.8943],[4019074.5571,2369130.7943],[4018597.6257,2369270.3571],[4018178.9286,2368479.1371],[4018027.7057,2368455.8543],[4017923.02,2368572.18],[4017690.3743,2368711.7629],[4017329.7686,2368851.3343],[4016573.6657,2368566.2171],[4016422.4429,2368577.8371],[4016073.5057,2368089.1371],[4015794.3371,2367844.78],[4015410.4857,2367530.6057],[4015375.62,2367274.6257],[4015445.4886,2366844.1143],[4015620.0914,2366285.6114],[4015364.2114,2365890.0029],[4015306.0771,2365634.0229],[4014887.3257,2365261.6686],[4014689.5829,2365087.1286],[4014515.1286,2364755.5143],[4014515.5229,2364741.7857],[4013894.0829,2363781.5114],[4013887.7257,2363402.1714],[4013881.6457,2363039.7143],[4013563.8629,2362410.1],[4013956.5057,2361091.6771],[4014324.1914,2360617.8857],[4014676.4743,2360327.4486],[4014997.1743,2360062.8143],[4015495.6486,2360243.1314],[4016473.9086,2360245.5057],[4016853.9771,2359852.5029],[4017202.8886,2359415.8686],[4017523.98,2359377.96],[4017707.5971,2359356.2829],[4017938.1371,2359206.5143],[4017935.3171,2359203.7371],[4017931.3514,2359199.8143],[4017105.32,2358382.6257],[4016614.5457,2357752.3343],[4016119.1543,2357289.4286],[4015676.0143,2356875.3457],[4014942.0914,2356805.9629],[4014150.38,2355921.4114],[4014140.5029,2355910.3743],[4013855.0857,2355323.8686],[4013283.1,2354930.4943],[4013226.1971,2354930.4314],[4012990.6829,2354929.7286],[4012622.3343,2354460.3486],[4012617.4686,2354454.1457],[4012016.38,2354037.4486],[4011749.4057,2353391.6371],[4011680.0629,2352868.0086],[4012157.5714,2352542.1571],[4012343.9429,2352367.6],[4012332.5229,2352123.2429],[4012181.4771,2351948.6914],[4011611.92,2351785.7171],[4011565.4914,2351669.3514],[4011554.48,2350959.5486],[4011671.3914,2350319.5629],[4011788.4114,2349551.5771],[4011742.0629,2349342.1257],[4011195.7971,2349039.5314],[4011091.3029,2348818.4457],[4011150.0771,2348131.9114],[4011297.0943,2347754.72],[4011313.3657,2347255.9714],[4011180.58,2347027.9],[4010981.2686,2346885.34],[4010554.1171,2346714.2457],[4010402.4571,2346334.1314],[4010249.7114,2345864.9486],[4010275.8,2345549.1714],[4010846.1543,2345574.08],[4011415.5229,2345180.0829],[4011578.4829,2344881.16],[4011585.6114,2344868.0857],[4011604.2286,2344833.9343],[4011950.4571,2344198.8429],[4012570.32,2344115.3629],[4013173.3771,2344321.4714],[4013348.8771,2344657.4914],[4013171.0314,2345421.8771],[4013488.32,2346186.3],[4013965.7886,2346203.4371],[4014437.9314,2346364.3314],[4014568.2771,2346233.7457],[4014933.1057,2345447.5743],[4014946.7714,2345406.3229],[4015363.5457,2344148.0829],[4015628.7457,2343076.5229],[4015574.6171,2342763.2029],[4015263.8229,2342431.0171],[4014056.7,2341378.5171],[4013179.6743,2340216.3714],[4013119.3829,2340063.8029],[4012885.2771,2339858.8686],[4012682.2686,2339682.1057],[4012344.76,2339666.7171],[4011551.1657,2339292.64],[4011390.5029,2339134.1],[4012066.0171,2338659.1171],[4012098.24,2338546.7229],[4012197.7914,2338199.4686],[4012211.4543,2338193.8943],[4012852.7171,2337930.6086],[4013365.3486,2337596.1743],[4013625.3371,2337426.5629],[4013665.2914,2337389.68],[4013685.3543,2337371.1543],[4013952.8829,2337124.1857],[4013902.8286,2336422.9886],[4013609.4457,2335574.8171],[4013019.8571,2335128.1857],[4012831.12,2334755.1257],[4013408.7829,2334503.7943],[4013845.5,2334142.6029],[4014066.2286,2333877.7514],[4014181.4714,2333739.4686],[4014340.2257,2333726.0314],[4014979.2171,2333671.9457],[4015709.8457,2333197.3],[4016045.8971,2332584.24],[4015869.8743,2332055.18],[4015509.1743,2331694.0143],[4014796.0343,2331853.1543],[4014528.9286,2331622.8486],[4014494.04,2331592.7657],[4014435.4486,2331219.0714],[4014645.4971,2330799.1714],[4014721.6114,2329497.5543],[4015074.5857,2328552.8029],[4014923.7686,2327956.5686],[4014974.32,2327528.2914],[4014924.1829,2327016.04],[4015411.3229,2326495.3057],[4016137.8171,2326358.1057],[4016286.64,2326329.9971],[4016396.9829,2326309.1686],[4016503.0543,2326289.1429],[4016804.4971,2326093.0343],[4016826.9371,2325687.6943],[4016915.1257,2325247.7743],[4017165.1486,2324841.6629],[4017452.8857,2324374.2943],[4018351.6571,2323622.4486],[4018822.2029,2322849.7571],[4019250.6771,2322270.2171],[4019729.4514,2321892.18],[4020191.3657,2321799.6029],[4020443.58,2321115.1371],[4020956.0657,2320426.4057],[4020897.5657,2319972.9114],[4021124.7571,2318986.1229],[4021070.5714,2318471.3771],[4021049.6143,2318272.2857],[4020630.24,2317911.0686],[4020051.4086,2317835.2171],[4019766.24,2317574.8086],[4019716.0171,2317327.0629],[4019531.4714,2317243.02],[4019137.1943,2317309.9571],[4018818.56,2316822.82],[4018536.7229,2316499.0343],[4018525.14,2314888.1429],[4018580.6114,2314208.3371],[4018525.8886,2313546.9057],[4018250.7971,2312958.9343],[4017645.2314,2312499.4486],[4016690.9314,2312021.4371],[4016397.3629,2311690.6629],[4015975.6829,2310551.4886],[4015810.98,2309540.96],[4015884.8457,2308806.0371],[4015958.6,2308273.2143],[4015811.8457,2308034.34],[4015371.4057,2307795.3514],[4012955.2286,2307361.44],[4010139.2829,2306857.4971],[4008798.8143,2305094.5914],[4008743.7429,2304470.2314],[4009037.5743,2303882.5971],[4009735.4114,2303001.1457],[4010671.9771,2302046.2371],[4011296.3543,2301440.2371],[4011351.4486,2301183.1486],[4011149.4686,2300705.6943],[4010837.3,2300338.4257],[4010616.9457,2300264.9686],[4010176.2371,2300264.9657],[4009680.4371,2300338.4143],[4009147.9143,2300393.5],[4008688.84,2300411.8571],[4008266.4943,2300264.9486],[4008046.1457,2299934.4029],[4007844.1629,2299438.5886],[4007825.8114,2298979.4971],[4007826.5029,2298977.7029],[4007772.0429,2298628.4057],[4007943.3886,2297623.8429],[4008332.76,2297366.8571],[4008338.9543,2297344.5629],[4008449.58,2296946.3457],[4008083.5971,2296432.38],[4007258.1743,2295941.7771],[4007074.9829,2296096.0457],[4006666.3629,2296440.1543],[4006136.8457,2296486.8714],[4005724.1343,2296444.04],[4005155.6829,2296669.8629],[4004540.5029,2296786.6657],[4004393.0029,2296287.9143],[4004376.9857,2296233.7657],[4004322.4971,2295447.2457],[4004143.4086,2294684.0914],[4003380.2829,2294376.4857],[4002889.7,2294018.2686],[4002430.2657,2294181.7971],[4002196.6657,2294812.5571],[4001612.6429,2295271.9971],[4001577.6914,2295319.4629],[4000927.3971,2296202.5629],[4000553.6229,2296615.28],[4000210.9971,2296311.5714],[3999759.3486,2296257.06],[4000111.9829,2295366.0429],[4000483.6086,2294427.04],[4000616.0143,2293765.12],[4000678.3229,2293235.5829],[4000024.2143,2292935.7686],[3999447.9743,2293216.1029],[3998972.9657,2293029.2029],[3998381.1514,2292624.26],[3998383.2114,2291985.1257],[3998373.2629,2291914.3029],[3997717.34,2291606.4029],[3997074.6457,2291110.5857],[3996633.9429,2290431.1343],[3996285.0686,2289366.0457],[3996230.0029,2288502.9629],[3996266.7486,2287694.9657],[3996652.4057,2286703.3343],[3997074.7829,2286115.6971],[3998340.5114,2284589.9314],[3998415.3629,2284499.7029],[3998794.46,2283804.7229],[3999651.8457,2284078.4],[4000072.5686,2284570.2771],[4000663.2771,2284874.2829],[4001182.3686,2284695.2257],[4001723.3657,2284381.4429],[4002077.3886,2284176.1057],[4002363.8543,2283800.2571],[4002757.6829,2283478.0771],[4003428.9086,2283401.8714],[4004198.5857,2283580.6],[4004941.44,2283222.5571],[4005344.2543,2282784.0571],[4005326.6914,2281960.82],[4005121.3486,2280940.72],[4004924.6857,2280627.52],[4004540.1714,2280488.7543],[4004629.7543,2280193.46],[4005068.2971,2280050.2114],[4005417.4286,2279575.9286],[4005587.6343,2279030.0829],[4006187.5343,2277902.5686],[4007046.8657,2276958.4514],[4008156.7286,2276152.9743],[4008613.32,2275428.1343],[4008873.0,2274886.7514],[4009544.2314,2274680.8257],[4009964.8857,2274877.5257],[4010215.5657,2274465.8914],[4010663.0829,2274179.4886],[4010886.9543,2273678.3743],[4012157.8943,2272904.18],[4012712.8743,2272322.4943],[4013008.3571,2271731.8943],[4013047.9257,2271618.6886],[4013205.4086,2271168.1457],[4013706.6286,2270850.4171],[4013966.2257,2270537.2086],[4014288.4343,2270349.2514],[4014503.3314,2269928.6714],[4014485.6486,2269400.7257],[4014154.9343,2268765.3857],[4015515.3543,2268026.96],[4015953.8914,2267973.1743],[4016267.2,2267588.3743],[4016929.4829,2267436.1257],[4017547.0086,2267364.4086],[4018039.28,2267037.7371],[4018352.5257,2266930.3029],[4018916.46,2266312.8229],[4018863.0743,2265596.9629],[4018923.5457,2265123.2029],[4018925.8943,2265104.8114],[4019072.4286,2265054.9743],[4019373.3857,2264952.6143],[4019382.24,2264941.8771],[4019856.78,2264366.46],[4020170.2057,2263650.5886],[4020392.6257,2263489.9657],[4020492.4229,2263417.8971],[4020698.4429,2262800.4571],[4020744.3571,2262759.9086],[4021235.4943,2262326.1457],[4021466.7571,2262142.4],[4021736.7314,2261927.8914],[4022381.1371,2261587.7657],[4022569.1629,2261247.72],[4022610.3857,2261058.3971],[4022842.5371,2260901.5486],[4022970.2143,2260041.8657],[4023002.5714,2258736.42],[4022080.7543,2255584.2229],[4021702.2886,2254541.9514],[4021444.3286,2253833.5286],[4021444.1286,2253165.3629],[4022080.5,2252497.32],[4022557.6829,2251606.4914],[4023607.66,2250333.9714],[4024147.9029,2247343.16],[4024816.1743,2247534.48],[4025547.9771,2248426.3286],[4026152.2029,2246549.1486],[4026518.1057,2246119.6743],[4027345.3571,2245101.6571],[4027331.2257,2245059.7343],[4027370.7371,2244504.4943],[4027615.5629,2244155.64],[4028142.04,2243959.9429],[4028227.5886,2243341.7314],[4028251.9514,2242904.0886],[4028809.02,2242543.0971],[4029261.8371,2241484.2229],[4029825.0,2240979.3686],[4030487.22,2240805.0514],[4030494.9943,2240807.0714],[4030502.3743,2240801.0629],[4031354.14,2240107.2829],[4031417.6429,2239566.3857],[4032053.9143,2238484.6771],[4032499.4057,2238166.6114],[4033383.86,2237341.3514],[4033453.9857,2237275.92],[4036381.0971,2233331.02],[4037262.6829,2233268.4486],[4037704.5257,2233710.7657],[4037840.78,2234427.5943],[4037726.8286,2235167.1743],[4038170.2314,2235269.7429],[4038738.7,2235292.7543],[4039682.3371,2235645.7829],[4040421.3086,2236089.7257],[4040773.7486,2235942.06],[4041217.1571,2235942.2686],[4042109.8429,2235795.7514],[4042123.9257,2235804.0457],[4042363.2257,2235944.9886],[4043095.1486,2236104.5057],[4043032.8286,2235638.4029],[4043031.3314,2235627.26],[4041214.4314,2233753.6371],[4040289.7371,2232387.68],[4039571.88,2230814.9486],[4040525.9371,2230625.6257],[4041320.9571,2230372.4029],[4041925.0486,2229896.24],[4042878.6171,2228752.8371],[4044054.8886,2227641.4943],[4045295.0657,2227070.8543],[4045867.4686,2226849.0886],[4046130.8829,2226840.7514],[4046821.5371,2226818.8914],[4047807.4057,2226947.9286],[4050731.8257,2223644.9571],[4050508.7229,2223454.4714],[4050508.3629,2223073.1343],[4050762.7514,2222946.2943],[4051150.0571,2223011.5829],[4051283.9314,2222166.4857],[4050452.5943,2221643.1971],[4050003.0857,2220804.8771],[4049839.8457,2219785.3371],[4049113.1057,2218585.0829],[4049007.3086,2217741.8114],[4049096.2086,2217493.5886],[4049188.1571,2217236.8514],[4048289.8714,2216561.0886],[4047506.3343,2216114.0229],[4047419.7457,2215394.6229],[4047743.7114,2214889.7714],[4047370.9429,2214489.8229],[4047265.3086,2213822.8343],[4047264.6371,2213108.1914],[4047405.4,2212425.8629],[4047424.02,2212416.2371],[4048010.4371,2211939.1286],[4048074.3,2211655.6143],[4048083.2171,2210988.6143],[4048463.0114,2210014.66],[4048616.9314,2209620.4029],[4049552.8257,2208999.1657],[4049963.6514,2208206.2886],[4049934.2229,2208043.9286],[4049849.3886,2207575.8543],[4049744.5371,2207255.8543],[4049685.16,2207223.6257],[4049285.3257,2207007.3286],[4048787.4286,2206586.9057],[4048937.6543,2205931.1429],[4048966.86,2205803.6686],[4049480.6657,2205364.14],[4049459.1914,2204366.0086],[4048953.7514,2202568.1457],[4048900.6457,2202379.2457],[4049271.08,2201715.3514],[4049365.2314,2201180.46],[4049125.3057,2200693.2971],[4049114.5971,2200206.1714],[4049811.0743,2200036.8857],[4049872.8257,2200118.1943],[4049990.7371,2199993.0629],[4050091.6543,2199885.9657],[4052383.2114,2200360.0],[4052733.2486,2200995.5771],[4052794.9971,2200906.2],[4053019.66,2200581.0143],[4053735.8229,2200178.68],[4053815.3229,2200134.0171],[4054260.8257,2199304.9886],[4054419.8543,2198476.1086],[4055024.5314,2197870.0314],[4055342.74,2197232.3343],[4055215.2143,2196020.9143],[4056488.2857,2195414.0171],[4056551.8514,2196017.94],[4057283.8771,2195889.5143],[4058015.8343,2194964.64],[4058588.7171,2195186.5571],[4059225.2571,2195376.5771],[4059766.3229,2195343.9429],[4059543.4029,2194833.8057],[4059797.92,2193973.0114],[4060625.3857,2193239.24],[4061134.5657,2192537.6486],[4061007.1114,2191772.5314],[4061261.6657,2191166.7486],[4060179.1486,2190337.1],[4059956.1686,2189412.56],[4060433.5657,2189125.2514],[4061961.2743,2189154.8286],[4062820.5829,2188612.18],[4063234.2686,2187878.8],[4064316.3971,2187813.5371],[4064443.5943,2187016.5429],[4063392.8343,2185485.8543],[4063329.0743,2184912.0229],[4063507.58,2183469.5],[4064135.0743,2183470.12],[4064819.6029,2183185.5943],[4065133.2857,2182387.72],[4064106.0943,2180421.6286],[4064197.9543,2180065.7257],[4063837.6029,2180207.4057],[4063229.7257,2180076.6029],[4062934.3086,2180013.0343],[4062882.9229,2180175.1886],[4062159.7686,2180589.8257],[4060374.8057,2181160.4114],[4059267.8371,2181104.8229],[4058409.9429,2181336.4886],[4057718.2143,2182180.6],[4057005.6914,2182879.3943],[4056639.0143,2182761.6657],[4056099.4943,2181986.3514],[4056141.2457,2181266.4486],[4056468.3286,2180747.5657],[4056619.06,2180508.4457],[4056508.7686,2179117.0971],[4056107.7429,2177999.1543],[4055360.5429,2178151.2571],[4054205.1714,2177694.24],[4052821.4771,2177261.4],[4052226.5857,2176548.3771],[4051368.7257,2176046.4229],[4050496.6914,2175907.1829],[4050413.9686,2175893.9714],[4049729.2829,2175584.6543],[4049417.7257,2175443.9029],[4049424.8429,2174820.9114],[4050137.9886,2174152.86],[4050463.7229,2172740.7371],[4050464.0886,2171581.28],[4050090.5486,2171152.08],[4049781.4029,2170976.76],[4049675.5257,2170916.7286],[4049759.1057,2170335.5086],[4049988.2,2169581.3114],[4050570.2514,2170100.5314],[4051346.4029,2170052.6571],[4051448.02,2169937.4057],[4051632.7029,2170107.0114],[4051940.5314,2170199.7029],[4052125.2343,2170169.0943],[4052309.8857,2169876.9029],[4052556.1514,2169861.7486],[4052756.1857,2170216.2629],[4052910.0886,2170339.6314],[4053602.7029,2170094.0086],[4053679.5571,2169678.7229],[4053910.42,2169540.42],[4054218.2543,2169479.1429],[4054387.5257,2169233.0943],[4054525.9543,2168802.44],[4054664.4429,2168571.7629],[4054849.1143,2168371.8743],[4054910.6371,2168171.9286],[4055095.3229,2168018.2029],[4055156.84,2167802.8743],[4055202.9771,2167633.6857],[4055218.3429,2167526.0171],[4055249.1086,2167449.1171],[4055264.4743,2167341.4486],[4055372.1857,2167172.2857],[4055387.5257,2166987.7143],[4055387.4657,2166787.7571],[4055372.0143,2166603.1829],[4055325.7629,2166403.2314],[4055310.2029,2165849.5057],[4055156.1457,2165588.0657],[4054817.3086,2165372.9114],[4054185.84,2165004.1171],[4053862.3543,2164573.5514],[4053677.4457,2164096.7686],[4053199.9629,2163650.9143],[4052506.88,2163205.2286],[4052158.1114,2162599.1657],[4051404.5029,2162509.9429],[4051020.2171,2161983.3543],[4050758.3171,2161702.5829],[4050426.3171,2161169.0543],[4049881.8429,2160821.8229],[4049517.8886,2159932.7029],[4049422.2257,2159488.5343],[4049419.1771,2159490.4886],[4049233.7143,2158843.2],[4048817.5343,2158658.0143],[4048493.8629,2158719.2857],[4048293.2114,2158287.7371],[4048262.2343,2158118.2143],[4048000.1543,2157917.7486],[4047922.8829,2157655.7486],[4048122.4743,2157162.56],[4048183.7286,2156854.3371],[4047952.5,2156715.5114],[4047890.5686,2156391.8743],[4047705.3629,2156006.56],[4047751.2086,2155682.9286],[4048012.6086,2155497.8686],[4048073.88,2155205.0514],[4047935.0686,2155020.0743],[4047996.2114,2154603.9771],[4047980.5543,2154357.3971],[4047579.8029,2154218.4286],[4047317.4057,2153648.1686],[4047024.1114,2152985.4371],[4046638.7029,2152707.8514],[4046376.2914,2152122.1829],[4046191.1029,2151752.2771],[4046273.5543,2151465.4971],[4045847.7571,2150951.32],[4045171.7086,2150744.1143],[4044182.5029,2150668.2229],[4043233.0514,2151002.3229],[4042666.3,2151711.78],[4042671.14,2152344.5743],[4042417.5029,2153138.6171],[4041825.9571,2152904.1714],[4040980.9057,2152980.0571],[4040145.7657,2153505.52],[4039608.9057,2153340.7543],[4039298.0457,2153374.8657],[4038450.22,2153814.3343],[4036659.7714,2155056.5943],[4035868.8371,2155213.6543],[4035055.4886,2154776.7857],[4034568.9229,2155146.2314],[4034314.5343,2156458.5229],[4033227.9914,2156575.12],[4031789.3086,2156413.34],[4029817.7857,2156730.2743],[4029551.36,2156623.3343],[4028379.0971,2156461.9143],[4028074.1829,2156178.2943],[4027889.2457,2156006.2743],[4027633.0629,2155767.9829],[4027324.6657,2154821.5286],[4026833.4257,2153313.9143],[4027685.6143,2153099.6314],[4028324.76,2153098.7657],[4028963.88,2153523.9143],[4029496.4629,2154002.4],[4029762.7143,2153522.1971],[4029123.2457,2152881.6943],[4028909.9914,2152134.8143],[4028909.5686,2150107.6886],[4029335.5257,2149094.0057],[4029175.5771,2148507.1771],[4028269.6657,2147599.7971],[4026830.94,2146745.1571],[4026564.2457,2145198.1057],[4027362.9629,2143544.1486],[4027149.7286,2142903.9543],[4026403.6486,2141943.3914],[4026083.5171,2139596.16],[4026061.3486,2139271.5686],[4025162.5229,2139235.12],[4024680.08,2139073.8743],[4024340.6686,2139359.8514],[4024019.0229,2139341.8],[4023429.3486,2139198.3914],[4023232.8,2139269.8343],[4022893.3057,2139144.4371],[4022571.6571,2139144.2743],[4022321.4971,2139072.5886],[4021731.8114,2139125.9514],[4021553.1829,2139286.82],[4021517.8857,2139751.6629],[4021357.2171,2140019.82],[4021357.6229,2140413.1514],[4021214.7686,2140609.7886],[4020499.9971,2140645.2029],[4020071.2343,2140949.0286],[4019785.3571,2141091.9657],[4019781.1514,2141142.5543],[4019626.3429,2143004.9743],[4018143.2771,2142485.4343],[4017231.94,2142502.86],[4016928.5971,2143164.3343],[4016929.4971,2144040.3857],[4016733.6743,2144934.3086],[4016162.1943,2145631.4714],[4014214.4886,2146077.6486],[4012928.0371,2145468.7429],[4011650.6857,2146389.1571],[4010060.5,2145601.1971],[4009202.8229,2145314.5343],[4009098.9571,2144493.8543],[4009096.3429,2144473.3971],[4008595.4229,2144169.4571],[4008577.4971,2143829.68],[4007951.2514,2142381.18],[4007575.5229,2141701.6457],[4007074.5943,2141290.3971],[4006484.2286,2141004.3629],[4006197.9886,2140825.5714],[4005786.5229,2140772.0171],[4005840.1543,2140485.8886],[4005205.0143,2139511.3057],[4005974.0057,2138098.5914],[4005973.9143,2137275.9714],[4005273.5743,2136891.0371],[4005258.3171,2136882.6486],[4004220.7029,2136417.8629],[4003576.6629,2136060.2971],[4003022.0514,2135434.4429],[4003019.0029,2135433.9857],[4002258.2543,2135114.9114],[4002239.4286,2134711.2229],[4002753.9914,2134352.9829],[4003379.5229,2134075.6343],[4004264.78,2132653.9914],[4005051.7229,2131956.6429],[4005874.4543,2131491.8029],[4006157.0971,2131418.9343],[4007056.04,2130923.7971],[4007414.7943,2130669.2771],[4007638.1714,2130510.8029],[4007638.0571,2129487.5057],[4007196.64,2129093.26],[4005872.4286,2129473.9257],[4005421.6171,2128976.4057],[4004871.1857,2128351.6629],[4004567.86,2127826.6657],[4004898.7314,2127495.86],[4005041.7429,2126691.1257],[4004898.5686,2126065.22],[4004969.9486,2124509.3886],[4004272.2429,2124151.8371],[4003395.6429,2123937.4171],[4002769.4943,2124259.5771],[4002161.2057,2125011.1114],[4001266.72,2124850.3571],[3999960.7571,2125387.3543],[3999048.2743,2123724.2829],[3998296.9057,2123760.2543],[3996731.4743,2122034.6886],[3997035.5086,2121605.52],[3996892.2257,2119996.0429],[3995085.3171,2118655.0429],[3995174.72,2118315.2686],[3995550.26,2117510.5486],[3995621.7371,2116830.9943],[3996542.7571,2115302.0543],[3995916.5886,2114658.3257],[3995443.38,2113846.0257],[3995231.9029,2113629.5429],[3995081.2286,2113142.0143],[3995446.9229,2112587.1229],[3996063.66,2112460.4514],[3996056.12,2111954.9771],[3996262.1286,2111415.6743],[3996272.06,2110305.7686],[3996272.1886,2110291.4371],[3996596.6543,2110132.1571],[3997028.8029,2109920.0143],[3997019.78,2109905.9914],[3996037.3829,2108379.5771],[3994982.0286,2106499.6314],[3995464.08,2106018.76],[3993697.3857,2103229.9829],[3994925.2143,2102000.8457],[3995214.1486,2101720.6257],[3992915.6171,2098564.2371],[3991721.5857,2096994.9429],[3991254.5543,2096277.6457],[3991179.7143,2094336.56],[3991054.9714,2092876.7286],[3990241.9286,2091457.0143],[3989411.3086,2090551.38],[3989349.2914,2090482.5914],[3988860.9743,2090090.2686],[3988605.5143,2089885.7543],[3988584.0829,2089868.84],[3987322.8314,2089782.68],[3983945.9743,2089768.7086],[3981952.3971,2089841.3857],[3981618.4257,2089855.8171],[3980235.7829,2089929.5029],[3980047.5971,2089975.4886],[3978025.5829,2090469.62],[3976796.6829,2091044.5229],[3975363.8371,2091498.9371],[3974340.7743,2091667.2114],[3972938.1457,2091413.6543],[3972826.5629,2091393.4857],[3970571.56,2090423.6229],[3966850.6943,2088774.4486],[3966846.3829,2088772.5343],[3966964.9743,2083394.8914],[3967400.4429,2082471.3943],[3967746.6171,2081737.2629],[3969023.5114,2078785.8286],[3969686.3657,2076683.3714],[3970122.2629,2075466.8829],[3970260.1486,2075080.6086],[3970800.14,2073084.1486],[3970793.32,2073081.0029],[3971004.9086,2072398.82],[3971201.9857,2071165.6657],[3971468.7371,2069453.02],[3971470.5943,2069441.1429],[3971519.3629,2069139.1743],[3971551.7629,2068330.3371],[3971572.2114,2067675.1457],[3971556.1543,2067473.0571],[3971495.2743,2066706.8743],[3971456.7514,2066491.8686],[3971359.2,2065928.6486],[3971070.2657,2064929.5486],[3970580.6971,2063601.1971],[3970408.4486,2063171.42],[3969972.6629,2062108.7143],[3969952.1657,2062053.0029],[3969761.6086,2061521.5971],[3969761.1914,2061520.4314],[3969749.3971,2061487.54],[3969666.5886,2060817.9857],[3969650.4571,2060710.8086],[3969501.8371,2059279.28],[3969278.2314,2058355.9457],[3968862.8286,2056616.9914],[3968306.8,2054832.2543],[3968222.1943,2054608.1343],[3967954.2114,2053881.6314],[3967791.54,2053432.6829],[3967274.3543,2052113.3314],[3966702.4829,2050879.7686],[3966238.4457,2050005.28],[3965603.9371,2048927.7114],[3965059.1857,2048047.5],[3964582.9657,2047284.8371],[3965503.7143,2046568.8257],[3966541.4743,2045707.8343],[3966876.3457,2045430.0057],[3967342.72,2045042.8914],[3968412.0543,2044155.2857],[3970581.1114,2042328.7114],[3971560.4029,2041504.0429],[3974104.8686,2039135.5257],[3974156.4086,2039087.5486],[3975986.04,2037195.78],[3978637.28,2034282.1743],[3978764.7029,2034133.5943],[3979493.4829,2033283.8143],[3979522.4486,2033250.04],[3980939.2514,2031598.0],[3982143.2514,2030206.1257],[3983185.2514,2028912.1257],[3984284.0,2027406.0],[3984695.4286,2026798.5114],[3985125.7514,2026163.1257],[3985445.62,2025646.7543],[3985463.4,2025618.0543],[3985976.5,2024789.7514],[3986549.7943,2023795.7543],[3986722.7514,2023495.8743],[3987368.0,2022289.3743],[3988068.0,2020928.8743],[3988747.7514,2019489.0],[3988773.4143,2019438.6229],[3988773.4743,2019438.5057],[3989406.0,2018196.8743],[3989916.2514,2017028.8743],[3990334.2514,2015966.6257],[3990678.5,2014977.5],[3990683.0171,2014959.8229],[3990909.7514,2014072.5],[3990965.3257,2013779.8286],[3991023.2943,2013474.5514],[3991218.7514,2012445.2514],[3991326.5,2011628.2514],[3991372.5,2010652.2514],[3991348.7514,2009633.1257],[3991215.0914,2008415.0914],[3991071.4257,2007105.9029],[3990980.9486,2006281.3914],[3990893.8114,2005487.32],[3990864.7514,2005222.5],[3990777.2857,2004491.4514],[3990734.5229,2004134.0171],[3990698.7914,2003835.3543],[3990619.6314,2003173.7086],[3990304.9429,2000604.4229],[3989832.0857,1996541.6771],[3989487.7086,1993509.78],[3989328.26,1992066.9971],[3988917.82,1988095.4486],[3991257.9686,1986489.2886],[3993465.6571,1981072.94],[3993855.7057,1980116.0486],[3994105.62,1979502.9457],[3995236.0171,1976729.7857],[3997338.2314,1971572.5086],[3999632.76,1965943.4314],[4002420.7114,1959193.9286],[4001474.2314,1957417.8914],[4000626.0743,1955826.3486],[3999064.9029,1952896.8657],[3994232.7086,1953325.6257],[3994228.6029,1953325.9914],[3994158.8571,1953363.3257],[3992574.9657,1953510.6086],[3991724.48,1953585.9171],[3991659.7286,1953591.6514],[3988778.6086,1953846.7657],[3987951.9429,1953919.9657],[3986699.7029,1954025.9286],[3986165.96,1954071.0943],[3984654.2714,1954199.0114],[3983320.1429,1954311.9057],[3981862.76,1954439.2971],[3978660.7143,1954719.1886],[3978372.7029,1954715.92],[3978337.56,1954715.52],[3978329.4829,1954715.4286],[3977412.8229,1951359.1857],[3977016.6543,1949955.7543],[3976815.8686,1949244.4714],[3976801.0457,1949191.9629],[3976767.7514,1949075.02],[3976755.9629,1949033.6114],[3976433.0943,1947846.3914],[3976431.5943,1947840.8771],[3975449.8857,1944382.9114],[3975446.8114,1944372.0857],[3975074.2486,1942964.9],[3974520.4314,1940874.2657],[3973982.0829,1938915.8886],[3973936.28,1938749.2743],[3973900.9514,1938620.76],[3973798.02,1937252.4371],[3973779.4486,1937228.2657],[3973657.1114,1935838.54],[3973611.0714,1935315.4771],[3973450.5943,1933376.0457],[3973449.4429,1933362.1057],[3973438.3514,1933227.7943],[3973410.56,1932891.7686],[3972838.1914,1927328.6714],[3972844.1714,1927307.9571],[3974155.7829,1922765.2886],[3970363.5686,1920647.2343],[3958094.44,1913794.5914],[3956116.7057,1910550.5257],[3956111.5629,1910542.0886],[3944294.5457,1916926.8343],[3939728.7057,1919393.76],[3932313.5,1923916.8743],[3928756.7514,1925808.3743],[3927138.5,1926655.8743],[3925627.5,1927447.3743],[3924817.5,1927869.5],[3923161.7914,1928790.3914],[3921620.0229,1930245.0543],[3909791.2657,1941405.5143],[3909632.6743,1941555.1486],[3909497.48,1941682.7029],[3909660.8143,1941978.0314],[3909775.9857,1942186.2714],[3909872.2286,1942360.2886],[3910107.4086,1942785.52],[3909238.1286,1943900.5],[3908714.8286,1944571.7086],[3903547.2514,1951199.8971],[3901223.04,1954181.0429],[3897762.9343,1958619.1429],[3897584.0,1958856.8743],[3896399.7514,1960388.2514],[3895204.7514,1963419.3743],[3894660.52,1964811.6771],[3894442.5429,1965369.3314],[3894342.7514,1965624.6257],[3892789.7514,1969631.0],[3891991.5,1971314.6257],[3890227.5,1974867.7514],[3889138.7514,1977057.3743],[3888098.5,1979400.5],[3888138.2514,1979475.6257],[3888260.9171,1979703.7257],[3888227.7257,1979722.34],[3888231.6314,1979729.2686],[3882901.8829,1984377.6171],[3882610.9457,1984631.36],[3882637.4314,1984624.7743],[3868632.4857,1996941.4457],[3868387.9343,1996452.3429],[3867328.5314,1994333.5343],[3864670.4143,1996855.34],[3860103.9,2002512.3629],[3859325.5314,2003742.6914],[3857991.0371,2005852.0514],[3855196.6057,2010963.82],[3851856.9171,2018120.2943],[3851815.1714,2018251.76],[3847881.9486,2030638.4743],[3847252.5914,2032620.4829],[3845881.1629,2035743.5971],[3845696.8286,2036163.38],[3841299.6,2046177.0686],[3841288.7286,2046201.8286],[3841209.6286,2046320.7514],[3838742.1114,2050030.7771],[3835514.0943,2054884.2543],[3832947.2086,2059960.18],[3830790.7857,2064224.4286],[3830670.5457,2064460.9371],[3830667.7714,2064467.6857],[3830646.2371,2064520.0571],[3828961.32,2068617.7771],[3827326.8629,2074278.1057],[3826641.9,2077161.4657],[3825965.0229,2080010.7971],[3825964.9886,2080010.9457],[3825738.5629,2080964.0886],[3825133.4971,2086258.42],[3824282.6629,2089460.1429],[3824282.5857,2089460.4286],[3823682.7771,2091717.5229],[3823530.0886,2092292.0914],[3821941.7714,2098268.9886],[3821170.2429,2102184.9914],[3820805.4029,2104036.7771],[3820141.7,2107405.4914],[3819143.8686,2116430.68],[3819128.2143,2116572.2486],[3817739.2171,2119101.8029],[3817267.6371,2119960.6171],[3817087.9629,2120211.54],[3813758.2514,2124861.6543],[3810944.6943,2128189.52],[3808801.0086,2130711.5057],[3807491.5743,2132252.0143],[3807087.3943,2132727.5171],[3804122.5714,2136872.2229],[3803396.4914,2138657.1686],[3803290.6029,2141137.94],[3803653.6429,2143195.1657],[3804228.4571,2144859.1],[3806043.6571,2147279.3657],[3808221.8943,2149881.1486],[3810765.9229,2153294.86],[3811096.6629,2153738.6629],[3812956.54,2156234.3457],[3813228.7657,2157686.2114],[3813227.88,2157686.6743],[3811085.0343,2158805.2086],[3806262.9971,2161270.7943],[3802408.0686,2163241.8829],[3790929.7,2169110.9571],[3788362.2657,2170413.6914],[3769841.7314,2180912.2486],[3769807.7914,2180931.4886],[3762460.5457,2190601.7571],[3762460.3029,2190602.5029],[3761066.36,2194891.5543],[3756554.9514,2211040.0886],[3755967.3314,2213143.46],[3755720.7314,2214026.1629],[3755707.0686,2214075.0686],[3755440.4771,2220899.8543],[3755319.2886,2224002.2771],[3755939.7371,2231602.7971],[3756172.9857,2237643.9486],[3756438.2086,2244513.1686],[3756427.8143,2244499.2486],[3756427.8143,2252652.4714],[3756281.3543,2253184.1829],[3756274.9486,2253207.44],[3755712.4,2253564.9429],[3755712.4971,2253565.1029],[3755712.1229,2253565.34],[3756036.4114,2254073.4371],[3754296.86,2260388.7714],[3750868.8,2270394.9971],[3744846.5343,2283875.6143],[3742530.2771,2288925.0543],[3740222.0971,2295284.5686],[3739655.8457,2296844.7057],[3738083.0629,2301178.0514],[3736739.6343,2315191.4057],[3735720.48,2327259.1057],[3735223.78,2332567.5829],[3735200.6943,2332814.3171],[3734979.2771,2335180.7029],[3734191.7514,2348545.5057],[3734128.6143,2350471.1857],[3734006.4514,2354197.1714],[3734191.7514,2358157.9714],[3734469.7029,2360705.8543],[3735758.1829,2365568.8314],[3735905.78,2366125.8943],[3738407.3371,2372125.0],[3740816.2457,2375807.8486],[3744568.58,2380405.6171],[3748367.2429,2383914.7457],[3749780.16,2384841.2514],[3753157.0629,2387172.8],[3753157.2171,2387172.9057],[3753573.72,2387461.8657],[3760138.9543,2393512.9543],[3762757.1114,2395926.0743],[3768987.0743,2403237.8914],[3771996.8486,2407793.9086],[3787197.1286,2430803.2057],[3802385.5086,2453794.4886],[3806702.6743,2460329.5629],[3807912.5657,2464831.9429],[3810348.6657,2472997.3886],[3813704.7429,2479327.2057],[3817562.0943,2476767.92],[3823682.2686,2472742.3514],[3827655.1629,2470129.16],[3827656.0,2470128.6086],[3835548.7314,2481823.0857],[3837368.8829,2482997.3714],[3839717.4571,2483995.5171],[3841126.6057,2484641.3771],[3842183.4629,2484993.6629],[3843450.1029,2485198.4229],[3845096.3314,2485281.62],[3847566.0114,2484543.9943],[3849459.3429,2484216.7629],[3852093.4771,2484300.9971],[3853739.9743,2484877.6314],[3854047.5371,2485008.1429],[3854747.2457,2485305.1914],[3856454.4657,2486029.9657],[3857286.7629,2486634.0971],[3866643.3657,2493417.02],[3869865.0629,2494896.3029],[3870751.5171,2495303.3257],[3873791.5514,2496615.3943],[3874514.1771,2497021.2543],[3874952.2657,2497045.8914],[3874957.92,2497046.2143],[3876367.4857,2497126.6114],[3878112.8257,2497052.9771],[3879345.1143,2497005.7457],[3881265.5914,2497040.7286],[3883046.9029,2496602.24],[3884716.8857,2495718.6343],[3887138.3571,2494740.3057],[3887539.24,2494484.9114],[3888612.4829,2493803.9057],[3889835.9571,2493006.1086],[3891166.9114,2492266.5143],[3891193.8914,2492246.26],[3892034.0743,2491753.6286],[3893208.6,2491061.06],[3893685.4629,2491796.6],[3894041.0314,2492686.94],[3894125.9143,2492899.4886],[3893980.1657,2494434.0229],[3894872.1886,2495406.3143],[3895321.0971,2495895.6171],[3896713.8229,2497625.06],[3896782.8343,2497701.4543],[3897256.6686,2497505.0086],[3897708.5257,2497788.1686],[3897779.2571,2498127.4629],[3897864.0686,2498396.08],[3898059.2057,2498994.6343],[3898059.4343,2498995.3314],[3898663.6571,2499411.7457],[3898752.4886,2499430.5971],[3898752.5086,2499430.5971],[3897808.72,2500693.2543],[3898345.14,2500959.2514],[3899361.4914,2501209.5371],[3899900.1657,2501876.56],[3899996.7886,2501995.8829],[3899976.7686,2502095.4914],[3899813.5143,2502913.5743],[3900886.2743,2502900.7057],[3901323.8514,2503014.1286],[3901775.54,2502901.7686],[3902239.9457,2503071.4686],[3902255.5943,2503072.8371],[3902260.6657,2503073.2829],[3903312.8457,2502989.0114],[3903423.1486,2501372.9429],[3904007.2571,2501525.3657],[3906871.6971,2503859.2971],[3906175.3343,2504359.3543],[3905506.6829,2505165.3657],[3905311.2571,2506082.8286],[3905422.0543,2506916.8943],[3905755.6057,2507528.4571],[3906562.1571,2508028.4143],[3907591.3057,2508249.9286],[3908036.1943,2507720.3543],[3908091.4343,2507051.6343],[3908592.0229,2506661.2829],[3910539.08,2506436.4857],[3912180.1457,2506852.1343],[3914294.0857,2507142.0514],[3915657.0343,2507112.7343],[3916467.4486,2506877.0657],[3916268.4143,2506175.4343],[3916024.9257,2505470.7057],[3915750.2771,2504678.2314],[3915588.9057,2504211.2343],[3915660.4771,2504213.3829],[3915974.08,2504222.8],[3916452.5486,2504701.3486],[3916674.1571,2505284.9971],[3917035.8743,2505833.6086],[3917403.0114,2505866.9],[3917578.2143,2505440.8457],[3917672.4771,2505208.72],[3917930.8343,2504572.0086],[3918262.8343,2504264.58],[3918872.4514,2504262.8714],[3920673.5857,2504396.9629],[3921004.0657,2503671.08],[3920693.6343,2502749.8914],[3920214.9143,2501577.3857],[3919876.4971,2500628.2657],[3919427.8314,2500013.8257],[3919370.6714,2499678.8857],[3919480.2171,2499288.0914],[3919812.6571,2499175.7771],[3920948.5429,2498824.5314],[3922111.1143,2497957.6543],[3922801.5543,2496952.26],[3922970.8743,2496943.4886],[3922970.96,2496943.4857],[3922139.7686,2495855.2943],[3922580.4571,2495510.6286],[3923439.86,2495566.3886],[3923984.7914,2494892.1486],[3924009.2914,2494877.8914],[3924596.7029,2494544.0057],[3925147.7457,2494577.02],[3925676.8314,2494891.1457],[3926417.1286,2494573.6829],[3927013.6229,2494734.3429],[3927138.6571,2495366.8486],[3927117.9,2495545.6229],[3927784.1771,2495666.8829],[3928038.4343,2496532.6029],[3929352.0571,2496522.9171],[3930013.3057,2496844.9714],[3930601.8114,2496803.9886],[3931030.3686,2496812.8543],[3931707.1229,2496983.5629],[3932158.9714,2496551.3257],[3932850.7714,2496373.9343],[3933333.3857,2497042.9457],[3933852.5286,2497355.6114],[3933944.7857,2497926.4971],[3934337.0571,2498512.7657],[3934962.2771,2499177.6429],[3935030.0943,2499249.7629],[3935473.9943,2499517.2229],[3935550.8057,2499975.4371],[3935740.9743,2500666.5629],[3935980.0886,2501179.1029],[3936703.7657,2501498.3657],[3936840.3771,2501558.6343],[3937266.78,2501626.3714],[3937798.4943,2501706.7286],[3938569.5829,2501898.9743],[3939404.5714,2501665.2029],[3939531.6114,2501205.1114],[3939532.5257,2501201.7971],[3939678.8857,2501177.2829],[3940160.8886,2500479.94],[3940910.6429,2499299.8514],[3941928.4486,2498763.0543],[3942892.7171,2498440.7314],[3943321.1057,2497636.1571],[3943106.4743,2496992.5371],[3942248.5029,2496026.9],[3940854.5457,2495597.0543],[3940813.58,2495501.4886],[3940693.6114,2495221.6029],[3939942.9886,2494792.2114],[3939513.9,2493987.6371],[3940317.2143,2492753.9],[3940477.6971,2492003.0286],[3940101.08,2488195.0829],[3941118.9371,2488087.1229],[3941922.32,2487067.8886],[3942618.7486,2487174.5343],[3943582.8943,2486262.4629],[3943739.5886,2486153.7886],[3944279.2657,2485779.4943],[3945457.84,2485725.0057],[3946100.6257,2486260.2914],[3947868.4857,2486258.9514],[3950279.2,2486525.0714],[3951886.3429,2486684.6229],[3953386.2714,2487460.4257],[3954243.3771,2487030.9629],[3954264.8,2487042.6343],[3954832.6343,2487352.0057],[3954939.1371,2489119.2057],[3955849.6114,2490350.6657],[3957295.9429,2491260.4343],[3958795.9257,2491687.9857],[3959009.7714,2490347.1543],[3959598.8857,2489488.8886],[3960670.3086,2489327.2914],[3961045.2514,2489702.0371],[3962009.4629,2490344.2629],[3962652.32,2490290.1829],[3963187.8343,2489378.3114],[3965062.8314,2489055.3143],[3965491.32,2488572.4971],[3966991.3171,2488410.5743],[3967634.1371,2488785.1543],[3967097.9229,2489320.5029],[3968597.6143,2491087.2857],[3968382.8429,2492104.7514],[3967792.8771,2493122.1057],[3968060.3514,2494353.7686],[3967684.7886,2495371.1971],[3967416.3829,2496495.7571],[3968219.8057,2497379.1229],[3968165.9457,2498075.2914],[3967763.76,2498557.1429],[3967683.1943,2499012.3257],[3970039.9743,2501341.0714],[3971325.6857,2501500.8657],[3972986.4029,2501499.6057],[3974245.3086,2501927.3343],[3974459.3371,2502784.14],[3974164.3171,2503399.9314],[3974137.2086,2504203.2057],[3974645.9429,2505086.7],[3975503.0743,2505353.9829],[3975898.9114,2505624.9057],[3976052.5371,2505761.9257],[3976247.4229,2505935.7486],[3976512.3,2506251.7171],[3977037.3514,2507255.08],[3976940.8714,2508804.1429],[3976336.5457,2512011.2],[3976022.2371,2513366.6343],[3975586.9486,2514770.4857],[3974909.6743,2516125.9457],[3974329.1543,2517311.9743],[3973676.0286,2518401.1943],[3971522.8114,2519865.7657],[3970530.8886,2520640.3914],[3970194.0857,2521272.3086],[3970333.2143,2521439.2486],[3970326.4057,2522134.3686],[3970861.6971,2522662.7029],[3971501.2257,2522968.6371],[3971918.3343,2523371.8371],[3972210.2857,2523396.22],[3972210.4086,2524000.9743],[3971933.3457,2524208.8943],[3971598.9771,2524459.8114],[3970924.98,2524452.9943],[3970452.5943,2525325.3943],[3970716.8486,2526062.2286],[3971106.2171,2526847.7343],[3971891.7086,2526799.2371],[3972374.2571,2526542.4571],[3972426.9686,2526514.4086],[3972885.7571,2526643.0743],[3973084.9714,2526859.4571],[3973288.9686,2527081.0314],[3973789.4771,2527386.9371],[3974317.7829,2527637.2457],[3974769.6343,2527324.6086],[3975325.7486,2527022.4143],[3975612.0886,2526739.6057],[3975916.6543,2526438.7886],[3976590.9371,2526682.1743],[3976703.2514,2526898.64],[3977216.7,2527888.2371],[3977689.4543,2528562.5314],[3978273.3686,2528368.0543],[3978481.6371,2527820.4086],[3978537.6114,2527673.2171],[3979455.2514,2526787.3571],[3979802.8629,2526321.8314],[3980268.6,2526391.42],[3980769.14,2526947.5543],[3980998.6457,2527719.1457],[3981172.5857,2528647.1314],[3981244.1057,2528784.5829],[3982156.4229,2530537.9057],[3982736.8971,2531101.0],[3983557.1457,2531120.2714],[3984078.5286,2530637.3943],[3984276.6971,2530190.96],[3984450.5171,2529881.7657],[3984308.2171,2529051.42],[3984253.7857,2528470.3771],[3984240.6771,2528361.2114],[3984466.1771,2528260.8886],[3984574.2,2528212.6971],[3985034.4029,2528007.8743],[3986154.08,2528377.9229],[3986871.72,2529165.8629],[3988465.5743,2530368.24],[3988491.4543,2530387.7657],[3989265.5229,2530920.4086],[3990112.1171,2531695.0971],[3990862.0857,2532397.3514],[3991298.0371,2532059.3971],[3991466.5714,2531729.0029],[3991142.2457,2531201.3971],[3991507.5114,2530065.1029],[3991629.5314,2528401.2857],[3991663.9686,2528376.8286]]]}},{"type":"Feature","properties":{"CARUID":"5902","CARENAME":"Lower Mainland-Southwest","LANDAREA":36262.048},"geometry":{"type":"Polygon","coordinates":[[[4130403.4314,2186768.0543],[4131349.8429,2185914.8943],[4131589.9943,2185494.3286],[4132024.4657,2184727.7657],[4134401.8086,2179410.9743],[4135388.3857,2179024.7343],[4136547.6686,2178775.66],[4136885.0343,2177203.3571],[4140019.5343,2178231.3],[4140989.8171,2177585.5943],[4141404.0829,2177567.9457],[4141404.4571,2177583.1],[4141432.1114,2177605.48],[4141444.7829,2177631.32],[4141513.1857,2177666.8886],[4141539.0,2177666.7829],[4141560.9571,2177680.8],[4141586.14,2177673.0429],[4141645.5686,2177687.5629],[4141723.6886,2177633.5886],[4141786.0029,2177619.5914],[4141808.7171,2177605.3143],[4141851.24,2177569.2143],[4141876.4457,2177527.6857],[4141894.2257,2177512.6257],[4141971.0057,2177475.1886],[4141996.6829,2177472.6743],[4142005.0143,2177464.9143],[4142082.5771,2177479.8429],[4142162.3829,2177507.0886],[4142201.3486,2177489.7543],[4142208.88,2177475.3057],[4142174.8457,2177428.86],[4141259.6514,2176179.8343],[4140789.0771,2175161.7914],[4140449.9143,2173753.2714],[4140599.9686,2172559.7057],[4140845.3629,2170928.2829],[4141078.1371,2170129.5343],[4141585.9314,2169112.6],[4142191.7086,2167985.1114],[4142742.6086,2167116.2457],[4143146.8657,2166709.2371],[4143673.6571,2166588.2943],[4143694.4571,2166583.6343],[4143716.7971,2166578.6314],[4144814.6771,2166617.8743],[4145477.4686,2166801.2629],[4146358.02,2167044.9029],[4147217.4629,2167498.2314],[4147215.5943,2167535.1943],[4147122.3543,2167684.7686],[4147107.3229,2167750.08],[4147114.2514,2167803.72],[4147166.9914,2167903.8229],[4147207.2314,2167939.76],[4147375.6629,2168042.4257],[4147465.0457,2168116.3029],[4147483.3771,2168163.8829],[4147478.8914,2168223.5914],[4147449.1886,2168288.8257],[4147375.0914,2168378.7714],[4147053.9771,2168570.7257],[4146846.8143,2168760.5943],[4146822.3886,2168823.0257],[4146827.6114,2168941.64],[4146890.6543,2169086.8457],[4146940.56,2169424.4857],[4146961.6686,2169477.3286],[4147047.7,2169559.7286],[4147328.96,2169659.7143],[4147468.4143,2169735.0629],[4147731.8314,2169588.8971],[4148012.92,2170096.2771],[4147660.4543,2170909.1429],[4147804.2971,2172072.74],[4149554.7857,2174124.8143],[4149561.9171,2174124.4371],[4149613.0286,2174202.0343],[4149696.3257,2174327.72],[4149898.3543,2174816.1571],[4150332.6571,2174991.0886],[4151108.6029,2174667.5314],[4151774.6057,2174512.0143],[4152679.7171,2174723.3886],[4153375.1086,2175204.94],[4154211.6829,2176096.0371],[4155655.5657,2176259.62],[4155654.9971,2176251.8286],[4156165.9314,2176018.4114],[4156358.4771,2175274.82],[4156222.5086,2174350.4886],[4155939.3343,2173453.4686],[4155934.9714,2173439.6571],[4156067.8429,2172627.7629],[4156627.18,2169209.8857],[4156619.2029,2169196.5714],[4156998.6914,2168420.4514],[4156857.82,2168346.0343],[4156584.8686,2168203.2],[4156062.0943,2167823.7057],[4155749.5571,2167751.8543],[4155431.1171,2167678.6457],[4154878.3343,2167088.5657],[4154626.08,2166423.4629],[4154794.8571,2164882.7114],[4155348.1314,2164271.5743],[4156111.8229,2163777.5457],[4156892.5429,2163544.1971],[4156893.0771,2163543.7771],[4159427.3943,2162003.4429],[4159910.5057,2161314.9971],[4159911.3714,2160695.3943],[4159689.8914,2159077.5343],[4159603.4171,2158674.3743],[4159365.0229,2157562.9457],[4159814.3429,2156349.5571],[4160607.9743,2155265.26],[4162245.6629,2154473.5971],[4161043.5343,2152941.8143],[4162854.3486,2151160.4886],[4163990.9886,2149776.2543],[4164027.3514,2149731.9743],[4164996.7143,2148608.0829],[4166476.7,2146892.1629],[4167718.1143,2145988.6057],[4168269.7086,2146160.7543],[4168873.0143,2145971.4543],[4169580.5571,2144852.7314],[4169357.9486,2144061.0171],[4168843.8171,2143405.2314],[4168791.2286,2143338.1543],[4168310.04,2143579.1514],[4167021.0457,2143114.4914],[4167377.8743,2142919.2371],[4168429.5743,2142340.3029],[4169822.2314,2141573.4171],[4172447.7914,2140127.62],[4176644.2714,2137816.78],[4177117.3629,2137560.9229],[4177201.2057,2137515.5771],[4177583.5829,2137308.7771],[4179114.1743,2136482.0086],[4179738.84,2136161.4371],[4181798.18,2135118.5314],[4181800.3171,2135122.4],[4182471.9486,2134788.4629],[4182482.7286,2134826.4029],[4182505.3057,2134946.6343],[4182507.42,2134952.28],[4182551.3914,2135069.6829],[4182552.8971,2135073.7029],[4182569.6943,2135103.3429],[4182586.66,2135133.2829],[4182601.3886,2135163.1943],[4182616.2629,2135193.4057],[4182644.8514,2135268.5171],[4182673.7286,2135344.3857],[4182695.1371,2135424.84],[4182716.76,2135506.1057],[4182725.2514,2135524.0886],[4182733.8257,2135542.2571],[4182758.8543,2135593.4371],[4182784.1371,2135645.1371],[4182832.5714,2135773.8029],[4182868.2457,2135794.2943],[4182899.2229,2135779.3057],[4187290.8371,2133654.6143],[4189823.4543,2132332.5143],[4190823.5086,2131810.4371],[4191736.6086,2131333.7971],[4193259.0457,2130539.0429],[4196414.4429,2128898.1143],[4199124.64,2127456.4657],[4199353.7057,2127338.1943],[4200701.5343,2126642.2886],[4199941.9343,2125105.1743],[4199441.6571,2124092.82],[4198943.6914,2123085.1429],[4198345.9486,2121875.56],[4198152.9886,2121478.56],[4197244.8,2119583.3771],[4197241.52,2119584.9343],[4195850.9114,2116708.9457],[4195550.5543,2116851.3429],[4194373.7771,2117409.2457],[4194368.8029,2117399.7114],[4193663.36,2116047.78],[4193099.4571,2116326.8571],[4192170.7943,2116786.4543],[4190761.84,2113935.4914],[4190398.56,2114115.0],[4189261.4,2114676.8971],[4188671.5457,2113546.0714],[4188509.6771,2113235.7457],[4188363.4943,2113305.1571],[4187041.2143,2113943.7314],[4186981.6371,2113827.3857],[4184793.2171,2109634.2714],[4183487.14,2110295.9486],[4183404.46,2110337.8343],[4181952.6971,2107544.9343],[4181196.2114,2106089.6057],[4179787.0429,2106782.9686],[4179759.5886,2106729.1686],[4179577.8429,2106373.0],[4179071.38,2105380.4943],[4178813.1629,2104871.6714],[4178683.5714,2104616.3114],[4177278.9229,2101848.4343],[4175906.8943,2099144.8286],[4175785.4057,2098905.4371],[4175779.3,2098893.4057],[4173847.0943,2095185.7686],[4173750.6857,2094997.8486],[4173228.6314,2093980.2686],[4171862.8343,2091318.0743],[4170973.2286,2089572.8514],[4171256.0657,2089429.7143],[4170793.9771,2088492.1457],[4170702.6314,2088306.8114],[4170509.0,2087913.9314],[4170400.6286,2087681.3486],[4170288.5343,2087470.3343],[4169833.5229,2086562.8771],[4169561.6429,2086699.2029],[4169551.08,2086704.4143],[4169180.5286,2086078.6114],[4169146.0543,2086097.48],[4169048.2314,2086151.3886],[4168973.5029,2086012.6171],[4168877.32,2085833.9971],[4168459.4514,2086035.0457],[4168458.0371,2086035.7257],[4168457.5886,2086033.7514],[4168459.1114,2086023.96],[4168458.0457,2086013.3714],[4168456.0543,2086005.3743],[4168447.1543,2085986.4],[4168443.8971,2085980.2743],[4168435.2,2085972.4971],[4168419.9143,2085962.6],[4168399.6571,2085954.1571],[4168382.2543,2085953.2886],[4168375.1571,2085954.7743],[4168354.0857,2085963.7229],[4168329.4143,2085955.4057],[4168308.8943,2085954.8771],[4168304.1743,2085946.1486],[4168302.7257,2085922.1429],[4168281.8,2085878.1714],[4168275.7457,2085866.7571],[4168273.1,2085846.7257],[4168272.3943,2085839.1286],[4168267.76,2085828.2343],[4168245.9,2085786.86],[4168242.1143,2085782.0714],[4168226.7857,2085769.9],[4168218.6171,2085760.7857],[4168210.6,2085743.6571],[4168201.2943,2085726.1286],[4168195.7771,2085719.9229],[4168190.8057,2085709.2143],[4168188.2086,2085703.62],[4168183.6257,2085694.82],[4168180.9143,2085672.6857],[4168177.3229,2085655.4257],[4168179.3114,2085639.7514],[4168184.4886,2085634.8229],[4168185.6543,2085628.5743],[4168181.1571,2085624.1457],[4168174.4571,2085624.3771],[4168168.1371,2085620.8743],[4168163.7314,2085606.3257],[4168168.7829,2085588.0257],[4168169.2171,2085571.9],[4168172.6086,2085563.4629],[4168173.2857,2085554.1086],[4168162.6429,2085533.8971],[4168156.7686,2085531.2257],[4168148.8029,2085533.3257],[4168142.52,2085532.1029],[4168137.9371,2085523.3029],[4168140.7171,2085511.64],[4168141.5114,2085510.6371],[4168055.1086,2085556.3429],[4167736.5629,2085724.8114],[4167682.6771,2085743.5743],[4167609.2114,2085755.6114],[4167597.0629,2085737.4],[4167587.9114,2085665.4743],[4166931.2457,2084376.7543],[4165544.5714,2085134.2286],[4165416.5857,2085040.9],[4164961.5629,2084849.9143],[4164749.4886,2084769.98],[4164559.6171,2084658.8943],[4164343.0657,2084610.1029],[4164002.82,2084503.56],[4163733.4457,2084352.4914],[4163552.6343,2084188.0314],[4163453.4629,2084011.2714],[4163442.88,2083992.4114],[4163059.38,2083605.6857],[4162759.3057,2083379.02],[4162494.2629,2083027.9143],[4162362.6371,2083041.2571],[4161902.9457,2083014.8743],[4161774.96,2082921.5457],[4161700.0857,2082832.6343],[4161506.9057,2082490.3],[4161440.26,2082401.3886],[4160880.1171,2082308.3514],[4160648.9486,2082268.4686],[4160440.0029,2082259.7171],[4160248.8514,2082193.1171],[4159986.6371,2081957.5457],[4159804.4057,2081815.3286],[4159595.5343,2081610.8629],[4159223.6743,2081348.9143],[4159215.8886,2081304.7457],[4159244.5257,2081228.62],[4159284.7914,2080970.7371],[4159160.4886,2080663.96],[4159116.24,2080379.3971],[4159160.9229,2080161.5343],[4159161.0086,2080061.4943],[4159142.3,2080033.4114],[4158934.3086,2079943.7657],[4158374.2571,2079574.9371],[4158183.1143,2079486.0943],[4157911.9686,2079317.2429],[4157734.16,2079232.8429],[4157636.3829,2079152.84],[4157543.1229,2078966.1114],[4157516.5543,2078814.94],[4157512.22,2078681.5514],[4157530.1286,2078552.6086],[4157553.4029,2078463.2029],[4157546.34,2078398.4343],[4157494.7771,2078281.3971],[4157365.8971,2078152.4914],[4157201.4286,2078063.6371],[4157059.1914,2077970.3143],[4156912.5057,2077890.3429],[4156788.0429,2077819.2543],[4156659.12,2077828.2429],[4156467.9629,2077859.5257],[4156334.6,2077908.5657],[4156250.1343,2077908.6257],[4156054.5257,2077886.5171],[4155832.2486,2077917.82],[4155654.4486,2078029.2029],[4155223.2457,2078180.8029],[4154969.8857,2078341.1886],[4154876.5543,2078425.8171],[4154747.6714,2078541.62],[4154623.2457,2078679.6829],[4154516.5686,2078750.9629],[4154352.0886,2078813.3771],[4153907.5371,2078920.4829],[4153529.6829,2079063.1457],[4153396.3314,2078987.6143],[4153338.5771,2078898.7],[4153209.6714,2078827.6143],[4153076.3029,2078801.0114],[4152805.1229,2078836.7971],[4152791.7914,2078827.9114],[4152760.7514,2078707.8657],[4152707.4943,2078552.2514],[4152690.4143,2078483.7429],[4152664.0429,2078451.3029],[4152480.8486,2078347.8057],[4152365.8114,2078301.2114],[4152264.9971,2078294.0743],[4152156.3314,2078321.3457],[4151938.5229,2078441.6543],[4151676.2314,2078464.0829],[4151573.9829,2078455.2543],[4151414.5286,2078429.3886],[4151363.7743,2078436.7314],[4151022.7829,2078660.3629],[4150987.24,2078709.3486],[4150960.5657,2078713.8171],[4150889.46,2078647.1457],[4150698.2971,2078633.9286],[4150613.8343,2078611.7457],[4150502.7086,2078549.5429],[4150396.0429,2078456.2029],[4150298.3171,2078620.9657],[4150173.9057,2078781.2857],[4150116.2543,2078995.0114],[4150005.2143,2079199.8486],[4150000.9486,2079413.5686],[4150063.4286,2079627.2943],[4150116.9571,2079778.6857],[4150214.9743,2079898.9286],[4150330.76,2079930.1571],[4150382.9543,2079979.2771],[4150394.4629,2080034.8971],[4150366.5371,2080112.7314],[4150344.4857,2080344.2629],[4150362.3857,2080464.48],[4150037.8857,2080620.4629],[4149708.9114,2080651.84],[4149553.34,2080749.8543],[4149424.4229,2080794.4429],[4149286.6371,2080901.3514],[4149086.5857,2080910.3914],[4148943.0886,2081050.2086],[4148909.2029,2081065.1971],[4148784.3371,2081057.4743],[4148393.1343,2081168.9943],[4148189.7114,2081235.5371],[4148188.6457,2081235.8857],[4148077.5057,2081240.4114],[4147913.0171,2081258.3257],[4147628.4971,2081245.1771],[4147394.8571,2081338.8943],[4147380.8657,2081362.1571],[4147357.4429,2081503.5371],[4147272.5057,2081681.9886],[4147249.6914,2081702.9886],[4147117.4857,2081735.16],[4146961.9086,2081828.7257],[4146886.4057,2081971.22],[4146864.9371,2082100.7886],[4146842.3229,2082149.0686],[4146690.9714,2082300.7543],[4146468.7429,2082474.4771],[4146424.3657,2082608.0571],[4146242.2114,2082866.3457],[4145962.2029,2083089.0629],[4145865.4429,2083197.6743],[4145862.74,2083241.5657],[4145975.96,2083512.0943],[4146002.7714,2083645.6714],[4145971.7371,2083770.3429],[4146016.3771,2083939.5429],[4146136.6886,2084113.2171],[4146185.7429,2084228.9886],[4146185.7943,2084291.3257],[4146159.1429,2084335.8543],[4146123.5857,2084367.0343],[4145807.9486,2084398.4029],[4145550.1057,2084451.98],[4145381.1743,2084420.9514],[4145261.1486,2084376.5514],[4145118.9,2084318.8143],[4145007.7629,2084287.7514],[4144936.6343,2084287.8],[4144474.3314,2084510.6286],[4144189.8343,2084626.5286],[4144069.8514,2084760.1343],[4144077.7257,2084915.1314],[4144064.6257,2084956.2171],[4143923.38,2085134.1829],[4143763.5686,2085534.9314],[4143603.5886,2085704.1714],[4143323.6571,2086055.9886],[4143154.7314,2086113.9543],[4142914.6714,2086154.1686],[4142785.7629,2086221.0114],[4142647.9714,2086314.5629],[4142590.1829,2086332.4029],[4142479.04,2086328.0343],[4142265.66,2086257.0029],[4142225.6514,2086261.48],[4142118.9771,2086337.2114],[4141936.8,2086564.3343],[4141736.8229,2086773.6571],[4141665.7229,2086853.82],[4141603.4886,2086880.5657],[4141479.0114,2086871.7543],[4141336.7514,2086871.8543],[4141127.8086,2086898.6971],[4140852.18,2086876.6429],[4140669.9143,2086823.3829],[4140625.4857,2086765.5943],[4140598.8829,2086658.8857],[4140607.9829,2086418.7857],[4140679.5514,2085983.0543],[4140840.0171,2085680.7343],[4140911.4486,2085409.5143],[4140911.5686,2085267.2343],[4140893.8486,2085178.3086],[4140827.1886,2085111.6343],[4140756.0657,2085076.0971],[4140480.4371,2085076.2886],[4140378.1857,2085067.4629],[4139987.0514,2084783.0371],[4139867.0343,2084716.3943],[4139684.7629,2084694.2771],[4139489.16,2084654.3714],[4139440.2657,2084623.2657],[4139391.4514,2084480.9914],[4139347.3314,2084040.8086],[4139320.6829,2083991.9057],[4139222.8857,2083951.9343],[4138973.9371,2083903.1686],[4138813.8943,2083925.5314],[4138716.12,2084014.6086],[4138680.5571,2084027.9829],[4138578.3086,2084014.7057],[4138547.2,2083983.5914],[4138507.2343,2083903.5657],[4138498.3771,2083854.6571],[4138525.1457,2083774.6286],[4138529.6286,2083734.6114],[4138494.1314,2083623.4571],[4138351.92,2083481.22],[4138165.2229,2083387.9286],[4138067.4686,2083267.9029],[4138045.3914,2083067.82],[4138032.0743,2083036.6971],[4137707.5543,2082947.9457],[4137667.5429,2082947.9743],[4137454.1571,2082997.0686],[4137223.0114,2083121.8371],[4136716.2914,2082801.9],[4136658.6314,2082592.9314],[4136556.4486,2082446.2257],[4136356.4143,2082357.3886],[4136325.2914,2082361.8629],[4136191.94,2082433.1571],[4136125.2571,2082459.9057],[4135965.2171,2082468.9171],[4135818.5143,2082433.4257],[4135796.2943,2082411.2029],[4135774.16,2082282.26],[4135783.1057,2082224.46],[4136081.62,2081855.4914],[4136228.6143,2081726.5943],[4136384.5343,2081566.5743],[4136424.7486,2081370.9371],[4136372.6914,2081027.6057],[4136345.3771,2080806.1343],[4136345.7886,2080588.1429],[4136092.6486,2080583.7257],[4135861.7371,2080512.5629],[4135697.5486,2080347.9657],[4135626.5,2080325.7286],[4135484.4286,2080245.66],[4135462.2886,2080192.2714],[4135435.9286,2080014.32],[4135422.6857,2079960.9343],[4135267.2943,2079871.9657],[4135209.5657,2079867.5257],[4135080.7771,2079885.3371],[4134987.52,2079907.6],[4134872.0543,2079907.6143],[4134676.6543,2079876.4914],[4134503.46,2079903.2114],[4134321.3857,2079938.8286],[4134254.7686,2079929.9371],[4134183.7486,2079876.5571],[4134015.1,2079725.3057],[4133771.0229,2079489.5314],[4133691.3657,2079275.9857],[4133576.0171,2079138.0771],[4133385.1229,2079017.9714],[4133243.0114,2079040.2343],[4133118.7029,2079115.8943],[4132838.9371,2079191.5686],[4132790.1143,2079231.6229],[4132701.4029,2079347.3229],[4132608.3971,2079556.4743],[4132466.58,2079819.0257],[4132373.4914,2079979.2257],[4132329.1229,2080028.18],[4132182.5743,2080059.3457],[4131964.9686,2080090.5171],[4131796.2457,2080170.6286],[4131689.6714,2080206.2371],[4131640.8229,2080197.3457],[4131569.8086,2080135.0686],[4131405.5486,2080032.7543],[4131307.8543,2080001.6229],[4131196.8314,2080006.0829],[4130823.8143,2080108.4686],[4130748.3171,2080121.8257],[4130641.74,2080095.1429],[4130548.54,2080010.62],[4130464.3571,2079841.5657],[4130362.4229,2079654.7171],[4130251.5543,2079494.5657],[4130198.2771,2079467.8743],[4130109.4543,2079463.4371],[4129985.1314,2079521.2971],[4129754.28,2079668.16],[4129470.1171,2079806.1314],[4128937.2371,2079961.9286],[4128657.4543,2079957.5143],[4128493.14,2079984.2286],[4128333.2629,2079970.9029],[4128302.1943,2079944.2114],[4128284.5857,2079846.3371],[4128178.1286,2079708.4286],[4128036.0486,2079637.2571],[4127929.62,2079481.5514],[4127925.2543,2079437.0629],[4127969.9829,2079321.3943],[4128085.9686,2079210.1771],[4128139.5943,2079098.96],[4128157.6971,2078938.8029],[4128104.5514,2078818.6857],[4127931.4257,2078694.1286],[4127749.3486,2078667.4543],[4127527.3,2078658.5829],[4127256.4057,2078614.12],[4127016.5943,2078578.5571],[4126923.4457,2078458.4429],[4126861.5086,2078280.4914],[4126586.8914,2077679.9029],[4126498.5171,2077368.4857],[4126476.74,2077119.3514],[4126499.1543,2077034.8229],[4126570.6886,2076865.7686],[4126718.0029,2076656.6771],[4126816.3314,2076443.1371],[4126829.9,2076327.4686],[4126812.44,2076149.5114],[4126768.14,2076056.0886],[4126683.9343,2075900.3829],[4126533.0229,2075780.2714],[4126501.9914,2075726.8886],[4126498.0543,2075455.5057],[4126467.3486,2075224.1686],[4126396.4286,2075099.6029],[4126360.9029,2075086.2571],[4126267.6657,2075135.2143],[4126027.8857,2075228.6829],[4125756.9829,2075228.7171],[4125574.9229,2075166.4486],[4125388.4029,2075148.6771],[4125193.02,2075077.5114],[4125099.8371,2074979.6429],[4125051.0,2074952.9514],[4124735.7057,2074881.8],[4124606.9229,2074850.6714],[4124380.4314,2074832.9029],[4124327.1486,2074810.6629],[4124069.7029,2074606.0343],[4123927.6371,2074521.5143],[4123829.9771,2074450.3371],[4123785.5714,2074436.9943],[4123643.4629,2074468.16],[4123501.4571,2074606.1171],[4123452.7686,2074730.7171],[4123421.7114,2074766.3171],[4123324.0714,2074855.3229],[4123284.1086,2074868.6743],[4123164.2086,2074837.5457],[4122986.6,2074757.4771],[4122773.4429,2074708.5629],[4122422.6257,2074797.5971],[4122151.7629,2074908.8657],[4121956.3714,2074962.2857],[4121783.1857,2074917.8143],[4121729.8943,2074922.2686],[4121610.0086,2074975.68],[4121463.4571,2075002.3914],[4121241.4114,2074975.7257],[4121125.9514,2074944.5914],[4120917.2543,2074864.5314],[4120897.8171,2074856.2714],[4120770.7229,2074802.26],[4120726.3886,2074731.0829],[4120700.2543,2074433.0086],[4120718.4171,2074241.7086],[4120772.1657,2074059.3057],[4120776.9686,2073872.4543],[4120750.6457,2073676.7057],[4120701.9914,2073529.8943],[4120599.9771,2073396.4343],[4120449.0657,2073271.8771],[4120302.52,2073231.8486],[4120133.7771,2073182.9286],[4120040.64,2073053.9143],[4119863.1029,2072830.4086],[4119992.8171,2072674.08],[4120519.2543,2071751.32],[4121271.8971,2071431.2114],[4121629.2571,2070998.0829],[4121365.2543,2070696.7743],[4120592.4114,2070489.6657],[4120007.5714,2069453.9143],[4119498.62,2069303.2829],[4118819.9143,2069793.0114],[4118179.04,2069811.8914],[4117971.3029,2069171.6057],[4116764.9486,2069115.1914],[4116179.72,2067570.9686],[4117214.6314,2067213.2143],[4116855.2114,2065367.6771],[4116892.3371,2064727.3857],[4117475.04,2063522.1457],[4116966.0629,2063277.3514],[4117002.7771,2062147.4286],[4117171.2657,2060961.0114],[4117245.6457,2060717.3686],[4117525.0571,2060790.8943],[4117701.5314,2060805.5971],[4117900.06,2060768.8257],[4118017.7057,2060739.4086],[4118097.9514,2060749.7314],[4118205.9257,2060774.4143],[4118292.3086,2060755.9],[4118378.0029,2060658.5143],[4118532.4114,2060496.7343],[4118672.1171,2060401.1371],[4118995.6486,2060334.9514],[4119260.3571,2060320.2371],[4119326.5343,2060268.7629],[4119363.2943,2060173.1657],[4119326.5171,2059923.1486],[4119326.5057,2059621.6543],[4119282.3771,2059445.1714],[4119297.08,2059386.3429],[4119304.4314,2059320.1629],[4119282.3686,2059298.1029],[4119230.8943,2059290.7457],[4119179.4171,2059298.1],[4119142.6486,2059276.0371],[4119054.4029,2059173.0886],[4118892.6229,2059084.8457],[4118620.5371,2058967.1829],[4118407.28,2058856.8771],[4118317.1457,2058755.0257],[4118821.0257,2058532.6343],[4119428.7314,2057954.6371],[4119932.5857,2057939.6314],[4120317.9143,2057717.28],[4120451.2943,2057672.7886],[4120792.2029,2057346.74],[4121384.9914,2057139.1314],[4121503.5857,2056976.1171],[4121681.4257,2056901.9829],[4122229.7486,2057035.0771],[4122644.7171,2056812.7114],[4122985.56,2056842.2057],[4123370.8886,2056634.6686],[4123371.0829,2056234.5857],[4123593.4514,2055923.3857],[4124260.3229,2055834.2543],[4124541.9143,2055656.38],[4124660.4714,2055700.7657],[4124749.4629,2055478.4943],[4125342.4114,2054730.1171],[4125416.5057,2054744.8971],[4125772.2943,2055233.4657],[4126424.3429,2055292.4629],[4126676.2914,2055440.4686],[4126765.2657,2055632.9457],[4126913.4771,2055736.56],[4127165.4057,2055736.4629],[4127298.7971,2055840.08],[4127521.0886,2055780.7457],[4127847.2057,2055380.62],[4127906.56,2055173.1686],[4128099.24,2055010.1371],[4128484.5514,2055128.4771],[4129240.3371,2055098.5629],[4129329.2857,2054965.1914],[4129299.8429,2054594.7457],[4129151.8086,2054505.8057],[4129300.2257,2053913.0886],[4129478.0971,2053720.4286],[4129522.64,2053505.5714],[4129419.0971,2053238.8429],[4129211.8829,2053001.7286],[4129315.7257,2052690.5486],[4129256.6514,2052334.9171],[4129479.1914,2051638.4686],[4129612.6029,2051475.4543],[4129612.68,2051312.4571],[4129583.1886,2051045.7371],[4129731.4457,2050808.6343],[4130042.6714,2050645.5686],[4130042.7943,2050393.6657],[4130131.8571,2050008.3971],[4130132.06,2049593.4971],[4130413.6914,2049297.1],[4130887.9486,2049000.6429],[4131258.4314,2048970.8771],[4131421.48,2049148.5257],[4131643.7857,2049029.9343],[4131695.1886,2048927.1971],[4131732.7543,2048852.1143],[4131703.2543,2048600.2086],[4132044.1171,2048429.7229],[4132044.2686,2048118.5486],[4132222.1771,2047836.9914],[4132340.7343,2047836.9457],[4132533.4229,2047644.2829],[4132918.7257,2047629.3229],[4133141.0229,2047718.1029],[4133259.5771,2047688.4343],[4133363.3714,2047495.7914],[4133719.0457,2047347.52],[4134148.8086,2047391.7914],[4134341.4771,2047510.2],[4134504.58,2047821.12],[4134652.7829,2047895.1171],[4134830.6286,2047791.3514],[4134890.0343,2047465.3571],[4134505.2314,2046961.5029],[4134446.16,2046605.8743],[4134549.9543,2046398.4143],[4134801.8886,2046339.0657],[4135113.1143,2046175.9971],[4135276.2057,2045894.4429],[4135157.8114,2045716.6171],[4135172.7029,2045553.62],[4135617.3086,2045338.6543],[4135706.3429,2045012.6571],[4136002.7543,2044834.78],[4136002.8914,2044553.2429],[4136017.9257,2044093.8886],[4136032.9086,2043753.08],[4135944.1371,2043560.44],[4135944.2886,2043249.2657],[4135751.9486,2042849.1714],[4135796.4743,2042671.3543],[4136033.6543,2042374.9657],[4136167.0314,2042419.3486],[4136300.4086,2042360.0429],[4136419.1486,2041871.0486],[4136641.4629,2041722.8257],[4137056.4029,2041693.0429],[4137456.5371,2041544.7543],[4137560.3229,2041366.9343],[4137975.2657,2041307.5229],[4138153.1429,2041107.4571],[4138227.38,2040751.8257],[4138360.82,2040514.7257],[4138627.5943,2040336.8571],[4138864.72,2040470.0657],[4139012.9543,2040647.7171],[4139205.6057,2040677.2686],[4139324.1629,2040647.5943],[4139427.9086,2040721.6057],[4139354.1514,2041343.4743],[4139443.0943,2041447.1057],[4139606.1029,2041432.2314],[4140065.5171,2041594.9771],[4140139.6457,2041713.42],[4140110.34,2042364.9],[4140599.4143,2042646.1143],[4140658.7886,2042897.82],[4140792.1657,2042942.2],[4141236.7457,2042927.2171],[4141459.0543,2042793.8086],[4141651.7057,2042823.3571],[4142096.32,2042556.5371],[4142629.8171,2042600.7686],[4143029.9486,2042467.3],[4143281.8771,2042511.6371],[4143682.0143,2042355.9429],[4144215.5086,2042311.3],[4144941.6743,2042548.0],[4145134.3286,2042488.6743],[4145341.8943,2042147.8429],[4145786.4857,2041984.7257],[4145860.6143,2041866.1743],[4146542.3229,2041628.9057],[4147253.6486,2041613.8171],[4147609.3257,2041480.3629],[4147772.3571,2041361.7914],[4147802.0829,2041154.3371],[4148424.6229,2040517.0743],[4148809.9514,2040316.9457],[4149061.9371,2040050.1857],[4149773.3229,2039620.3143],[4150040.2943,2038938.6771],[4149892.4829,2038316.3229],[4149966.6457,2038123.6857],[4150233.4057,2038005.0771],[4150455.6943,2037990.18],[4150766.9457,2037738.22],[4151004.0571,2037678.8771],[4151493.1057,2037811.9886],[4151848.7971,2037589.6457],[4152189.6457,2037515.4514],[4152574.9486,2037530.1171],[4152841.7086,2037418.9143],[4153034.4314,2037137.3514],[4152990.1171,2036885.4486],[4152871.7086,2036752.0714],[4152842.3457,2036218.6286],[4152501.8714,2035966.66],[4152309.4086,2035966.5857],[4152102.1686,2035803.5514],[4152383.8143,2035462.7029],[4152398.78,2035151.5286],[4152576.6514,2034958.8714],[4153050.9657,2034484.6257],[4153332.5371,2034410.4543],[4153362.2429,2034247.4571],[4153184.7086,2033847.3629],[4153303.3486,2033580.6314],[4153507.0086,2033479.42],[4153637.3,2033281.2343],[4153925.9914,2032464.1343],[4154226.6029,2031863.3114],[4155127.8857,2031899.0],[4155860.9314,2031994.8029],[4156840.3571,2031655.0857],[4157594.7657,2031447.8514],[4157942.3857,2031275.0971],[4158422.9971,2031021.3686],[4158735.7314,2030867.8886],[4158790.6286,2030840.9429],[4158801.3743,2030835.6714],[4158877.1143,2030803.8286],[4158953.3229,2030771.7914],[4159024.1943,2030749.9686],[4159034.9286,2030743.8143],[4159059.84,2030729.5286],[4159085.1686,2030718.0229],[4159146.5657,2030685.4686],[4160065.4286,2030198.2886],[4161745.3657,2029360.7],[4163824.5029,2028324.0743],[4165345.5571,2027565.7057],[4165419.8829,2027528.8657],[4169706.6829,2025403.9686],[4170406.7886,2025054.2486],[4171971.0114,2024272.8714],[4172069.0629,2024223.9286],[4173525.0486,2023486.3914],[4173332.4886,2023293.4486],[4173080.6829,2023219.0114],[4172814.0571,2023248.2543],[4172636.3086,2023159.1],[4172591.8714,2022877.2629],[4172325.2514,2022669.4143],[4172073.44,2022609.7971],[4171969.7543,2022446.5886],[4171940.1229,2021882.9257],[4172147.4886,2021675.14],[4172206.7343,2021467.4657],[4172147.48,2021170.7943],[4172488.1486,2020584.7514],[4172695.5086,2019961.7114],[4172636.2571,2019768.8657],[4172621.4429,2019546.3686],[4173065.7943,2018596.9057],[4173065.7886,2018181.5771],[4172888.0371,2017884.8429],[4172710.2914,2017795.6886],[4172502.9171,2017765.7657],[4172384.4171,2017558.0571],[4172400.1229,2017522.3057],[4172710.2743,2016816.3],[4172710.2686,2016386.1371],[4172888.0086,2016208.0371],[4173050.9371,2015814.9114],[4172976.8771,2015622.0571],[4172547.32,2015547.3771],[4172473.2571,2015354.5257],[4172562.1257,2015117.1743],[4172695.4229,2014390.3314],[4172606.5486,2014212.3029],[4172384.3657,2014182.36],[4172176.9886,2013752.1286],[4172176.98,2013173.6371],[4172014.0457,2013069.68],[4171762.2371,2013143.3657],[4171214.1829,2013335.0971],[4170962.3743,2013275.48],[4170799.4371,2013097.3914],[4170740.1829,2012637.5571],[4170636.4943,2012474.3486],[4170399.4971,2012296.1829],[4170058.8143,2012162.3514],[4169940.3143,2011984.3057],[4169821.8114,2011457.7057],[4169629.2486,2011086.8114],[4169318.1857,2010552.6971],[4169155.2486,2010122.4914],[4169007.1257,2009974.0743],[4168533.1286,2009350.8514],[4168266.5057,2009246.7629],[4168029.5086,2009038.9457],[4167525.8914,2008993.7886],[4166770.4629,2009555.3086],[4166533.4657,2009554.9714],[4166370.5286,2009317.5657],[4166311.2771,2009050.56],[4165837.2829,2008760.9343],[4165481.7886,2008730.8029],[4165448.5457,2008687.9857],[4165378.1029,2008597.2543],[4165557.3286,2008295.2486],[4165557.3257,2007984.3314],[4165595.1857,2007862.9886],[4165564.8971,2007756.8171],[4165390.7229,2007597.4543],[4165110.5314,2007422.8171],[4164936.36,2007248.2943],[4164883.3486,2007096.6143],[4164898.4943,2006960.1143],[4164966.6429,2006740.18],[4165133.2371,2006641.4629],[4165337.6943,2006535.1171],[4165633.02,2006504.4029],[4165845.0514,2006481.3829],[4166094.9429,2006344.6714],[4166163.0971,2006238.4771],[4166208.5257,2006003.3829],[4166231.2457,2005783.4629],[4166314.54,2005624.1857],[4166375.1171,2005464.9171],[4166361.0857,2005303.3457],[4166370.2314,2005298.5171],[4166321.72,2004985.36],[4166483.5829,2004680.7486],[4166552.2543,2004602.1171],[4166728.8343,2004469.3657],[4166934.8514,2004405.2914],[4167258.5857,2004115.2714],[4167724.5629,2003874.1743],[4167901.1457,2003864.1086],[4168009.06,2003942.4029],[4168072.8229,2004118.72],[4168322.9829,2004260.56],[4168504.4714,2004240.68],[4169078.3629,2004016.62],[4169554.1543,2003996.32],[4169769.98,2003951.8629],[4169926.94,2003951.6371],[4170078.9971,2004054.3857],[4170245.7686,2004095.8343],[4170407.64,2003953.28],[4170530.2629,2003904.04],[4170741.1829,2004036.1229],[4170996.2429,2004349.4771],[4171216.9686,2004574.6629],[4171584.8514,2004760.4743],[4171805.58,2004782.2314],[4172031.2143,2004683.7771],[4172227.4143,2004541.1829],[4172556.0571,2004364.0657],[4172644.3457,2004221.58],[4172703.2057,2004010.3486],[4172865.0686,2003686.0943],[4172889.5914,2003386.4514],[4172968.0714,2003251.3371],[4173458.5771,2002671.4543],[4173723.4486,2002420.7714],[4174223.7657,2002140.3657],[4174370.9171,2002091.0914],[4174572.0257,2002225.64],[4174728.9886,2002254.84],[4174905.5686,2002151.5429],[4175028.1971,2002126.84],[4175312.6914,2002170.5771],[4175370.4029,2002158.9514],[4175410.7943,2002150.8143],[4175469.6514,2002091.8314],[4175464.7457,2002003.4143],[4175386.2629,2001905.1343],[4175204.7686,2001841.0914],[4175033.0886,2001826.1314],[4174738.7743,2001688.3229],[4174454.2743,2001462.1714],[4174086.3829,2001304.6371],[4174029.34,2001259.04],[4173880.3629,2001139.94],[4173784.3686,2000995.7057],[4173743.4457,2000933.4171],[4173510.0029,2000677.1314],[4173416.7629,2000535.2057],[4173383.3629,2000486.6943],[4173363.4571,2000300.0629],[4173255.1314,2000046.9257],[4173387.22,1999854.0629],[4173558.5257,1999673.8229],[4173927.8,1999446.4829],[4174017.7343,1999397.26],[4174429.4657,1999237.8286],[4174787.9171,1999012.2914],[4175023.52,1998946.4629],[4175259.1371,1998993.3171],[4175935.1943,1998754.4114],[4176160.5686,1998780.4343],[4176360.9,1998857.6371],[4176560.1171,1998928.6714],[4176959.7429,1998876.2914],[4177410.5486,1998659.4971],[4177492.4629,1998556.5486],[4177666.6429,1998484.2257],[4178055.9686,1998683.1057],[4178435.0886,1998784.6429],[4178599.04,1998794.4629],[4178598.7514,1998557.8571],[4178489.6343,1998173.3771],[4178424.3771,1997940.3971],[4178394.34,1997600.6714],[4178508.2486,1997127.0771],[4178478.2286,1996777.0571],[4178417.1171,1996581.4314],[4178232.8971,1996673.06],[4178161.6571,1996928.6343],[4177578.1486,1996865.0686],[4177004.8771,1996791.2743],[4176318.9857,1996778.6629],[4176022.1257,1996705.7971],[4176012.1571,1996571.9686],[4176095.0971,1996180.7486],[4176136.9,1995830.7257],[4176384.6714,1995161.4314],[4176282.5257,1994981.1829],[4175709.3143,1994784.1771],[4174941.5257,1994791.8057],[4174562.7829,1994893.0571],[4173815.7171,1995321.0],[4173191.3686,1995585.42],[4173037.82,1995620.7886],[4172638.6429,1995455.1571],[4172372.4771,1995454.2457],[4171881.4286,1995872.6686],[4171594.8514,1996004.96],[4170990.9,1996156.7171],[4170786.2543,1996299.4914],[4170417.7943,1996133.96],[4169834.6086,1995680.0171],[4169722.5629,1995324.7971],[4169805.2229,1995067.3914],[4169775.0943,1994768.8429],[4169151.0686,1994222.2543],[4168905.38,1994200.8943],[4167820.3257,1993899.5143],[4167595.2657,1993703.5657],[4167216.8,1993342.6971],[4167071.9114,1993261.4343],[4166940.2771,1993189.1029],[4166653.2571,1993078.0229],[4166561.0943,1992884.3314],[4166489.5714,1992522.2543],[4166315.3771,1992308.3971],[4166264.2343,1992124.8314],[4166531.5486,1991462.0943],[4166511.16,1991298.8914],[4166306.5629,1990585.02],[4166327.3114,1990299.4143],[4166388.9771,1990177.0914],[4166194.3971,1989779.5286],[4166180.12,1989683.1657],[4166133.1771,1989366.4343],[4165907.68,1989224.3371],[4165764.2143,1989071.6571],[4165774.6114,1988898.2486],[4165959.5143,1988674.22],[4165898.0886,1988521.2771],[4165693.1914,1988215.62],[4165724.1171,1988032.0229],[4165662.7629,1987787.2571],[4165745.0771,1987501.7086],[4165735.2057,1987012.0857],[4165940.6229,1986813.6743],[4166084.5486,1986477.2257],[4166259.0943,1986478.2257],[4166351.5343,1986386.6429],[4166361.9714,1986162.2314],[4166485.2086,1986070.7829],[4166690.5657,1986010.4571],[4166690.8743,1985622.8371],[4166814.2229,1985357.78],[4167112.0029,1985236.5143],[4167173.7514,1985001.9514],[4167040.5657,1984808.3771],[4166999.7743,1984502.3771],[4166907.5657,1984369.9343],[4166835.8257,1984308.9257],[4166877.0457,1984084.5343],[4166989.9943,1984054.4257],[4167031.1886,1983860.6429],[4167000.6286,1983590.3371],[4167021.3743,1983304.7314],[4167092.2429,1983063.8829],[4167114.4657,1983052.6371],[4167136.1743,1982787.88],[4167178.5514,1982634.5],[4167284.9257,1982549.3257],[4167297.3857,1982349.0714],[4167373.8971,1982225.5286],[4167416.3086,1982093.4514],[4167146.7886,1981633.3486],[4167189.1829,1981492.7514],[4167274.1771,1981339.38],[4167294.9571,1981015.5657],[4167286.1143,1980825.9629],[4167328.2229,1980506.4086],[4167442.8543,1980229.48],[4167647.12,1980088.96],[4167642.7371,1980016.5257],[4167484.7029,1980012.3886],[4167369.3743,1980046.5943],[4167057.5714,1979995.6743],[4166690.2343,1979906.4257],[4166506.4629,1979736.06],[4166378.1543,1979542.2286],[4166262.7543,1979427.2229],[4166164.5114,1979397.4571],[4165929.5971,1979393.3771],[4165775.8229,1979346.6],[4165651.9429,1979397.8743],[4165545.1657,1979397.9571],[4165344.36,1979274.4857],[4165211.9514,1979249.0057],[4165058.1657,1979313.1],[4165046.8257,1979317.8257],[4164904.4057,1979315.3543],[4164528.4771,1979136.5914],[4164109.8257,1978936.54],[4163819.3829,1978979.4143],[4163669.8914,1978985.9257],[4163255.5657,1978879.66],[4162960.8571,1978879.8943],[4162883.9229,1978803.2257],[4162836.9114,1978760.6343],[4162857.4486,1978287.6943],[4162887.1057,1978176.9171],[4162869.8,1978027.7943],[4162822.6857,1977908.5],[4162378.26,1977535.8486],[4162288.4629,1977416.5714],[4162275.4857,1977305.7914],[4162243.96,1976293.8686],[4162111.3143,1976051.0343],[4162068.1457,1975735.7429],[4162089.26,1975612.1829],[4162199.5771,1975301.1629],[4162263.3114,1975179.7429],[4162565.56,1975171.4543],[4162740.0943,1975137.4829],[4162880.5743,1975133.3286],[4163319.02,1975005.7657],[4163748.9714,1975076.4686],[4163863.9029,1975050.9771],[4164208.3514,1974599.4314],[4164233.6543,1974429.0029],[4164181.9057,1974083.8857],[4164057.8,1973845.3086],[4163957.3457,1973716.0343],[4163967.6029,1973710.7343],[4163900.6343,1973597.36],[4164100.3657,1973357.3057],[4164240.3086,1973357.4171],[4165066.5686,1973625.1029],[4165532.9343,1973885.8514],[4165632.7829,1974019.4857],[4165799.3571,1974093.0514],[4165899.3114,1974069.7686],[4166172.5,1974176.8],[4166305.7771,1974196.9343],[4166645.5857,1974043.7029],[4166832.1714,1974070.5514],[4167025.4286,1974070.7029],[4167145.3486,1974004.0629],[4167218.5429,1973884.0229],[4167484.9314,1973630.6629],[4167791.36,1973414.02],[4168077.8714,1973294.1171],[4168311.1086,1973287.6257],[4168544.3086,1973181.0286],[4168724.2343,1973194.52],[4168897.4486,1973301.4829],[4168923.5686,1973327.0029],[4169150.6314,1973548.8371],[4169243.96,1973568.9686],[4169292.9029,1973518.38],[4169443.9143,1973362.0914],[4169623.9257,1973235.2314],[4169950.3657,1973819.1971],[4172090.7771,1972774.2057],[4172450.4743,1973481.64],[4173183.96,1973154.4429],[4173753.4743,1974249.78],[4173790.8086,1974321.5914],[4173801.2171,1974319.3086],[4173825.3086,1974314.0314],[4173821.1629,1974334.0257],[4173816.8743,1974373.92],[4173901.2314,1974543.2829],[4173901.4029,1974543.1514],[4174128.36,1974430.26],[4174300.0086,1974344.88],[4175309.3686,1973842.8029],[4176050.6171,1975308.5686],[4177524.8857,1974608.5657],[4177523.8486,1974606.5886],[4177768.0771,1974495.6229],[4177724.3343,1974290.1143],[4177708.5486,1974111.9829],[4177610.3943,1974016.3657],[4177386.4457,1973852.7657],[4177175.7829,1973606.6829],[4177049.3629,1973456.2857],[4177047.54,1973291.8543],[4177017.4771,1973072.62],[4176820.8343,1972840.1971],[4176554.5286,1972594.4],[4176316.4657,1972403.3943],[4176245.4571,1972239.0657],[4176257.4343,1972074.6371],[4176337.6771,1971855.5057],[4176293.9343,1971649.9971],[4176180.4886,1971403.5229],[4175887.2629,1971336.7371],[4175882.7029,1971334.2514],[4175536.9657,1971145.6857],[4175319.04,1971022.5657],[4175018.2943,1970663.6457],[4174785.8971,1970387.5514],[4174786.5114,1970368.7571],[4174811.8857,1969993.6229],[4174805.6971,1969763.9514],[4174868.8543,1969473.0314],[4174884.8143,1969373.5057],[4174865.1486,1969250.7571],[4174862.7343,1969235.7],[4174764.4086,1969074.9343],[4174583.4543,1968676.84],[4174149.9943,1968516.1057],[4173998.0571,1968408.9343],[4173815.4943,1968370.6743],[4173648.1943,1968431.9514],[4173534.9857,1968661.6829],[4173536.1143,1968837.8114],[4173141.2371,1969159.4571],[4172921.0657,1968968.0771],[4172753.7657,1968906.8457],[4172502.7457,1968853.28],[4172289.8514,1968761.4257],[4172039.2057,1968570.0486],[4172009.2943,1968462.8686],[4172002.96,1968256.1629],[4172027.1629,1968064.7686],[4172020.2429,1967949.9314],[4171890.9171,1967965.26],[4171792.2457,1968057.16],[4171541.3486,1968172.0429],[4171358.8,1968218.0086],[4171357.6143,1968216.5086],[4171298.5543,1968235.8829],[4171214.0371,1968263.6114],[4171164.9143,1968262.8571],[4170937.1257,1968165.86],[4170806.4029,1968144.3457],[4170533.9914,1968297.1086],[4170337.8971,1968340.9514],[4169945.7257,1968396.0057],[4169564.4514,1968407.5371],[4169302.9943,1968342.7629],[4169052.44,1968321.4543],[4168671.1657,1968354.7371],[4168398.8229,1968398.7086],[4168387.5429,1968181.62],[4168354.6914,1968062.2257],[4168278.3171,1967942.8714],[4168071.28,1967823.6771],[4167744.4029,1967661.2114],[4167635.4629,1967639.6543],[4167559.1029,1967531.1543],[4167547.9257,1967368.3371],[4167569.3857,1967216.38],[4167536.3971,1967021.0057],[4167438.2486,1966901.6686],[4167307.3,1966684.6429],[4167318.0086,1966597.8086],[4167556.6914,1966446.0743],[4167610.8857,1966370.1229],[4167207.3314,1965838.4943],[4166825.6429,1965371.9886],[4166738.3314,1965220.0657],[4166770.6029,1965035.5457],[4166759.2029,1964753.3343],[4166530.3629,1964612.4457],[4165811.38,1964700.6857],[4165702.4143,1964635.6686],[4165560.7286,1964527.2457],[4165451.56,1964321.0571],[4165222.5314,1964028.1257],[4165069.4657,1963604.8514],[4165057.9029,1963235.8],[4164981.5914,1963159.8743],[4164872.5571,1963040.5486],[4164687.3514,1962986.5171],[4164534.7886,1962888.9714],[4164316.9029,1962824.1257],[4164088.0943,1962933.2971],[4163924.6886,1962955.3286],[4163695.7343,1963195.1143],[4163521.4343,1963228.0429],[4163281.7686,1963271.9571],[4163031.1971,1963196.2971],[4162737.0657,1963153.32],[4162432.0171,1963056.0171],[4162257.64,1962925.9143],[4162050.5457,1962752.4114],[4161974.0629,1962567.9114],[4161973.4971,1962263.9886],[4161976.6686,1962234.9943],[4161994.9514,1962068.3714],[4162027.1143,1961742.2714],[4161939.7543,1961492.2686],[4161993.7029,1961198.7771],[4161862.9743,1961079.2229],[4161803.7686,1960956.6971],[4161721.1657,1960785.7457],[4161601.0457,1960437.9114],[4161665.9371,1960198.7714],[4161720.0486,1960024.8571],[4161719.7114,1959785.7171],[4161871.6029,1959600.9429],[4161816.8486,1959329.1943],[4161762.1371,1959090.0543],[4161685.5543,1958763.9571],[4161706.72,1958350.8971],[4161760.5914,1958003.0571],[4162031.8171,1957666.1171],[4161988.1457,1957546.5486],[4161683.2171,1957394.4257],[4160920.9943,1957220.6886],[4160817.0114,1957224.7143],[4160637.8943,1957231.6486],[4160409.2229,1957296.9543],[4160180.5343,1957394.8914],[4159951.8286,1957525.4486],[4159701.3486,1957656.0143],[4159592.46,1957677.7943],[4159472.5314,1957482.1429],[4159341.3,1956960.3886],[4159232.4,1956916.9286],[4158971.0657,1956851.7686],[4158796.8286,1956775.7171],[4158579.0143,1956656.1829],[4158415.6229,1956525.7657],[4158266.2171,1956308.6914],[4158138.6371,1956069.8771],[4158042.3314,1955961.3571],[4157871.6914,1955700.8571],[4157549.0514,1955625.2371],[4157248.6457,1955854.1314],[4154909.3057,1950980.1914],[4154307.2114,1949742.4857],[4153811.2971,1948723.0486],[4153564.74,1948216.2057],[4153161.2657,1947386.7971],[4153160.7057,1947387.0829],[4153033.8829,1947138.3257],[4154095.2543,1946542.32],[4154477.7571,1946327.5314],[4154209.8971,1946059.1657],[4153400.3771,1946226.6657],[4153365.4914,1946254.5257],[4152903.6429,1946623.3686],[4152529.5971,1946729.48],[4152619.4971,1946315.7857],[4152678.6143,1945983.5457],[4152677.4657,1945983.0914],[4152720.8886,1945852.2457],[4152688.1943,1945710.5086],[4152666.3571,1945525.1686],[4152753.26,1945383.3743],[4152785.7971,1945219.8314],[4152807.4914,1945110.8057],[4152850.9029,1944958.1571],[4152883.4286,1944772.8143],[4152872.4629,1944587.4743],[4152904.9514,1944325.8171],[4152959.2257,1944140.46],[4153067.8629,1943987.7371],[4153187.3971,1943911.2457],[4153296.0714,1943867.4429],[4153491.6914,1943834.2943],[4153589.5,1943877.5],[4153839.4571,1943909.4486],[4153991.6029,1943952.5229],[4154176.3571,1943962.9029],[4154317.64,1943973.3971],[4154426.3086,1943907.8229],[4154611.0457,1943787.6286],[4154806.6543,1943678.3029],[4154947.9114,1943558.2029],[4155132.6543,1943459.7886],[4155241.2886,1943296.1657],[4155328.1829,1943132.5743],[4155338.9429,1942903.6286],[4155306.1914,1942641.9714],[4155251.6343,1942260.3829],[4155077.56,1942151.1057],[4154968.7457,1942031.0714],[4155033.9229,1941922.0],[4155109.9314,1941725.7229],[4155251.12,1941431.2771],[4155251.0771,1941344.06],[4155218.3857,1941202.3229],[4155120.3857,1940940.62],[4155131.18,1940777.0886],[4155152.8171,1940559.0429],[4155174.42,1940275.5829],[4155228.7143,1940133.8286],[4155304.7257,1939948.4486],[4155380.76,1939806.6714],[4155511.1486,1939686.5943],[4155587.2257,1939686.3914],[4155728.5057,1939696.8857],[4155815.4486,1939674.9029],[4155978.4657,1939674.4686],[4156098.0114,1939663.2743],[4156217.5571,1939652.0829],[4156337.1029,1939630.0114],[4156456.6457,1939673.1657],[4156597.9257,1939716.2686],[4156771.7857,1939857.0229],[4157119.54,1940019.1],[4157402.3457,1939947.5857],[4157414.8886,1939944.4143],[4157603.8457,1939896.6771],[4157246.7657,1939623.5114],[4157229.9057,1939591.7229],[4157213.4114,1939560.6286],[4157194.9857,1939525.5571],[4155602.6771,1936494.7314],[4155678.2114,1936440.3457],[4155783.9857,1936364.1857],[4155878.9743,1936337.8571],[4155894.7057,1936326.2257],[4155762.9086,1936045.4257],[4155935.84,1935669.2571],[4156589.1171,1935174.0571],[4157633.4457,1934982.4743],[4157840.0714,1934922.9057],[4158420.86,1934747.16],[4158951.0343,1933904.7143],[4159749.6086,1934172.3429],[4160330.42,1934627.7343],[4160333.5429,1934627.9629],[4160566.68,1934730.6257],[4160825.6771,1934945.3057],[4161369.6057,1935322.8543],[4162077.5,1935967.1057],[4162198.3743,1936052.92],[4162491.9657,1936138.0943],[4162664.6714,1936154.6657],[4163182.7943,1936161.1886],[4164374.3,1935412.1971],[4165410.3943,1934776.34],[4165505.34,1934654.7171],[4165686.28,1934003.7857],[4165781.0829,1933691.3286],[4165953.7257,1933508.8143],[4166206.3943,1933352.4057],[4166333.6257,1933273.6457],[4167015.7686,1932968.1057],[4167289.9,1932834.6314],[4167506.9657,1932725.3057],[4167733.8886,1932614.1857],[4167995.9886,1932476.6514],[4168222.2257,1932192.36],[4168211.8914,1931657.8543],[4168224.5,1931416.4657],[4168226.2771,1931392.4286],[4168258.2943,1931044.6886],[4167981.2686,1930586.3171],[4167678.4543,1930361.3829],[4167185.3143,1930023.9686],[4166951.68,1929790.42],[4166786.9,1929159.1286],[4166674.0371,1928588.3771],[4166345.0914,1928078.1057],[4166249.8657,1927922.4343],[4166117.9343,1927815.0629],[4165877.8229,1927619.6571],[4165652.9229,1927593.5943],[4164960.9057,1927757.3629],[4164729.8,1927771.6543],[4164545.7057,1927783.0371],[4164121.8543,1927825.9886],[4163922.8971,1927765.3657],[4163420.96,1927177.2143],[4163212.96,1926545.9143],[4163022.5457,1926286.4457],[4162901.1629,1925862.7],[4162788.6486,1925715.6686],[4162477.2343,1925611.76],[4162357.9571,1925557.64],[4161733.2743,1925274.2086],[4161430.4057,1924962.8171],[4160980.5971,1924850.1857],[4160634.5971,1924875.9],[4160331.8114,1925039.8943],[4160098.1486,1925316.2314],[4159699.8314,1926093.5114],[4159405.3714,1926732.6171],[4159336.0314,1926516.42],[4159301.2771,1926308.8743],[4159309.7229,1926084.0371],[4159257.5914,1925772.7171],[4159101.8,1925565.1429],[4158634.3086,1924926.6],[4158352.2857,1924445.3086],[4158316.7743,1924352.7543],[4158246.4514,1924169.4629],[4158205.1343,1923876.0171],[4158204.8714,1923576.7086],[4158298.3771,1923206.9629],[4158497.3657,1922755.0343],[4158514.8029,1922578.9686],[4158356.2829,1922490.88],[4157223.2114,1922953.4886],[4156959.0229,1923058.8914],[4156800.5229,1923064.66],[4156741.7857,1922988.3514],[4156832.5457,1922844.5486],[4157002.34,1922551.08],[4157119.3686,1922257.6229],[4157119.2743,1922151.9857],[4157142.4086,1921782.2457],[4157183.2829,1921576.8343],[4157288.6686,1921389.0143],[4157590.1286,1920775.6771],[4157695.4143,1920464.62],[4157689.1771,1920042.0629],[4157829.3057,1919331.9229],[4157946.2457,1918932.8314],[4157978.2543,1918648.1914],[4157849.0114,1918454.4943],[4157743.2086,1918213.8571],[4157889.5657,1917938.0029],[4157942.1114,1917668.0314],[4157900.9,1917497.8314],[4157636.6343,1917233.6686],[4157172.7857,1916922.4686],[4156700.1771,1916702.2],[4156160.0943,1916666.68],[4156143.7857,1916662.8029],[4156136.36,1916661.0743],[4155813.78,1916585.9343],[4155461.0371,1916690.68],[4155232.6743,1916758.4914],[4154997.8886,1916741.8514],[4154733.7371,1916625.7257],[4154557.6514,1916620.5743],[4154302.3229,1916636.2771],[4153903.0857,1917002.12],[4153832.58,1917155.3],[4153673.96,1917467.58],[4153386.32,1917627.2771],[4152969.5629,1917494.1571],[4152588.0343,1917425.3543],[4152329.7743,1917408.8086],[4151951.1686,1917272.6143],[4151604.8286,1917456.0286],[4151458.0886,1917450.7629],[4151205.68,1917340.4429],[4150982.6286,1917288.5857],[4150794.8,1917301.0829],[4150243.0314,1917508.76],[4149380.1257,1917946.72],[4149151.3429,1917502.8371],[4149098.1457,1916977.3314],[4149582.5114,1916477.9571],[4149662.4743,1916316.5514],[4149754.7429,1915950.0229],[4149968.8657,1915836.5086],[4150130.7286,1915722.3057],[4150557.5143,1915291.9086],[4151054.5171,1914920.3857],[4151278.2886,1914569.1314],[4151447.2,1914003.5743],[4151522.52,1913882.3257],[4151636.2029,1913706.9429],[4151768.8229,1913605.6686],[4152197.4371,1913279.1286],[4152468.26,1913173.9629],[4152599.9571,1913174.6429],[4152738.4914,1913121.9429],[4152798.0314,1913035.72],[4152825.0371,1912895.0971],[4152801.2829,1912840.3971],[4152845.0571,1912544.7143],[4152826.7143,1912005.1943],[4152909.8743,1911588.1886],[4152965.78,1911213.52],[4153193.6857,1910417.8314],[4153224.1771,1909731.6943],[4153472.86,1909229.56],[4153874.5371,1908418.5],[4153897.1914,1908372.7543],[4154102.5229,1908279.3257],[4154303.3514,1908187.9429],[4154826.7914,1907949.7686],[4154919.4143,1907911.6743],[4155093.3971,1907520.8171],[4154835.7686,1906643.9029],[4154801.2914,1906117.12],[4154711.7171,1905628.8314],[4154020.5314,1905086.7686],[4153836.5114,1904942.8229],[4153097.5886,1904438.34],[4152987.6143,1904363.2543],[4152639.5171,1904867.58],[4152424.1343,1904692.0857],[4151978.1429,1903824.3486],[4142019.6086,1908709.5429],[4137858.4629,1910771.1371],[4137738.14,1910830.7486],[4136123.8229,1911630.5486],[4136093.2857,1911645.6771],[4127896.16,1915706.8543],[4125628.1143,1916830.5314],[4124128.1,1917581.0543],[4124128.0543,1917581.0771],[4112828.32,1923234.8314],[4111946.8771,1923675.8543],[4109268.6657,1925015.8829],[4101858.3714,1928760.0657],[4101839.3057,1928769.7],[4092941.5143,1933265.4686],[4086289.3743,1936659.4714],[4086289.3514,1936659.4829],[4086122.0771,1936744.8286],[4084683.7429,1937478.6829],[4080400.6429,1939663.9686],[4078516.4857,1940625.2886],[4078081.8914,1940847.0229],[4076916.4114,1941441.6657],[4076651.1743,1941587.4771],[4069160.7114,1945705.2514],[4069159.5,1945702.8743],[4068769.5,1945907.1257],[4068288.2514,1946155.5],[4067598.0886,1946513.8514],[4067436.5,1946597.7514],[4066601.2514,1947036.6257],[4066412.5629,1947141.3314],[4066411.1486,1947142.4943],[4066403.9714,1947144.8914],[4063334.0457,1948722.0114],[4063325.0,1948724.2514],[4062850.2514,1948968.1257],[4062389.0,1949212.3743],[4062291.6229,1949270.3171],[4061963.78,1949431.8629],[4061865.6314,1949480.36],[4061715.5057,1949554.54],[4061509.5114,1949656.3257],[4060563.56,1950158.6943],[4060047.7514,1950423.3514],[4059728.8829,1950586.96],[4059542.7886,1950682.4429],[4059528.1257,1950691.6429],[4059471.6971,1950715.6629],[4059442.7657,1950734.7657],[4059419.8514,1950749.1229],[4059418.3086,1950750.0886],[4059375.4714,1950769.3286],[4059100.4657,1950909.0314],[4058472.3486,1951243.7771],[4057681.7886,1951665.0943],[4056238.02,1952409.0914],[4056212.8543,1952422.2714],[4056039.4057,1952513.1657],[4055959.4486,1952557.8857],[4055494.5314,1952772.1486],[4054659.4829,1953198.2286],[4054480.6486,1953297.5886],[4053351.9114,1953900.8714],[4053350.1029,1953901.8371],[4051925.9771,1954641.1029],[4051918.4886,1954644.9886],[4050483.3,1955389.4],[4049017.5457,1956149.6657],[4047583.1314,1956897.2314],[4046921.68,1957237.2886],[4046921.6114,1957237.3429],[4046823.0143,1957298.8029],[4046722.2657,1957350.8771],[4046562.8571,1957433.2886],[4046453.6857,1957489.7257],[4046002.5486,1957722.8],[4045960.1229,1957744.9914],[4045767.2343,1957845.8886],[4045685.0829,1957888.86],[4045608.24,1957928.1571],[4045518.7057,1957973.9429],[4045326.4686,1958075.9571],[4045247.4343,1958116.2829],[4045206.1657,1958137.34],[4045175.7743,1958153.1686],[4044753.2114,1958373.2429],[4044206.8829,1958660.2657],[4043410.7171,1959078.56],[4043377.9514,1959095.7743],[4043321.5457,1959125.4086],[4043071.9571,1959255.4714],[4043037.36,1959273.5029],[4042932.6743,1959328.0543],[4042841.3,1959375.6714],[4042772.9857,1959411.2743],[4042761.4543,1959417.2829],[4042755.2429,1959420.52],[4042706.4657,1959445.9371],[4042594.8171,1959504.12],[4042516.6029,1959544.88],[4042458.0543,1959575.3914],[4042265.5457,1959675.7171],[4042246.9143,1959685.4257],[4041886.1714,1959873.4257],[4041819.2971,1959908.2286],[4041610.7457,1960016.7714],[4041585.0057,1960030.1686],[4041161.2543,1960250.7143],[4041096.4686,1960286.9229],[4040988.8914,1960343.1114],[4040809.7657,1960436.6686],[4040800.8971,1960441.3],[4040619.1143,1960536.2457],[4040451.0343,1960624.0343],[4040079.0771,1960818.3171],[4039756.3,1960986.9171],[4039673.4486,1961030.1943],[4039248.2486,1961252.3],[4039221.6486,1961266.1943],[4039125.88,1961316.22],[4039022.9114,1961370.0086],[4038500.1971,1961639.5314],[4038129.9914,1961830.4229],[4037789.8343,1962012.5229],[4037591.1543,1962118.8829],[4037443.5343,1962196.5371],[4037187.6543,1962331.1371],[4036842.3571,1962512.78],[4036809.0543,1962530.3],[4036544.8714,1962669.2743],[4036312.9029,1962791.3029],[4036158.32,1962872.6257],[4036070.24,1962918.7771],[4035981.6143,1962965.2171],[4035920.4629,1962997.2571],[4035738.8,1963092.4486],[4035455.5371,1963240.8771],[4035416.2771,1963261.42],[4035399.4343,1963270.2314],[4035369.2943,1963286.0029],[4035097.4343,1963428.26],[4034936.5657,1963512.0343],[4034914.3943,1963523.5829],[4034876.2429,1963543.4486],[4034742.2086,1963613.2514],[4034617.4286,1963678.92],[4034556.3486,1963711.0629],[4034188.96,1963904.4114],[4034026.8771,1963989.7114],[4033918.1657,1964052.1057],[4033297.6429,1964372.2771],[4033155.8286,1964446.0771],[4033010.2743,1964521.8229],[4032860.2771,1964599.8857],[4032799.9286,1964631.2914],[4032767.9829,1964647.9171],[4032610.6714,1964729.7829],[4032539.6086,1964767.92],[4032501.1943,1964788.5371],[4032322.7543,1964884.3086],[4032292.9343,1964900.3143],[4032237.1657,1964930.0314],[4032193.8657,1964953.1029],[4032163.4886,1964966.98],[4032116.7057,1964988.3543],[4031987.9229,1965055.86],[4031879.8057,1965112.5314],[4031706.4771,1965204.1371],[4031527.6686,1965298.6371],[4031409.0286,1965360.6657],[4031202.4343,1965468.6829],[4031169.1371,1965486.0914],[4030957.8343,1965596.7714],[4030914.4057,1965619.5171],[4030664.52,1965750.4086],[4030588.3114,1965790.3286],[4030447.4171,1965864.1286],[4030417.4029,1965879.8514],[4030362.4229,1965908.8514],[4030215.5371,1965986.3257],[4030211.9971,1965988.1943],[4029842.1257,1966183.2857],[4029797.0057,1966207.0857],[4029796.0571,1966207.5857],[4029788.1571,1966211.7514],[4029781.96,1966215.0229],[4029758.9543,1966227.1543],[4029735.9457,1966239.2914],[4029376.7029,1966428.7857],[4029294.3486,1966472.2257],[4029015.2,1966617.8714],[4029004.7286,1966623.3371],[4028970.4971,1966641.1971],[4028895.3114,1966680.8343],[4028755.3086,1966754.4457],[4028643.5314,1966813.2029],[4028312.0514,1966988.1371],[4028275.0571,1967007.6771],[4028211.3714,1967041.3229],[4028200.5629,1967047.0343],[4028131.7514,1967083.3857],[4028082.6571,1967109.32],[4027968.5543,1967169.4429],[4027754.1057,1967284.5143],[4027747.5771,1967289.1686],[4027745.0743,1967299.6943],[4027745.9257,1967303.7229],[4027687.8486,1967331.9143],[4027622.5,1967363.64],[4027617.5029,1967366.0314],[4027582.7143,1967382.6743],[4027572.6086,1967387.6257],[4027554.2114,1967396.6371],[4027381.8086,1967490.3971],[4025560.0057,1968481.1829],[4025398.3314,1968550.6714],[4025337.0629,1968577.0029],[4025207.8,1968632.56],[4024832.9114,1968793.6829],[4024737.4914,1968844.8914],[4024398.2,1969026.98],[4024252.2457,1969105.3086],[4024199.2886,1969133.36],[4024032.7714,1969221.5686],[4023995.8,1969241.1514],[4023736.1629,1969378.6829],[4023364.7314,1969585.5714],[4023174.48,1969691.54],[4022895.6,1969846.88],[4021899.0114,1970401.98],[4021382.7314,1970673.1914],[4021012.6914,1970867.58],[4020532.2114,1971119.9914],[4020422.7114,1971177.5114],[4020304.0,1971239.8743],[4018754.7514,1972061.3743],[4014562.0029,1974265.6286],[4014579.1743,1974297.9257],[4011925.2029,1975709.2771],[4010630.0657,1976360.6514],[4010429.2514,1976467.7514],[4009630.1629,1976889.2286],[4009572.9257,1976919.42],[4009470.58,1976968.4114],[4009455.0457,1976975.8486],[4009350.66,1977035.5829],[4009272.9629,1977076.9914],[4008414.5029,1977535.2543],[4008194.2286,1977651.5457],[4007835.78,1977840.7886],[4007679.1886,1977923.46],[4007520.8486,1978003.8486],[4007519.6886,1978004.86],[4007489.8914,1978030.82],[4007477.4171,1978037.42],[4006854.7914,1978366.8343],[4006200.1743,1978713.1771],[4006178.6029,1978720.04],[4006138.1086,1978738.0943],[4006104.2629,1978753.1829],[4006034.7486,1978792.2629],[4004979.8771,1979385.2829],[4004769.4914,1979503.5543],[4003698.9314,1980066.2714],[4003689.0743,1980071.4514],[4002617.6457,1980634.6257],[4001394.9657,1981295.2286],[3999062.2457,1982555.58],[3999072.0,1982532.7514],[3996963.2514,1983679.7514],[3994386.0,1985077.7514],[3991257.9686,1986489.2886],[3988917.82,1988095.4486],[3989328.26,1992066.9971],[3989487.7086,1993509.78],[3989832.0857,1996541.6771],[3990304.9429,2000604.4229],[3990619.6314,2003173.7086],[3990698.7914,2003835.3543],[3990734.5229,2004134.0171],[3990777.2857,2004491.4514],[3990864.7514,2005222.5],[3990893.8114,2005487.32],[3990980.9486,2006281.3914],[3991071.4257,2007105.9029],[3991215.0914,2008415.0914],[3991348.7514,2009633.1257],[3991372.5,2010652.2514],[3991326.5,2011628.2514],[3991218.7514,2012445.2514],[3991023.2943,2013474.5514],[3990965.3257,2013779.8286],[3990909.7514,2014072.5],[3990683.0171,2014959.8229],[3990678.5,2014977.5],[3990334.2514,2015966.6257],[3989916.2514,2017028.8743],[3989406.0,2018196.8743],[3988773.4743,2019438.5057],[3988773.4143,2019438.6229],[3988747.7514,2019489.0],[3988068.0,2020928.8743],[3987368.0,2022289.3743],[3986722.7514,2023495.8743],[3986549.7943,2023795.7543],[3985976.5,2024789.7514],[3985463.4,2025618.0543],[3985445.62,2025646.7543],[3985125.7514,2026163.1257],[3984695.4286,2026798.5114],[3984284.0,2027406.0],[3983185.2514,2028912.1257],[3982143.2514,2030206.1257],[3980939.2514,2031598.0],[3979522.4486,2033250.04],[3979493.4829,2033283.8143],[3978764.7029,2034133.5943],[3978637.28,2034282.1743],[3975986.04,2037195.78],[3974156.4086,2039087.5486],[3974104.8686,2039135.5257],[3971560.4029,2041504.0429],[3970581.1114,2042328.7114],[3968412.0543,2044155.2857],[3967342.72,2045042.8914],[3966876.3457,2045430.0057],[3966541.4743,2045707.8343],[3965503.7143,2046568.8257],[3964582.9657,2047284.8371],[3965059.1857,2048047.5],[3965603.9371,2048927.7114],[3966238.4457,2050005.28],[3966702.4829,2050879.7686],[3967274.3543,2052113.3314],[3967791.54,2053432.6829],[3967954.2114,2053881.6314],[3968222.1943,2054608.1343],[3968306.8,2054832.2543],[3968862.8286,2056616.9914],[3969278.2314,2058355.9457],[3969501.8371,2059279.28],[3969650.4571,2060710.8086],[3969666.5886,2060817.9857],[3969749.3971,2061487.54],[3969761.1914,2061520.4314],[3969761.6086,2061521.5971],[3969952.1657,2062053.0029],[3969972.6629,2062108.7143],[3970408.4486,2063171.42],[3970580.6971,2063601.1971],[3971070.2657,2064929.5486],[3971359.2,2065928.6486],[3971456.7514,2066491.8686],[3971495.2743,2066706.8743],[3971556.1543,2067473.0571],[3971572.2114,2067675.1457],[3971551.7629,2068330.3371],[3971519.3629,2069139.1743],[3971470.5943,2069441.1429],[3971468.7371,2069453.02],[3971201.9857,2071165.6657],[3971004.9086,2072398.82],[3970793.32,2073081.0029],[3970800.14,2073084.1486],[3970260.1486,2075080.6086],[3970122.2629,2075466.8829],[3969686.3657,2076683.3714],[3969023.5114,2078785.8286],[3967746.6171,2081737.2629],[3967400.4429,2082471.3943],[3966964.9743,2083394.8914],[3966846.3829,2088772.5343],[3966850.6943,2088774.4486],[3970571.56,2090423.6229],[3972826.5629,2091393.4857],[3972938.1457,2091413.6543],[3974340.7743,2091667.2114],[3975363.8371,2091498.9371],[3976796.6829,2091044.5229],[3978025.5829,2090469.62],[3980047.5971,2089975.4886],[3980235.7829,2089929.5029],[3981618.4257,2089855.8171],[3981952.3971,2089841.3857],[3983945.9743,2089768.7086],[3987322.8314,2089782.68],[3988584.0829,2089868.84],[3988605.5143,2089885.7543],[3988860.9743,2090090.2686],[3989349.2914,2090482.5914],[3989411.3086,2090551.38],[3990241.9286,2091457.0143],[3991054.9714,2092876.7286],[3991179.7143,2094336.56],[3991254.5543,2096277.6457],[3991721.5857,2096994.9429],[3992915.6171,2098564.2371],[3995214.1486,2101720.6257],[3994925.2143,2102000.8457],[3993697.3857,2103229.9829],[3995464.08,2106018.76],[3994982.0286,2106499.6314],[3996037.3829,2108379.5771],[3997019.78,2109905.9914],[3997028.8029,2109920.0143],[3996596.6543,2110132.1571],[3996272.1886,2110291.4371],[3996272.06,2110305.7686],[3996262.1286,2111415.6743],[3996056.12,2111954.9771],[3996063.66,2112460.4514],[3995446.9229,2112587.1229],[3995081.2286,2113142.0143],[3995231.9029,2113629.5429],[3995443.38,2113846.0257],[3995916.5886,2114658.3257],[3996542.7571,2115302.0543],[3995621.7371,2116830.9943],[3995550.26,2117510.5486],[3995174.72,2118315.2686],[3995085.3171,2118655.0429],[3996892.2257,2119996.0429],[3997035.5086,2121605.52],[3996731.4743,2122034.6886],[3998296.9057,2123760.2543],[3999048.2743,2123724.2829],[3999960.7571,2125387.3543],[4001266.72,2124850.3571],[4002161.2057,2125011.1114],[4002769.4943,2124259.5771],[4003395.6429,2123937.4171],[4004272.2429,2124151.8371],[4004969.9486,2124509.3886],[4004898.5686,2126065.22],[4005041.7429,2126691.1257],[4004898.7314,2127495.86],[4004567.86,2127826.6657],[4004871.1857,2128351.6629],[4005421.6171,2128976.4057],[4005872.4286,2129473.9257],[4007196.64,2129093.26],[4007638.0571,2129487.5057],[4007638.1714,2130510.8029],[4007414.7943,2130669.2771],[4007056.04,2130923.7971],[4006157.0971,2131418.9343],[4005874.4543,2131491.8029],[4005051.7229,2131956.6429],[4004264.78,2132653.9914],[4003379.5229,2134075.6343],[4002753.9914,2134352.9829],[4002239.4286,2134711.2229],[4002258.2543,2135114.9114],[4003019.0029,2135433.9857],[4003022.0514,2135434.4429],[4003576.6629,2136060.2971],[4004220.7029,2136417.8629],[4005258.3171,2136882.6486],[4005273.5743,2136891.0371],[4005973.9143,2137275.9714],[4005974.0057,2138098.5914],[4005205.0143,2139511.3057],[4005840.1543,2140485.8886],[4005786.5229,2140772.0171],[4006197.9886,2140825.5714],[4006484.2286,2141004.3629],[4007074.5943,2141290.3971],[4007575.5229,2141701.6457],[4007951.2514,2142381.18],[4008577.4971,2143829.68],[4008595.4229,2144169.4571],[4009096.3429,2144473.3971],[4009098.9571,2144493.8543],[4009202.8229,2145314.5343],[4010060.5,2145601.1971],[4011650.6857,2146389.1571],[4012928.0371,2145468.7429],[4014214.4886,2146077.6486],[4016162.1943,2145631.4714],[4016733.6743,2144934.3086],[4016929.4971,2144040.3857],[4016928.5971,2143164.3343],[4017231.94,2142502.86],[4018143.2771,2142485.4343],[4019626.3429,2143004.9743],[4019781.1514,2141142.5543],[4019785.3571,2141091.9657],[4020071.2343,2140949.0286],[4020499.9971,2140645.2029],[4021214.7686,2140609.7886],[4021357.6229,2140413.1514],[4021357.2171,2140019.82],[4021517.8857,2139751.6629],[4021553.1829,2139286.82],[4021731.8114,2139125.9514],[4022321.4971,2139072.5886],[4022571.6571,2139144.2743],[4022893.3057,2139144.4371],[4023232.8,2139269.8343],[4023429.3486,2139198.3914],[4024019.0229,2139341.8],[4024340.6686,2139359.8514],[4024680.08,2139073.8743],[4025162.5229,2139235.12],[4026061.3486,2139271.5686],[4026083.5171,2139596.16],[4026403.6486,2141943.3914],[4027149.7286,2142903.9543],[4027362.9629,2143544.1486],[4026564.2457,2145198.1057],[4026830.94,2146745.1571],[4028269.6657,2147599.7971],[4029175.5771,2148507.1771],[4029335.5257,2149094.0057],[4028909.5686,2150107.6886],[4028909.9914,2152134.8143],[4029123.2457,2152881.6943],[4029762.7143,2153522.1971],[4029496.4629,2154002.4],[4028963.88,2153523.9143],[4028324.76,2153098.7657],[4027685.6143,2153099.6314],[4026833.4257,2153313.9143],[4027324.6657,2154821.5286],[4027633.0629,2155767.9829],[4027889.2457,2156006.2743],[4028074.1829,2156178.2943],[4028379.0971,2156461.9143],[4029551.36,2156623.3343],[4029817.7857,2156730.2743],[4031789.3086,2156413.34],[4033227.9914,2156575.12],[4034314.5343,2156458.5229],[4034568.9229,2155146.2314],[4035055.4886,2154776.7857],[4035868.8371,2155213.6543],[4036659.7714,2155056.5943],[4038450.22,2153814.3343],[4039298.0457,2153374.8657],[4039608.9057,2153340.7543],[4040145.7657,2153505.52],[4040980.9057,2152980.0571],[4041825.9571,2152904.1714],[4042417.5029,2153138.6171],[4042671.14,2152344.5743],[4042666.3,2151711.78],[4043233.0514,2151002.3229],[4044182.5029,2150668.2229],[4045171.7086,2150744.1143],[4045847.7571,2150951.32],[4046273.5543,2151465.4971],[4046191.1029,2151752.2771],[4046376.2914,2152122.1829],[4046638.7029,2152707.8514],[4047024.1114,2152985.4371],[4047317.4057,2153648.1686],[4047579.8029,2154218.4286],[4047980.5543,2154357.3971],[4047996.2114,2154603.9771],[4047935.0686,2155020.0743],[4048073.88,2155205.0514],[4048012.6086,2155497.8686],[4047751.2086,2155682.9286],[4047705.3629,2156006.56],[4047890.5686,2156391.8743],[4047952.5,2156715.5114],[4048183.7286,2156854.3371],[4048122.4743,2157162.56],[4047922.8829,2157655.7486],[4048000.1543,2157917.7486],[4048262.2343,2158118.2143],[4048293.2114,2158287.7371],[4048493.8629,2158719.2857],[4048817.5343,2158658.0143],[4049233.7143,2158843.2],[4049419.1771,2159490.4886],[4049422.2257,2159488.5343],[4049517.8886,2159932.7029],[4049881.8429,2160821.8229],[4050426.3171,2161169.0543],[4050758.3171,2161702.5829],[4051020.2171,2161983.3543],[4051404.5029,2162509.9429],[4052158.1114,2162599.1657],[4052506.88,2163205.2286],[4053199.9629,2163650.9143],[4053677.4457,2164096.7686],[4053862.3543,2164573.5514],[4054185.84,2165004.1171],[4054817.3086,2165372.9114],[4055156.1457,2165588.0657],[4055310.2029,2165849.5057],[4055325.7629,2166403.2314],[4055372.0143,2166603.1829],[4055387.4657,2166787.7571],[4055387.5257,2166987.7143],[4055372.1857,2167172.2857],[4055264.4743,2167341.4486],[4055249.1086,2167449.1171],[4055218.3429,2167526.0171],[4055202.9771,2167633.6857],[4055156.84,2167802.8743],[4055095.3229,2168018.2029],[4054910.6371,2168171.9286],[4054849.1143,2168371.8743],[4054664.4429,2168571.7629],[4054525.9543,2168802.44],[4054387.5257,2169233.0943],[4054218.2543,2169479.1429],[4053910.42,2169540.42],[4053679.5571,2169678.7229],[4053602.7029,2170094.0086],[4052910.0886,2170339.6314],[4052756.1857,2170216.2629],[4052556.1514,2169861.7486],[4052309.8857,2169876.9029],[4052125.2343,2170169.0943],[4051940.5314,2170199.7029],[4051632.7029,2170107.0114],[4051448.02,2169937.4057],[4051346.4029,2170052.6571],[4050570.2514,2170100.5314],[4049988.2,2169581.3114],[4049759.1057,2170335.5086],[4049675.5257,2170916.7286],[4049781.4029,2170976.76],[4050090.5486,2171152.08],[4050464.0886,2171581.28],[4050463.7229,2172740.7371],[4050137.9886,2174152.86],[4049424.8429,2174820.9114],[4049417.7257,2175443.9029],[4049729.2829,2175584.6543],[4050413.9686,2175893.9714],[4050496.6914,2175907.1829],[4051368.7257,2176046.4229],[4052226.5857,2176548.3771],[4052821.4771,2177261.4],[4054205.1714,2177694.24],[4055360.5429,2178151.2571],[4056107.7429,2177999.1543],[4056508.7686,2179117.0971],[4056619.06,2180508.4457],[4056468.3286,2180747.5657],[4056141.2457,2181266.4486],[4056099.4943,2181986.3514],[4056639.0143,2182761.6657],[4057005.6914,2182879.3943],[4057718.2143,2182180.6],[4058409.9429,2181336.4886],[4059267.8371,2181104.8229],[4060374.8057,2181160.4114],[4062159.7686,2180589.8257],[4062882.9229,2180175.1886],[4062934.3086,2180013.0343],[4063229.7257,2180076.6029],[4063837.6029,2180207.4057],[4064197.9543,2180065.7257],[4064106.0943,2180421.6286],[4065133.2857,2182387.72],[4064819.6029,2183185.5943],[4064135.0743,2183470.12],[4063507.58,2183469.5],[4063329.0743,2184912.0229],[4063966.4486,2184974.9886],[4064827.0057,2184560.1229],[4066357.1714,2183348.3629],[4067058.3286,2183092.8914],[4068014.7571,2182232.0114],[4068589.0657,2181212.1],[4069053.5143,2181391.5143],[4069493.4114,2182431.9829],[4069779.3629,2182973.3057],[4070607.5857,2183200.5743],[4071207.5686,2182629.1543],[4071593.8029,2182371.0171],[4071892.4543,2181720.78],[4072698.5771,2181495.7457],[4073554.5343,2181602.7143],[4074252.76,2182079.0857],[4074560.5371,2182559.9057],[4075433.3,2183131.5171],[4076031.6743,2183338.3457],[4076945.8114,2183499.1971],[4078300.8429,2182360.06],[4079123.6,2182620.5914],[4079354.54,2182701.0571],[4079954.6743,2182910.1571],[4080001.8829,2182915.6229],[4080735.8371,2183000.6057],[4081558.5486,2182966.5029],[4082119.7257,2183546.5457],[4082968.6429,2183686.9286],[4083202.2571,2183710.8914],[4085847.1029,2183982.1371],[4087259.1771,2184116.2086],[4088562.6286,2183979.1571],[4089974.8086,2183435.02],[4090683.6286,2183194.96],[4091010.5914,2183448.7057],[4091256.8343,2183640.3629],[4091837.8543,2183623.6286],[4091976.5543,2183711.8571],[4092099.9114,2183790.7143],[4092205.34,2183857.8886],[4092659.5829,2184147.3143],[4093074.8571,2183965.1486],[4093340.7143,2183600.3629],[4093325.6914,2183254.8429],[4093307.9029,2182845.7457],[4093416.2571,2181991.6257],[4093705.5057,2181852.5657],[4094113.82,2181655.7457],[4095035.4857,2181365.1771],[4095558.6257,2180958.4143],[4095477.6971,2180527.7714],[4095426.0229,2180252.8171],[4095741.6657,2179588.7257],[4097028.66,2179642.6257],[4097626.56,2180248.5457],[4098315.7343,2180082.5029],[4098730.4429,2179863.68],[4098764.12,2179845.9086],[4099245.7057,2179804.3857],[4099760.5229,2179530.4343],[4100175.6829,2179455.7114],[4100640.6857,2179156.86],[4100966.32,2179131.3143],[4101064.1486,2179123.64],[4101246.8429,2179306.2457],[4101371.5086,2179825.02],[4101280.3914,2180472.4543],[4101421.7057,2181153.0914],[4101621.0657,2181601.3086],[4101654.3714,2181949.9257],[4101936.7343,2182331.7429],[4102144.3229,2182435.4943],[4102493.5714,2183116.3514],[4102650.9914,2183423.24],[4102984.0057,2183553.1429],[4102983.1229,2183547.7457],[4103721.3657,2183723.5714],[4104127.7886,2183940.3057],[4104592.1514,2184460.4857],[4104865.8743,2184353.16],[4105297.2143,2184387.2257],[4105629.0114,2184338.0857],[4105633.76,2184340.9543],[4106160.4,2184658.0143],[4106741.5943,2184669.5057],[4107455.4943,2184683.3657],[4108567.8714,2184102.5429],[4108999.5457,2184484.4829],[4109760.0229,2184639.9829],[4110894.4486,2185519.5486],[4112555.1257,2187097.5829],[4113381.7914,2187844.2257],[4114999.9886,2188212.5143],[4115933.66,2188228.4343],[4116543.3857,2188238.7314],[4117021.3914,2187868.7257],[4117070.04,2187624.9657],[4117294.7057,2187231.8457],[4117491.2943,2186894.8886],[4117800.4086,2186810.9286],[4117947.7971,2186838.7714],[4119149.2857,2187065.7257],[4119486.42,2186728.8743],[4119936.0257,2186532.6457],[4120441.8486,2186673.9029],[4120694.4743,2187321.5371],[4120693.6657,2188560.3771],[4121519.8286,2189871.7114],[4121776.5143,2190645.9914],[4121817.5714,2192363.4714],[4122125.5629,2194376.6171],[4123246.7229,2194752.0714],[4123282.7229,2194764.1286],[4123287.0143,2194743.4771],[4123294.3829,2194719.4114],[4123304.06,2194699.6286],[4123314.5714,2194679.4029],[4123326.0571,2194658.6543],[4123334.0657,2194639.7657],[4123343.3514,2194621.2686],[4123353.4686,2194602.3171],[4123365.9714,2194585.6657],[4123367.18,2194581.6314],[4123381.1457,2194557.2457],[4123395.32,2194539.7057],[4123412.1457,2194520.56],[4123429.4429,2194504.5543],[4123443.3486,2194488.2086],[4123456.1343,2194470.16],[4123468.0571,2194450.2571],[4123478.3543,2194435.8486],[4123482.2029,2194430.4029],[4123497.2086,2194409.9171],[4123510.36,2194388.2829],[4123523.24,2194368.0429],[4123531.5286,2194347.7657],[4123537.1343,2194326.7686],[4123539.2029,2194303.22],[4123542.2629,2194281.4429],[4123545.2029,2194259.5686],[4123546.4514,2194238.76],[4123546.1857,2194227.5029],[4123545.48,2194217.8971],[4123542.2886,2194196.9829],[4123540.3429,2194176.6371],[4123536.7257,2194157.1771],[4123532.2171,2194133.7486],[4123527.5257,2194108.28],[4123524.7057,2194083.7743],[4123521.4229,2194058.6286],[4123519.0171,2194035.1429],[4123519.2286,2194029.3257],[4123521.08,2194011.5857],[4123523.5,2194003.5229],[4123528.2486,2193980.6829],[4123532.9771,2193958.0171],[4123539.5971,2193938.6314],[4123547.4229,2193917.7],[4123554.4429,2193897.0257],[4123559.22,2193888.9457],[4123570.7743,2193872.6314],[4123586.86,2193860.6543],[4123603.9343,2193850.4743],[4123622.6829,2193839.3886],[4123639.6371,2193829.0857],[4123658.5314,2193817.9371],[4123664.2057,2193813.8314],[4123679.1943,2193793.5429],[4123691.14,2193775.9457],[4123703.5029,2193756.8714],[4123708.3257,2193750.9086],[4123715.0057,2193738.4343],[4123717.8,2193726.7829],[4123722.9543,2193715.1257],[4123734.28,2193692.1514],[4123742.9771,2193683.0571],[4123762.6971,2193671.4543],[4123772.3314,2193668.4514],[4123788.0657,2193662.3771],[4123806.5571,2193652.5086],[4123823.8657,2193638.8029],[4123829.0257,2193627.14],[4123838.0,2193616.6571],[4123846.7629,2193611.98],[4123853.2486,2193605.1286],[4123854.8343,2193597.5143],[4123862.0914,2193585.7943],[4123864.1571,2193583.6286],[4123869.7943,2193574.9171],[4123872.3,2193573.58],[4124387.3943,2191713.5371],[4125166.7943,2191044.8886],[4126217.4886,2190272.8029],[4127899.9,2189024.92],[4130021.06,2187112.7514],[4130403.4314,2186768.0543]]]}},{"type":"Feature","properties":{"CARUID":"5903","CARENAME":"Thompson-Okanagan","LANDAREA":94039.3792},"geometry":{"type":"Polygon","coordinates":[[[4375952.1114,2269366.1],[4376642.7171,2269275.5743],[4377153.1771,2269605.42],[4377513.5171,2270025.3686],[4378174.1029,2270295.0943],[4378474.3829,2269964.5543],[4379495.4286,2268011.6343],[4379795.7486,2267350.66],[4380606.4571,2267200.0029],[4381297.0686,2267439.6971],[4382257.9229,2267859.3171],[4382667.1571,2268014.2886],[4383153.1257,2266925.4857],[4383576.2143,2265758.6114],[4383594.1829,2265388.2371],[4383297.6457,2264665.8543],[4382945.4886,2263795.2971],[4383295.4314,2263183.9257],[4383663.9314,2262665.0829],[4383885.1029,2262424.1057],[4383921.6143,2262109.2829],[4384031.4857,2261424.0714],[4384178.7143,2261072.1371],[4384399.8886,2260831.16],[4384768.6771,2260626.8543],[4385063.7314,2260496.6971],[4385137.3571,2260329.9886],[4385118.5629,2260089.2429],[4385062.8514,2259867.0029],[4384600.3057,2259440.52],[4384415.1971,2259181.1],[4384396.3771,2258921.8371],[4384616.54,2257866.2171],[4384781.5571,2256995.8],[4384780.8086,2256440.2429],[4384743.2457,2255977.2771],[4384557.3229,2255069.8171],[4384463.9514,2254310.54],[4384407.8229,2253773.4943],[4384333.4143,2253384.5829],[4384129.4686,2252828.9286],[4384166.0029,2252532.6257],[4384313.1857,2252143.6629],[4384488.0114,2251656.1886],[4384552.3171,2251476.8771],[4384865.4114,2250921.0971],[4384925.42,2250849.5657],[4385363.0,2250328.0],[4385989.6571,2249642.1429],[4386247.6971,2249364.0886],[4386394.9943,2249067.6943],[4386450.0171,2248789.9029],[4386394.1086,2248419.5171],[4386282.8514,2248104.6514],[4386245.6114,2247882.4229],[4386207.3057,2246863.8971],[4386210.4457,2246863.9714],[4386332.3171,2246013.2257],[4386778.36,2246106.4886],[4388621.5771,2246039.5086],[4389072.7943,2245315.5286],[4388935.5371,2244590.3057],[4389842.6086,2243944.2343],[4389837.0657,2243929.0771],[4389816.4171,2243069.2571],[4389835.9257,2242249.4286],[4389895.4143,2241209.6543],[4390055.5343,2240649.8486],[4390235.8514,2240992.2686],[4390516.5171,2241214.2],[4390937.5657,2241376.26],[4391258.38,2241357.2971],[4391579.18,2241238.0829],[4391899.9429,2240998.6857],[4392200.5686,2240599.1114],[4392460.9257,2239939.42],[4392621.1886,2239599.6114],[4392680.9714,2238999.7457],[4392740.9314,2238659.8371],[4392941.3086,2238320.0943],[4393282.0286,2237880.5857],[4394183.9886,2236821.9429],[4394745.2771,2236302.8914],[4395042.4857,2235868.2686],[4395045.96,2235863.2486],[4396533.5771,2237057.2686],[4396920.2486,2237295.6971],[4397306.0886,2237313.78],[4397590.3943,2237292.2514],[4397961.64,2237067.7686],[4398158.1257,2236949.7314],[4398480.5543,2236670.3257],[4399105.5286,2236011.3886],[4399528.2914,2235932.6343],[4399910.7943,2236014.26],[4400474.6,2236257.1771],[4402185.9486,2236805.2029],[4402930.7857,2236908.1543],[4403159.3914,2236873.9086],[4403452.9429,2236827.7629],[4404074.3143,2236564.7857],[4404515.2829,2236362.6],[4404976.3229,2236240.6971],[4405451.7343,2236197.8171],[4406072.5743,2236179.0514],[4406273.9257,2236161.6143],[4406290.5629,2235993.1257],[4406223.2286,2235841.4486],[4405903.4171,2235150.4429],[4405600.3771,2234425.7714],[4405465.2857,2233650.7057],[4405464.7543,2233077.8629],[4405564.8629,2232370.2086],[4405799.12,2231460.3029],[4406016.7971,2230786.26],[4406133.8343,2230230.2257],[4406133.4286,2229792.1686],[4405998.5543,2229252.9657],[4408716.7686,2229781.6057],[4408447.46,2229208.5714],[4408464.0343,2228972.6914],[4408395.9771,2228029.1771],[4408362.1029,2227725.9],[4408159.7886,2226917.1],[4408075.2314,2226293.6943],[4408142.0914,2225956.7057],[4408343.3314,2225703.7543],[4408712.4457,2225534.5171],[4409249.3829,2225499.2171],[4409584.9714,2225548.5229],[4409920.48,2225799.1171],[4410187.4486,2225915.1086],[4410188.9257,2225915.7514],[4410373.5,2225931.9571],[4410725.8686,2225947.6286],[4411128.56,2225845.5429],[4411430.5886,2225794.1829],[4412068.1857,2225960.04],[4412571.5343,2226143.0829],[4412907.12,2226192.3886],[4413259.4229,2225955.9114],[4413426.9657,2225551.4457],[4413627.9143,2224944.8],[4413778.6514,2224523.5057],[4413996.7029,2224304.1914],[4414399.3743,2224134.8543],[4414667.8371,2224066.7943],[4415053.7629,2224082.3657],[4415355.7857,2224148.56],[4415657.7886,2224281.8714],[4415909.4429,2224432.0943],[4416127.5686,2224481.7686],[4416278.5714,2224414.0629],[4416932.9514,2224260.7714],[4417201.42,2224243.1229],[4417654.46,2224191.2886],[4418577.3286,2224221.9457],[4419013.5943,2224203.7629],[4419248.4857,2224102.1829],[4419349.0857,2223950.4514],[4419348.8657,2223714.5743],[4418928.2829,2223073.9371],[4418675.9,2222652.5057],[4418235.1086,2221706.7314],[4420605.4743,2220534.2943],[4423732.5686,2218987.5629],[4423932.84,2218888.5029],[4423936.0,2218890.7886],[4423944.0743,2218897.0686],[4423949.0,2218901.3486],[4423954.1886,2218905.6886],[4423961.42,2218907.8771],[4423970.1371,2218910.7543],[4423977.5143,2218912.8771],[4423984.0829,2218913.3057],[4423993.8771,2218913.4486],[4424001.8171,2218914.4543],[4424011.02,2218915.9086],[4424021.1886,2218917.0886],[4424027.7571,2218917.5171],[4424033.4771,2218918.3371],[4424042.6743,2218919.7943],[4424048.1943,2218922.7714],[4424050.6829,2218923.8657],[4424057.3171,2218926.5],[4424062.5143,2218926.3486],[4424068.42,2218925.0114],[4424077.0371,2218922.4314],[4424083.28,2218919.7314],[4424088.8114,2218917.36],[4424095.5743,2218915.6286],[4424100.5114,2218914.5714],[4424107.08,2218914.9971],[4424115.28,2218916.9143],[4424127.1143,2218919.3971],[4424132.7514,2218922.4886],[4424143.3886,2218927.5914],[4424151.6543,2218931.7143],[4424156.3229,2218935.0829],[4424163.7457,2218935.1057],[4424172.0857,2218936.9571],[4424180.6943,2218939.7257],[4424189.4971,2218940.3371],[4424198.4343,2218940.8743],[4424208.1629,2218938.8114],[4424212.6943,2218936.9086],[4424218.2,2218934.7171],[4424222.8771,2218932.7371],[4424227.4114,2218930.8343],[4424235.5114,2218927.28],[4424245.16,2218927.4914],[4424257.9657,2218929.7086],[4424264.5343,2218930.1371],[4424270.2429,2218930.9486],[4424279.5229,2218930.1314],[4424284.0629,2218928.2286],[4424288.7371,2218926.2486],[4424298.1771,2218923.46],[4424303.9686,2218922.0057],[4424310.2771,2218921.5143],[4424316.0686,2218920.0629],[4424320.98,2218919.1857],[4424328.2257,2218916.0257],[4424333.6743,2218915.9257],[4424340.6514,2218917.2086],[4424348.3971,2218920.36],[4424358.78,2218924.5514],[4424369.5343,2218929.7686],[4424380.3657,2218932.7114],[4424390.42,2218933.7771],[4424396.1371,2218934.5943],[4424401.0743,2218933.5371],[4424406.3857,2218933.5029],[4424413.0943,2218933.8657],[4424420.1171,2218933.0457],[4424427.6829,2218933.0143],[4424436.0771,2218932.7743],[4424444.5,2218932.3514],[4424445.3571,2218931.9571],[4424454.7486,2218931.2571],[4424461.9114,2218930.3743],[4424470.4514,2218930.0657],[4424480.7057,2218928.9829],[4424485.8971,2218928.8343],[4424495.3686,2218925.86],[4424497.1943,2218925.1914],[4424502.3257,2218921.9743],[4424509.8914,2218921.9457],[4424515.2029,2218921.9114],[4424526.9,2218919.1257],[4424537.2257,2218915.7486],[4424542.62,2218913.4486],[4424554.3143,2218910.6514],[4424560.8143,2218908.0171],[4424567.3314,2218900.8857],[4424571.4743,2218892.78],[4424577.54,2218886.8971],[4424581.8143,2218884.0743],[4424587.8,2218880.4657],[4424592.3829,2218876.46],[4424597.14,2218872.2086],[4424603.9629,2218863.0514],[4424608.3114,2218857.9457],[4424611.6686,2218853.3057],[4424616.7429,2218842.5343],[4424619.8857,2218834.8857],[4424621.6114,2218828.76],[4424624.7829,2218820.9314],[4424629.0,2218810.5514],[4424636.4857,2218803.1457],[4424641.1657,2218801.1771],[4424651.0086,2218799.2314],[4424658.4343,2218799.2657],[4424664.7429,2218798.7743],[4424670.5343,2218797.3229],[4424675.4771,2218796.2629],[4424682.24,2218794.5343],[4424689.8514,2218792.4143],[4424697.8057,2218788.0714],[4424705.0514,2218784.9143],[4424714.5229,2218781.94],[4424720.0229,2218779.7514],[4424727.2714,2218776.6029],[4424733.6286,2218774.0229],[4424739.6143,2218770.4143],[4424747.7114,2218766.8629],[4424752.84,2218763.6486],[4424758.2257,2218761.3429],[4424764.14,2218760.0057],[4424770.4514,2218759.5257],[4424777.4714,2218758.7057],[4424784.7086,2218755.5514],[4424792.4743,2218753.3629],[4424797.86,2218751.0571],[4424802.9171,2218750.1143],[4424812.1943,2218749.2971],[4424821.8457,2218749.52],[4424826.9029,2218748.5771],[4424832.2886,2218746.2714],[4424840.4971,2218742.84],[4424850.7457,2218741.7457],[4424855.6886,2218740.6857],[4424861.0743,2218738.38],[4424866.98,2218737.0457],[4424873.3743,2218734.2914],[4424880.1314,2218732.5543],[4424884.6714,2218730.6486],[4424887.3743,2218729.4086],[4424892.7686,2218727.1],[4424899.5314,2218725.3714],[4424906.8829,2218722.3343],[4424911.4229,2218720.4286],[4424920.8943,2218717.4571],[4424926.4286,2218715.0857],[4424932.1886,2218713.8171],[4424938.5771,2218711.0514],[4424945.34,2218709.3257],[4424951.1314,2218707.8714],[4424957.6343,2218705.2257],[4424963.02,2218702.92],[4424969.4143,2218700.1657],[4424981.5629,2218696.1314],[4424987.3571,2218694.6686],[4424993.2629,2218693.3343],[4425000.62,2218690.3057],[4425007.2714,2218688.46],[4425013.1714,2218687.1171],[4425020.34,2218686.2429],[4425026.5343,2218685.6343],[4425033.5543,2218684.8171],[4425039.8657,2218684.3343],[4425045.1771,2218684.3029],[4425055.2314,2218685.3686],[4425066.4029,2218686.0914],[4425075.2029,2218686.7029],[4425082.9486,2218689.8571],[4425092.3657,2218694.3257],[4425103.5686,2218698.3086],[4425114.8057,2218702.0971],[4425123.5543,2218704.8029],[4425133.1514,2218707.1057],[4425140.1771,2218706.2857],[4425145.3086,2218703.0686],[4425147.1343,2218702.4],[4425151.0857,2218696.46],[4425154.9029,2218685.2286],[4425159.9771,2218674.4571],[4425162.7,2218667.8743],[4425166.5086,2218661.9886],[4425171.3114,2218655.6486],[4425175.1829,2218651.9829],[4425184.0743,2218644.9743],[4425189.0543,2218641.8143],[4425216.1371,2218634.7229],[4425224.7543,2218632.1429],[4425232.8514,2218628.5943],[4425242.7029,2218626.6571],[4425244.9229,2218626.8343],[4425247.6343,2218625.5914],[4425253.54,2218624.2571],[4425259.3343,2218622.8057],[4425266.0943,2218621.08],[4425272.4857,2218618.3143],[4425278.8457,2218615.7429],[4425284.3771,2218613.3714],[4425290.1714,2218611.92],[4425295.08,2218611.0457],[4425304.9543,2218608.9171],[4425314.8,2218606.9829],[4425321.5571,2218605.2457],[4425326.24,2218603.2771],[4425332.0343,2218601.8143],[4425340.0543,2218600.5486],[4425349.4514,2218599.8514],[4425355.2429,2218598.4],[4425361.4057,2218597.9743],[4425366.7171,2218597.9429],[4425373.6257,2218596.1486],[4425385.2114,2218593.2457],[4425390.7114,2218591.06],[4425397.1,2218588.2971],[4425402.4914,2218586.0029],[4425408.8543,2218583.42],[4425415.2371,2218580.6571],[4425420.3657,2218577.4429],[4425425.76,2218575.1343],[4425431.7457,2218571.5286],[4425435.88,2218568.7714],[4425443.5086,2218561.3029],[4425447.6686,2218558.3629],[4425454.5086,2218554.3657],[4425463.0971,2218551.9686],[4425470.6686,2218551.94],[4425479.2829,2218549.36],[4425490.0629,2218544.7514],[4425495.1943,2218541.5371],[4425505.04,2218539.6029],[4425512.2029,2218538.72],[4425520.4457,2218535.1029],[4425527.6629,2218532.14],[4425535.8714,2218528.7114],[4425541.2657,2218526.4029],[4425546.2029,2218525.3457],[4425552.1086,2218524.0114],[4425557.0514,2218522.9514],[4425566.5229,2218519.9829],[4425573.4743,2218516.1],[4425581.5771,2218512.5514],[4425590.1914,2218509.9714],[4425594.7229,2218508.0629],[4425603.3114,2218505.6657],[4425610.9571,2218503.3657],[4425619.1771,2218499.94],[4425623.7086,2218498.0314],[4425629.1,2218495.7229],[4425634.6257,2218493.3571],[4425640.9943,2218490.7829],[4425646.5257,2218488.4114],[4425651.9114,2218486.1086],[4425656.4486,2218484.1943],[4425665.9229,2218481.2257],[4425675.72,2218481.3829],[4425683.7886,2218478.0171],[4425690.2886,2218475.3829],[4425696.2771,2218471.7743],[4425701.4857,2218466.2771],[4425709.3743,2218459.7286],[4425712.7314,2218455.0914],[4425717.0829,2218449.9857],[4425721.8114,2218445.9286],[4425731.0714,2218439.9486],[4425737.9171,2218435.9486],[4425744.3,2218433.1857],[4425749.6971,2218430.8886],[4425755.1971,2218428.7029],[4425760.2143,2218425.3714],[4425766.7171,2218422.7257],[4425772.5114,2218421.2743],[4425777.8971,2218418.9714],[4425783.9971,2218415.4829],[4425788.5343,2218413.5686],[4425793.9257,2218411.2743],[4425799.54,2218406.6286],[4425805.9771,2218401.7771],[4425810.4457,2218396.7971],[4425815.0571,2218392.6143],[4425820.1886,2218389.4],[4425825.18,2218386.2514],[4425829.5229,2218381.1486],[4425835.1143,2218376.6943],[4425839.84,2218372.6286],[4425854.9829,2218357.5857],[4425859.3886,2218350.3886],[4425862.7429,2218345.7543],[4425866.6914,2218339.8057],[4425871.0457,2218334.7114],[4425877.0343,2218331.1057],[4425888.1971,2218322.1829],[4425893.8114,2218317.54],[4425898.54,2218313.4829],[4425904.1229,2218309.0229],[4425908.7343,2218304.8371],[4425913.8657,2218301.6229],[4425918.4,2218299.7114],[4425922.9314,2218297.8],[4425928.4686,2218295.44],[4425933.9743,2218293.2514],[4425935.4257,2218291.5571],[4425940.0371,2218287.3714],[4425944.7629,2218283.3057],[4425948.9771,2218278.2743],[4425953.3286,2218273.1714],[4425958.14,2218266.84],[4425964.3114,2218261.0686],[4425969.04,2218257.0114],[4425974.5086,2218252.4343],[4425978.7914,2218249.6086],[4425983.32,2218247.7],[4425987.8571,2218245.7857],[4425998.78,2218241.1229],[4426004.9629,2218235.36],[4426008.72,2218231.5686],[4426013.0429,2218226.6571],[4426020.8286,2218214.6457],[4426023.78,2218209.1543],[4426029.8286,2218198.1086],[4426032.8086,2218192.4371],[4426036.9514,2218184.3314],[4426042.6229,2218172.26],[4426045.9829,2218167.6229],[4426050.3343,2218162.52],[4426054.4686,2218159.7629],[4426061.32,2218150.4257],[4426065.0486,2218146.8171],[4426068.3571,2218144.26],[4426073.0857,2218140.2029],[4426078.0714,2218137.0571],[4426082.8286,2218132.8057],[4426088.8114,2218129.1886],[4426093.4029,2218125.1943],[4426097.56,2218122.2486],[4426101.8343,2218119.4286],[4426107.4143,2218114.9686],[4426113.4029,2218111.36],[4426117.5371,2218108.6057],[4426121.3686,2218102.5429],[4426129.3771,2218096.1086],[4426133.1343,2218092.3171],[4426137.8914,2218088.0686],[4426141.6257,2218084.4686],[4426148.4743,2218075.1229],[4426153.0857,2218070.9371],[4426158.0857,2218062.44],[4426162.6314,2218055.1914],[4426168.0886,2218045.4571],[4426172.3086,2218035.08],[4426178.5657,2218027.0457],[4426183.2914,2218022.98],[4426187.0486,2218019.1886],[4426192.18,2218015.9743],[4426195.94,2218012.18],[4426203.2286,2218006.9371],[4426216.2514,2217997.1771],[4426224.6886,2217991.4057],[4426232.4971,2217987.1343],[4426241.1686,2217982.4657],[4426249.0057,2217978.0114],[4426256.4514,2217972.7057],[4426264.6629,2217969.2771],[4426269.2,2217967.3657],[4426275.3657,2217966.9543],[4426281.9286,2217967.3743],[4426289.5,2217967.3457],[4426296.0686,2217967.7771],[4426303.64,2217967.7486],[4426313.3,2217967.9714],[4426317.5686,2217965.1429],[4426320.2571,2217964.0914],[4426325.14,2217955.4771],[4426329.4743,2217945.22],[4426333.9114,2217937.8514],[4426339.4943,2217933.3914],[4426346.3343,2217929.3943],[4426355.7314,2217928.6971],[4426366.7543,2217929.4914],[4426372.5486,2217928.04],[4426379.3114,2217926.3143],[4426384.8457,2217923.9457],[4426393.9114,2217920.1229],[4426399.0429,2217916.9114],[4426404.98,2217905.7486],[4426402.5543,2217897.2257],[4426399.4171,2217889.8743],[4426397.6543,2217883.1143],[4426400.2,2217876.7714],[4426408.6371,2217871.0143],[4426414.0314,2217868.7086],[4426423.88,2217866.7771],[4426429.6686,2217865.3171],[4426437.8829,2217861.9],[4426442.1629,2217859.0771],[4426448.1429,2217855.4629],[4426452.36,2217850.4314],[4426459.3457,2217846.3686],[4426465.3343,2217842.7629],[4426470.3143,2217839.6057],[4426476.3029,2217836.0],[4426480.8429,2217834.0971],[4426486.2943,2217834.0029],[4426499.8314,2217841.0571],[4426509.7543,2217846.4886],[4426517.5057,2217849.6429],[4426524.2686,2217847.92],[4426531.3029,2217841.7657],[4426534.4771,2217833.9371],[4426539.2857,2217827.5971],[4426542.8343,2217820.8057],[4426546.7857,2217814.8571],[4426551.5943,2217808.5171],[4426558.4314,2217804.52],[4426567.8257,2217803.8257],[4426577.0286,2217805.2857],[4426586.4257,2217804.5886],[4426595.6771,2217803.96],[4426602.9171,2217800.8057],[4426608.8257,2217799.4743],[4426616.9343,2217795.9371],[4426633.36,2217789.0886],[4426643.8257,2217785.6543],[4426652.2314,2217785.4257],[4426660.2486,2217784.1543],[4426668.0143,2217781.9686],[4426674.6657,2217780.1257],[4426682.0171,2217777.0914],[4426687.4057,2217774.7886],[4426693.32,2217773.4543],[4426703.78,2217775.3771],[4426710.7229,2217776.8343],[4426717.6971,2217778.12],[4426723.4114,2217778.9343],[4426728.3543,2217777.8743],[4426734.6057,2217769.8429],[4426738.1629,2217763.0514],[4426743.74,2217758.5943],[4426752.7629,2217756.86],[4426758.1543,2217754.5686],[4426763.2,2217753.62],[4426768.1429,2217752.56],[4426776.4257,2217752.2057],[4426785.4171,2217750.6686],[4426795.2171,2217750.8171],[4426804.0171,2217751.4343],[4426808.9486,2217750.3686],[4426814.3486,2217748.0743],[4426822.18,2217743.6114],[4426826.72,2217741.7086],[4426831.8486,2217738.4857],[4426837.24,2217736.1943],[4426843.7429,2217733.5486],[4426849.9886,2217730.8543],[4426855.12,2217727.64],[4426860.5143,2217725.3371],[4426866.0457,2217722.98],[4426870.1771,2217720.2143],[4426874.72,2217718.3114],[4426879.8514,2217715.1],[4426885.7057,2217706.2114],[4426888.5514,2217695.26],[4426887.84,2217685.9486],[4426886.8629,2217675.7229],[4426887.2143,2217669.0086],[4426890.1771,2217658.1829],[4426891.1743,2217648.0914],[4426892.7686,2217636.6829],[4426894.2314,2217629.6429],[4426894.0971,2217624.36],[4426894.5629,2217617.7743],[4426895.56,2217607.68],[4426897.1486,2217596.2771],[4426897.7457,2217594.9629],[4426899.0629,2217587.9886],[4426903.6914,2217578.4657],[4426907.6429,2217572.52],[4426915.18,2217572.6771],[4426922.34,2217577.1429],[4426931.3486,2217580.76],[4426941.3257,2217584.1029],[4426945.5371,2217588.7114],[4426948.7514,2217593.7771],[4426960.3057,2217606.0429],[4426965.7457,2217611.2971],[4426974.9486,2217612.76],[4426980.2629,2217612.7286],[4426984.8029,2217610.8257],[4426990.3314,2217608.46],[4426999.86,2217603.4],[4427008.0971,2217599.7914],[4427017.5457,2217597.0057],[4427028.7914,2217595.4629],[4427035.82,2217594.6571],[4427045.2457,2217593.78],[4427054.2314,2217592.2314],[4427061.0771,2217588.2343],[4427067.0657,2217584.6286],[4427072.6486,2217580.1714],[4427081.7229,2217576.36],[4427085.2829,2217574.7257],[4427095.0829,2217574.8743],[4427102.6229,2217575.0314],[4427113.0886,2217576.9543],[4427115.7171,2217577.9857],[4427120.8314,2217580.1114],[4427128.1314,2217584.5114],[4427135.4,2217589.0971],[4427142.1086,2217594.8114],[4427147.0314,2217599.0943],[4427151.6971,2217602.4543],[4427157.74,2217606.4057],[4427162.66,2217610.6886],[4427166.8486,2217615.4886],[4427171.9229,2217619.7029],[4427176.9543,2217624.1029],[4427197.7171,2217632.4857],[4427206.1343,2217637.4143],[4427216.7086,2217639.4457],[4427227.62,2217640.1229],[4427232.9343,2217640.1029],[4427239.6486,2217640.4686],[4427251.08,2217642.1057],[4427258.9114,2217643.0],[4427265.4743,2217643.4229],[4427273.02,2217643.5771],[4427279.22,2217642.9829],[4427287.3543,2217641.8286],[4427293.9229,2217642.26],[4427302.3514,2217641.84],[4427308.5143,2217641.42],[4427315.2343,2217641.7857],[4427322.2086,2217643.0714],[4427329.3743,2217642.1914],[4427335.9429,2217642.6257],[4427342.1086,2217642.2],[4427350.9114,2217642.82],[4427356.8229,2217641.4857],[4427361.7571,2217640.42],[4427366.2914,2217638.5229],[4427371.8257,2217636.1543],[4427376.3629,2217634.2429],[4427384.06,2217629.8543],[4427388.5971,2217627.9429],[4427393.2743,2217625.9686],[4427398.2657,2217622.82],[4427404.6486,2217620.0629],[4427410.7514,2217616.5743],[4427415.3657,2217612.3914],[4427421.3543,2217608.7886],[4427428.2,2217604.7914],[4427434.5629,2217602.2229],[4427441.5429,2217598.1514],[4427447.7943,2217595.4686],[4427452.92,2217592.2457],[4427460.3629,2217586.9486],[4427465.7571,2217584.6429],[4427472.7143,2217580.7629],[4427479.9571,2217577.6114],[4427488.5743,2217575.04],[4427499.0171,2217571.7971],[4427508.3029,2217570.9857],[4427516.4429,2217569.84],[4427523.0886,2217567.9886],[4427528.4029,2217567.9714],[4427535.8914,2217570.2171],[4427542.8629,2217571.4943],[4427550.6171,2217574.66],[4427559.1429,2217579.6971],[4427565.7171,2217580.1286],[4427572.2857,2217580.5629],[4427581.8886,2217582.8686],[4427588.4571,2217583.3029],[4427593.7743,2217583.2829],[4427599.7086,2217581.7571],[4427608.9114,2217583.22],[4427615.8571,2217584.6886],[4427624.2029,2217586.5457],[4427632.4086,2217588.4629],[4427642.0886,2217588.5],[4427645.3171,2217588.2257],[4427646.5429,2217588.8629],[4427648.3971,2217588.0114],[4427657.8,2217587.3286],[4427664.0429,2217584.6343],[4427668.58,2217582.7229],[4427676.5371,2217578.3857],[4427685.6057,2217574.5686],[4427692.8571,2217571.4229],[4427700.0229,2217570.5457],[4427708.0429,2217569.2857],[4427715.2629,2217566.3114],[4427723.0229,2217564.1343],[4427728.8171,2217562.6857],[4427734.7286,2217561.3543],[4427740.52,2217559.8943],[4427745.9114,2217557.6057],[4427752.6714,2217555.8714],[4427758.2086,2217553.5143],[4427765.4229,2217550.5457],[4427772.22,2217548.6371],[4427778.9829,2217546.9143],[4427784.2943,2217546.8857],[4427794.0914,2217547.0486],[4427799.6943,2217547.7457],[4427805.8657,2217547.3314],[4427812.9486,2217548.7286],[4427822.1514,2217550.1914],[4427831.7571,2217552.5057],[4427841.14,2217557.1514],[4427849.7029,2217562.0143],[4427859.2714,2217564.5057],[4427866.62,2217566.8171],[4427874.1914,2217566.7943],[4427882.4143,2217563.3743],[4427890.1057,2217558.9771],[4427896.6914,2217554.0743],[4427900.0457,2217549.4286],[4427901.3657,2217542.4514],[4427903.0886,2217536.3314],[4427908.6743,2217531.8743],[4427913.0314,2217526.78],[4427918.6143,2217522.3229],[4427926.8314,2217518.9086],[4427932.8143,2217515.2943],[4427940.9257,2217511.7571],[4427948.28,2217508.7257],[4427954.6686,2217505.9657],[4427961.6343,2217502.0971],[4427966.5657,2217501.0314],[4427972.8114,2217498.3371],[4427979.1286,2217497.86],[4427986.2943,2217496.98],[4427993.0571,2217495.2571],[4427999.6257,2217495.6914],[4428006.0057,2217498.28],[4428008.2314,2217498.4571],[4428020.7914,2217495.2857],[4428035.1314,2217493.5371],[4428049.72,2217492.7],[4428069.1886,2217487.74],[4428074.7714,2217483.2829],[4428078.1343,2217478.6486],[4428084.3829,2217470.6086],[4428089.1429,2217466.36],[4428095.86,2217457.0914],[4428099.8143,2217451.1457],[4428102.5086,2217444.7514],[4428105.4571,2217439.2629],[4428108.96,2217434.5657],[4428113.1743,2217429.5257],[4428117.3029,2217426.7743],[4428122.4686,2217423.38],[4428129.76,2217418.14],[4428134.2971,2217416.2286],[4428139.9486,2217413.9886],[4428148.0486,2217410.4457],[4428152.9571,2217409.5743],[4428162.2429,2217408.7629],[4428172.8914,2217408.5257],[4428179.2057,2217408.0486],[4428185.9629,2217406.3171],[4428190.9057,2217405.26],[4428199.7086,2217405.88],[4428209.36,2217406.0971],[4428213.8971,2217404.1886],[4428218.06,2217401.2514],[4428225.2914,2217392.9457],[4428229.6457,2217387.8543],[4428233.5971,2217381.9114],[4428239.18,2217377.4543],[4428243.7943,2217373.2714],[4428250.8314,2217367.12],[4428258.6486,2217362.8486],[4428266.8914,2217359.24],[4428275.9657,2217355.4314],[4428281.8714,2217354.1029],[4428287.0714,2217353.9571],[4428297.7314,2217353.7257],[4428304.8971,2217352.8486],[4428310.6086,2217353.6743],[4428317.1829,2217354.1057],[4428322.8943,2217354.9229],[4428328.6114,2217355.7457],[4428331.2943,2217354.7],[4428339.4629,2217353.36],[4428344.26,2217352.3714],[4428349.1914,2217351.3086],[4428357.7314,2217351.0086],[4428366.5343,2217351.6286],[4428374.7657,2217353.3686],[4428382.6286,2217356.6429],[4428386.1171,2217357.28],[4428397.6114,2217361.9971],[4428409.4514,2217364.5],[4428416.6171,2217363.6229],[4428422.0057,2217361.3229],[4428427.9943,2217357.72],[4428433.5057,2217355.5429],[4428439.2971,2217354.0857],[4428445.6086,2217353.6114],[4428452.2543,2217351.7629],[4428458.5743,2217351.2857],[4428465.3371,2217349.5629],[4428471.6457,2217349.0771],[4428478.6714,2217348.2629],[4428484.0143,2217348.0629],[4428490.5829,2217348.4857],[4428500.8314,2217347.4029],[4428511.4086,2217349.4457],[4428521.4686,2217350.52],[4428532.3,2217353.4714],[4428538.4229,2217355.1514],[4428543.3629,2217354.0857],[4428550.26,2217357.6457],[4428560.6343,2217361.8343],[4428569.4257,2217367.7914],[4428579.6171,2217374.1457],[4428585.2514,2217377.2457],[4428595.0371,2217382.7457],[4428601.9286,2217386.2943],[4428612.3943,2217388.22],[4428618.7,2217387.7371],[4428623.2371,2217385.8257],[4428627.7743,2217383.9286],[4428632.3114,2217382.02],[4428637.4429,2217378.8086],[4428643.6943,2217376.1143],[4428650.08,2217373.3571],[4428656.4486,2217370.7886],[4428663.4314,2217366.72],[4428667.9657,2217364.8229],[4428677.6371,2217359.7029],[4428686.7057,2217355.8857],[4428694.8086,2217352.3429],[4428706.1143,2217348.7229],[4428713.4714,2217345.6914],[4428723.1286,2217345.92],[4428729.3229,2217345.3171],[4428736.0429,2217345.6829],[4428746.28,2217349.9371],[4428751.9143,2217353.0371],[4428761.9229,2217356.2],[4428769.7257,2217357.2771],[4428778.3429,2217354.7057],[4428783.8771,2217352.34],[4428791.8971,2217351.0714],[4428797.2971,2217348.7771],[4428802.3429,2217347.8314],[4428807.14,2217346.8429],[4428817.9886,2217344.46],[4428822.9286,2217343.3914],[4428832.3286,2217342.7114],[4428841.2029,2217341.0514],[4428848.5514,2217343.3657],[4428859.6114,2217343.98],[4428869.6686,2217345.0514],[4428873.96,2217345.0086],[4428890.8343,2217334.3257],[4430452.0029,2216346.1514],[4430773.1771,2216142.8543],[4431011.8257,2215991.8],[4431705.3343,2215671.3914],[4432813.14,2215159.5686],[4434387.7229,2214422.1257],[4435726.7886,2213794.9829],[4437009.24,2213194.3571],[4436875.3029,2212640.0171],[4436875.54,2212320.8514],[4436926.1857,2211968.0886],[4436876.0057,2211699.3171],[4436809.1514,2211262.5657],[4436826.1943,2210926.6029],[4436876.8943,2210506.6486],[4436793.1886,2210153.8857],[4436558.3829,2209784.3143],[4436424.3257,2209397.9543],[4436441.4171,2208994.7943],[4436609.6229,2208692.42],[4437231.6229,2208205.22],[4437483.7457,2208121.1943],[4437685.44,2208171.54],[4437769.5457,2208322.6657],[4437937.7,2208540.9486],[4438173.0171,2208641.6743],[4438425.1314,2208658.4229],[4438694.0686,2208540.8029],[4438893.9429,2208291.1971],[4438895.8514,2208288.8171],[4438963.2943,2207936.0514],[4438896.4543,2207482.5029],[4438879.8943,2207163.3371],[4439064.98,2206743.3771],[4439418.0829,2206323.4],[4439653.5171,2205987.4229],[4439838.5371,2205668.2514],[4440107.6914,2205147.4943],[4440326.2229,2204996.2886],[4440729.6343,2204794.6629],[4440998.5857,2204643.4514],[4441082.7229,2204441.8714],[4441066.1657,2204122.7086],[4441183.9229,2203887.5314],[4441486.5029,2203685.92],[4441755.5057,2203417.1286],[4441906.8686,2203181.9457],[4441873.4543,2202946.7743],[4441739.3057,2202694.7943],[4441487.66,2202409.2086],[4441135.2514,2202257.9829],[4440866.7371,2202173.9543],[4440665.3971,2201989.16],[4440581.6571,2201686.7914],[4440598.96,2200998.0657],[4441087.2286,2199435.8257],[4441305.9943,2198898.2771],[4441340.02,2198310.34],[4441273.1429,2197907.1829],[4441139.1086,2197487.2257],[4440602.2743,2196865.66],[4440266.7914,2196412.0857],[4440116.0029,2195941.7343],[4440126.8171,2195686.6857],[4440133.0971,2195538.5771],[4440267.7714,2195135.42],[4440520.3829,2194245.1114],[4440587.9143,2193774.7629],[4440554.6143,2193388.4029],[4440403.7971,2192951.6486],[4440135.4257,2192565.2743],[4439934.0457,2192481.2571],[4439531.2657,2192447.5943],[4438792.8343,2192531.4314],[4438490.7543,2192598.5543],[4438255.7943,2192598.5114],[4438054.4057,2192564.8829],[4437853.02,2192514.46],[4437315.9771,2192514.3629],[4437047.4829,2192363.1486],[4436879.7457,2192127.9657],[4436644.8914,2191842.38],[4436460.3143,2191707.9771],[4436107.88,2191724.7057],[4435571.1057,2191002.3543],[4435420.1086,2190851.1571],[4435185.2057,2190649.56],[4435530.1314,2189876.8343],[4435698.6057,2189188.1057],[4435715.7743,2188684.16],[4435615.2743,2188331.3971],[4435330.0429,2188079.4029],[4434627.1429,2187645.9943],[4434466.1457,2187431.0143],[4434439.4571,2187189.1714],[4434520.44,2186678.6143],[4433446.64,2186235.1029],[4432601.0029,2185966.2714],[4432695.5686,2185254.1771],[4432722.8943,2184636.1343],[4432696.4343,2184085.2686],[4432643.0229,2183655.3257],[4432522.4657,2183211.9429],[4432496.0543,2182593.8971],[4432482.9829,2182110.2114],[4432214.7429,2181599.6429],[4432887.4829,2180309.7829],[4434137.8486,2179570.6857],[4435347.8114,2179059.98],[4435710.8486,2178777.7971],[4436033.6143,2178401.5743],[4436571.8086,2177367.0],[4437015.6886,2176708.6229],[4437446.0971,2176117.4257],[4437715.0971,2175754.6457],[4438118.62,2175163.4486],[4438535.5771,2174585.6857],[4438818.0029,2174249.7771],[4438858.5629,2173900.4457],[4438845.3686,2173577.9886],[4438751.64,2173174.9171],[4438671.1743,2173013.6829],[4438523.54,2172919.62],[4438281.92,2172919.5743],[4437959.7771,2173040.4086],[4437664.4686,2173094.0857],[4437302.0429,2173040.2857],[4436912.7657,2173040.2143],[4436684.5743,2172999.8714],[4436349.0171,2172838.6029],[4435946.3514,2172650.4571],[4435677.9086,2172516.0657],[4435382.5943,2172502.58],[4435114.1314,2172542.8286],[4434832.2571,2172650.24],[4434684.6,2172636.7771],[4434456.4171,2172542.7],[4434308.7686,2172488.9371],[4434067.1543,2172448.5914],[4433973.2171,2172354.5371],[4433839.1,2172099.2514],[4433704.9286,2171924.5771],[4433530.4343,2171857.3771],[4433248.5629,2171749.8543],[4432684.7857,2171682.5829],[4432510.2829,2171669.1171],[4432067.3257,2171548.1343],[4431812.2857,2171534.6543],[4431490.1286,2171507.7286],[4431127.7,2171453.9257],[4430872.66,2171400.1457],[4430631.1371,2171117.9771],[4429819.9629,2170180.7171],[4429584.5286,2169908.6914],[4429508.4457,2169794.3857],[4428594.04,2169321.6943],[4428630.4514,2169009.2914],[4429503.6286,2168670.3429],[4429918.9857,2168676.7486],[4430124.6771,2168679.92],[4430198.4714,2168597.5686],[4430720.1686,2168143.4057],[4431656.72,2167408.9943],[4432058.0857,2167088.5057],[4432151.6343,2166968.1714],[4432177.9457,2166794.1914],[4432176.5029,2166339.1486],[4432101.5314,2166004.5886],[4431979.8171,2165777.1771],[4431764.1257,2165670.6],[4431494.6086,2165644.7314],[4431130.7371,2165726.7029],[4430888.1543,2165781.3514],[4430564.6543,2165648.3086],[4430456.5771,2165487.8286],[4430401.3457,2165019.4114],[4430427.1514,2164684.8257],[4430560.5714,2164430.66],[4430935.1086,2164096.6914],[4431189.14,2163816.0],[4431309.2229,2163588.5886],[4431598.7371,2161714.9686],[4431800.0686,2160495.1629],[4432196.4971,2160258.9629],[4432404.2971,2160128.0771],[4433120.6571,2160033.4114],[4433453.2343,2159944.3886],[4433811.4171,2159919.4829],[4434054.4571,2159862.3114],[4434591.7371,2159895.4543],[4434815.6029,2159908.7343],[4435317.7,2159868.1029],[4435630.6171,2159407.7714],[4436064.3514,2158480.5229],[4436025.38,2158231.08],[4435825.5229,2157693.8714],[4435779.7514,2157252.5371],[4435881.5771,2156913.5714],[4435967.7029,2156737.7171],[4436146.6543,2156565.1743],[4436460.0429,2156482.5171],[4436824.6171,2156540.9543],[4437272.3486,2156541.8686],[4437694.4971,2156523.5057],[4438052.6457,2156408.9057],[4437883.3314,2155110.5029],[4437902.0629,2154867.4486],[4438010.4514,2154611.6486],[4438470.8714,2154388.3686],[4438717.1,2154469.0143],[4438928.04,2154649.04],[4439368.8457,2155195.2543],[4439656.5657,2155381.8229],[4440251.3771,2155248.4743],[4440833.4114,2155147.1343],[4441175.6086,2155138.2171],[4441520.9914,2155203.0257],[4441891.8143,2155453.9029],[4442313.7029,2155807.5343],[4442460.6714,2155968.2086],[4442818.7114,2156206.2257],[4443183.2914,2156232.6086],[4443503.1,2156220.4457],[4444369.7829,2156244.6457],[4444785.5343,2156213.4543],[4445284.4257,2156150.3886],[4445616.9514,2155984.5086],[4446135.04,2155966.34],[4446777.3829,2156560.98],[4447243.7257,2157152.1629],[4447703.4857,2157852.4771],[4448105.7571,2158475.6857],[4448361.3286,2158771.3086],[4448385.9714,2158780.4629],[4448482.8429,2158816.4371],[4448818.6229,2158897.26],[4449227.96,2158981.4343],[4449573.1657,2159251.5171],[4449936.9314,2159926.0486],[4450025.78,2160349.9371],[4450046.1714,2161149.8229],[4450049.5229,2161281.1771],[4450084.2143,2161554.1286],[4450232.8571,2162014.3229],[4450802.8029,2162451.1457],[4451406.2714,2162699.8971],[4451519.6514,2162719.66],[4452285.8657,2162851.54],[4452305.2286,2162850.2171],[4452665.3714,2162825.7543],[4455094.8943,2162652.6229],[4455126.2857,2162679.4657],[4456084.38,2163498.7457],[4456100.7743,2163504.0343],[4456639.8543,2164066.6029],[4456758.7886,2165068.6286],[4456993.5229,2165519.0029],[4458016.0743,2165344.7629],[4458890.2886,2165315.0771],[4459803.74,2165748.48],[4460319.1286,2165396.2314],[4460787.4771,2165297.5429],[4461474.6171,2165723.7143],[4462185.0714,2166056.4829],[4463145.2171,2165800.58],[4464019.9543,2165088.6257],[4464784.9543,2165296.7429],[4465636.5543,2166192.9829],[4466026.8571,2166090.6057],[4466659.1829,2166314.64],[4467494.7829,2166919.3486],[4467970.9829,2167093.2029],[4468689.18,2166834.0429],[4469547.8057,2166707.0086],[4470297.3743,2166272.3029],[4470751.5143,2165225.3686],[4470488.5286,2164366.0486],[4470530.0943,2163096.76],[4470702.4943,2162628.0143],[4472052.8971,2162889.0429],[4472763.2829,2162645.4943],[4473294.0657,2162570.0143],[4474083.0514,2163322.5571],[4474638.1171,2164122.16],[4475364.7171,2164890.3743],[4476462.76,2165058.5086],[4476603.3086,2164262.0686],[4476838.22,2163698.2829],[4477683.8971,2163604.32],[4478452.0486,2163268.4971],[4478952.4143,2163040.5314],[4479187.3257,2163275.4429],[4479328.2743,2163698.2829],[4479281.2914,2164121.1229],[4479704.1286,2164309.0514],[4480220.9343,2164496.98],[4480878.6829,2164731.8914],[4481489.4514,2164778.8714],[4482617.0229,2165013.7829],[4483084.2,2165418.8857],[4488470.7514,2161978.2629],[4489563.5714,2163903.0371],[4491063.7057,2165599.7914],[4490838.8971,2166094.3714],[4490181.1486,2167362.8886],[4490650.9686,2168067.6229],[4491261.7371,2168020.64],[4492399.38,2167110.5257],[4492468.3629,2167188.5514],[4492730.48,2167424.3629],[4492859.1286,2168067.6229],[4493094.04,2168819.3343],[4494127.6486,2169758.9771],[4495114.2743,2170369.7486],[4495398.1657,2170440.72],[4495678.06,2170510.6914],[4496379.1286,2170711.0886],[4496386.0514,2170713.0686],[4496402.52,2170727.8829],[4496402.26,2170701.0657],[4496367.2657,2167082.7943],[4499377.8143,2160547.0171],[4502071.0886,2158784.4029],[4506442.3743,2156485.9514],[4506646.8371,2155421.3314],[4507168.5714,2151938.4029],[4507915.92,2149583.5514],[4507633.9029,2148765.6971],[4506428.2743,2149054.7657],[4502874.84,2145896.16],[4501429.4971,2146819.7686],[4499159.2486,2144634.1257],[4495662.22,2143943.1829],[4495545.9229,2141109.2086],[4495528.26,2140678.8171],[4494893.72,2138549.58],[4498651.6143,2134128.94],[4498143.9829,2133268.7857],[4503262.6171,2131534.3714],[4504383.64,2128284.1086],[4504186.2257,2124716.5743],[4510277.8229,2123785.9143],[4511081.5771,2123391.0886],[4511102.7286,2121762.4314],[4511113.3971,2121756.7229],[4518230.7429,2117948.1314],[4521643.1657,2117807.1229],[4523842.9086,2121811.7829],[4524632.4543,2121966.8743],[4524378.9229,2121054.1543],[4523004.6114,2116320.4171],[4522487.1229,2114606.7686],[4521524.2571,2111361.8686],[4521558.1914,2110980.1171],[4521553.9486,2110288.72],[4521316.4143,2109991.8029],[4521027.98,2109771.2314],[4520790.4429,2109686.4],[4520586.8429,2109754.2657],[4520340.8229,2109627.0143],[4520264.4743,2109508.2486],[4520323.8571,2109168.9114],[4520527.46,2108744.7429],[4520527.46,2108295.12],[4520629.26,2108176.3543],[4520815.8943,2108015.1686],[4520951.6286,2107735.2171],[4521070.3971,2107412.8486],[4521350.3486,2107115.9286],[4521761.7943,2106662.0657],[4521329.14,2106017.3286],[4521838.1429,2104855.1029],[4522050.2286,2104490.3171],[4522007.8114,2104083.1143],[4522126.58,2103998.28],[4522381.0829,2103955.8629],[4522686.4829,2103947.38],[4523008.8543,2103981.3143],[4523407.5743,2104210.3657],[4523543.3057,2103820.1286],[4523509.3743,2103574.1086],[4523551.7914,2103480.7914],[4523670.56,2103362.0257],[4523734.1857,2103009.9629],[4523954.7514,2102475.5086],[4523776.6,2102170.1086],[4523556.0314,2101898.64],[4522979.1629,2101567.7857],[4522656.7914,2101593.2371],[4522359.8743,2101712.0029],[4522054.4714,2101279.3514],[4522071.4371,2101109.6829],[4522198.6886,2100948.4971],[4522393.8057,2100761.8629],[4522419.2571,2100609.1629],[4522495.6086,2100320.7257],[4522529.54,2099930.4914],[4522512.5743,2099726.8886],[4522519.2971,2099682.08],[4522538.0257,2099557.22],[4522512.5743,2099353.62],[4522788.2857,2099077.9086],[4523093.6886,2098789.4743],[4523246.3886,2098518.0029],[4523288.8057,2098255.02],[4523229.4229,2098068.3829],[4523322.74,2097873.2657],[4523297.2886,2097720.5657],[4523195.4886,2097652.6971],[4522983.4029,2097109.76],[4523017.3371,2096974.0257],[4523212.4543,2096685.5914],[4523365.1571,2096524.4057],[4523534.8257,2096490.4714],[4523984.4457,2095998.4343],[4524247.4286,2095837.2514],[4524552.8314,2095693.0314],[4524769.16,2095459.74],[4525329.0629,2095145.8543],[4525753.2343,2095145.8543],[4525948.3514,2094976.1857],[4526211.3371,2094441.7314],[4526338.5886,2094297.5143],[4526482.8057,2094221.1629],[4526533.7057,2094051.4943],[4526525.2229,2093822.4429],[4526771.2429,2092600.8343],[4526932.4257,2092473.5829],[4527356.5971,2092354.8143],[4527874.0829,2092236.0486],[4527899.5343,2092023.9629],[4527865.6,2091820.36],[4527670.4829,2091565.86],[4527640.7914,2091281.6657],[4527708.6571,2090721.76],[4527505.0571,2090382.4257],[4527768.0429,2090110.9571],[4527980.1257,2089983.7057],[4528107.3771,2089797.0714],[4528251.5943,2089322.0],[4528251.5943,2089008.1143],[4528310.98,2088787.5457],[4528472.1629,2088465.1771],[4528675.7657,2087922.24],[4528959.96,2087095.1086],[4529324.7457,2086738.8057],[4529443.5143,2086340.0857],[4529451.9971,2086043.1657],[4529647.1143,2085729.28],[4529833.7514,2085126.96],[4529952.5171,2084804.5914],[4529935.5514,2084490.7057],[4530257.92,2083829.0],[4530363.9629,2083417.5543],[4530813.5829,2083129.12],[4530839.0343,2083018.8343],[4530576.0486,2082832.2],[4530406.38,2082628.6],[4530058.56,2082586.1829],[4529642.8743,2082365.6143],[4528998.1343,2081720.8743],[4528692.7343,2081432.44],[4528523.0657,2080982.82],[4528209.18,2080660.4486],[4528090.4114,2080601.0657],[4527997.0943,2080227.7971],[4527997.0943,2079990.26],[4528137.0714,2079468.5314],[4528315.2229,2078492.94],[4528790.2914,2077610.6686],[4528883.6086,2077441.0],[4529214.4629,2077228.9143],[4529233.7057,2077261.9057],[4529273.8457,2077330.7171],[4529553.7971,2077245.8829],[4529859.2,2077084.6971],[4530215.5029,2076872.6114],[4530461.5229,2076855.6457],[4530495.4543,2076702.9457],[4530470.0057,2076482.3771],[4530283.3714,2076227.8743],[4530105.22,2076015.7886],[4529714.9829,2075981.8543],[4529617.4229,2075757.0457],[4529430.7886,2075638.2771],[4529566.5229,2075265.0086],[4529439.2714,2075103.8229],[4529320.5057,2074866.2886],[4529057.52,2074662.6857],[4528879.3686,2074459.0857],[4528955.72,2074119.7486],[4529193.2543,2073636.1943],[4529388.3714,2073220.5086],[4529634.3914,2072618.1886],[4529770.1257,2072160.0829],[4529774.3686,2071672.2886],[4529596.2171,2071672.2886],[4529333.2314,2071477.1714],[4529324.7457,2071256.6029],[4529180.5286,2071120.8686],[4529129.6286,2070993.6171],[4529163.5629,2070832.4314],[4529121.1457,2070662.7657],[4529027.8286,2070476.1286],[4529002.3771,2070255.56],[4529010.86,2070136.7943],[4528942.9943,2070034.9943],[4528654.5571,2070051.96],[4528527.3086,2069873.8086],[4528450.9571,2069831.3914],[4528077.6886,2069822.9086],[4528069.2029,2069661.7229],[4528001.3371,2069559.9229],[4528009.82,2069322.3886],[4527908.02,2069118.7857],[4527789.2514,2068966.0857],[4527645.0343,2068983.0514],[4527517.7829,2068949.1171],[4527797.7343,2068372.2457],[4528166.7629,2067706.3],[4528130.8914,2067483.0943],[4528090.4114,2067231.2286],[4528166.7629,2067129.4286],[4528226.1457,2066968.2457],[4528192.2143,2066645.8743],[4528463.6829,2066408.34],[4528684.2514,2066382.8886],[4528743.6343,2066230.1886],[4528540.0343,2065492.1343],[4528472.1657,2065415.7829],[4528989.6543,2064677.7257],[4529345.9571,2064474.1257],[4529222.9457,2064232.3486],[4529189.0143,2064037.2314],[4529129.6286,2063926.9457],[4528807.26,2063791.2114],[4528858.16,2063519.7429],[4528862.3143,2063490.6629],[4528892.0943,2063282.2086],[4529078.7286,2063163.44],[4529299.2971,2062654.4371],[4529155.08,2062501.7343],[4528909.06,2062357.5171],[4529104.18,2061992.7314],[4529307.78,2061789.1286],[4529477.4486,2061797.6114],[4529613.1829,2061695.8114],[4529791.3343,2061271.6429],[4530164.6029,2060991.6886],[4530724.5086,2060788.0886],[4531352.28,2060677.8029],[4531420.1457,2060796.5714],[4531521.9486,2060779.6057],[4531606.7829,2060618.42],[4531857.0429,2060486.9286],[4532213.3457,2060436.0286],[4532416.9486,2060486.9286],[4532603.5829,2060588.7286],[4533078.6514,2060444.5114],[4533239.8371,2060037.3086],[4533647.04,2059816.74],[4533884.5743,2059697.9714],[4533943.96,2059494.3714],[4534105.1429,2059443.4686],[4534283.2943,2059434.9857],[4534512.3457,2059375.6029],[4534648.0829,2059290.7686],[4535029.8343,2059222.9],[4535191.02,2059401.0514],[4535526.1143,2059091.4086],[4535729.7143,2058998.0914],[4535865.4486,2059167.76],[4536001.1829,2059490.1286],[4536230.2343,2059710.6971],[4536535.6371,2059863.3971],[4536824.0743,2059922.7829],[4537027.6743,2060363.9171],[4537239.76,2060550.5543],[4536900.4229,2060966.24],[4536790.14,2061246.1914],[4536561.0886,2061975.7657],[4536442.32,2062306.6171],[4536433.8371,2062527.1857],[4536527.1543,2062637.4686],[4536696.8229,2062696.8543],[4536934.3571,2062586.5686],[4537120.9914,2062620.5029],[4537205.8257,2062807.1371],[4537392.46,2063053.1571],[4537672.4143,2063171.9229],[4537817.3171,2063465.4457],[4537837.84,2063507.0171],[4538058.4086,2063634.2686],[4538185.66,2063668.2029],[4538295.9429,2063778.4886],[4538813.4314,2064007.54],[4539025.5171,2064279.0086],[4539347.8857,2064491.0914],[4539602.3886,2064312.94],[4539755.0886,2064329.9086],[4540145.3257,2064754.0771],[4540552.5286,2065008.58],[4540985.18,2065110.38],[4541871.6971,2065912.0629],[4542355.2514,2066056.28],[4543195.1086,2067184.5714],[4543763.4943,2067566.3257],[4544128.2829,2067600.26],[4544853.6143,2067222.7486],[4545260.8171,2066917.3457],[4545354.1343,2066781.6114],[4545388.0657,2066459.2429],[4545523.8,2066094.4571],[4545608.6343,2066043.5543],[4546007.3543,2066153.84],[4546312.7571,2066196.2571],[4546482.4257,2066026.5886],[4547144.1314,2066001.1371],[4547390.1486,2066221.7057],[4547691.3086,2066268.3657],[4548285.1486,2066548.3171],[4548480.2657,2066573.7686],[4548548.1343,2066353.2],[4548997.7543,2065530.3086],[4548912.92,2065377.6086],[4549133.4886,2065386.0914],[4549447.3743,2065241.8743],[4549438.8914,2065021.3057],[4549515.24,2064817.7057],[4549583.1086,2064724.3857],[4549294.6714,2064317.1829],[4549243.7714,2064054.1971],[4549269.2229,2063859.08],[4549387.9886,2063731.8286],[4549481.3057,2063672.4457],[4549524.5371,2063535.5457],[4549532.2086,2063511.26],[4549532.94,2063511.0343],[4549578.2029,2063264.5314],[4549679.6171,2062945.8],[4549346.3971,2062605.3343],[4549252.2257,2062134.48],[4549020.42,2062018.5771],[4548730.6629,2061547.7229],[4548350.3571,2061116.7086],[4548263.4314,2060935.6114],[4548270.6743,2060674.8314],[4548096.82,2060421.2943],[4547893.9914,2060037.3657],[4547843.2829,2059769.34],[4548024.3829,2059515.8029],[4548372.0886,2059247.78],[4548413.9743,2059102.5829],[4548480.7486,2058871.0943],[4548879.1629,2058291.5829],[4548763.26,2058182.9229],[4548723.42,2057947.4943],[4548477.1257,2057541.8371],[4548143.9057,2057476.64],[4548078.7114,2057346.2514],[4548122.1743,2056998.5429],[4548390.2,2056397.2971],[4548477.1257,2056390.0543],[4548622.0057,2056259.6629],[4548752.3943,2055998.8829],[4549121.8343,2055701.88],[4549440.5657,2055759.8343],[4549875.2029,2055383.1486],[4549864.3371,2054626.16],[4550197.5571,2054300.1829],[4550241.02,2053909.0114],[4550110.6286,2053706.1829],[4549958.5057,2053612.0114],[4549951.2629,2053184.62],[4549900.5543,2052967.3029],[4549806.3857,2052721.0086],[4549915.0429,2052387.7886],[4549864.3371,2052221.18],[4549205.14,2052119.7657],[4549509.3829,2051786.5457],[4549440.5657,2051225.14],[4549020.42,2051159.9457],[4548875.54,2050862.9457],[4548513.3457,2050587.6771],[4548397.4429,2050486.26],[4548462.6371,2050225.48],[4548448.1486,2049906.7486],[4548259.8086,2049653.2114],[4548078.7114,2049479.3571],[4547629.5886,2049472.1143],[4547499.1971,2049298.26],[4547506.44,2048965.04],[4548067.8429,2047693.7314],[4548256.1857,2047628.5343],[4548444.5286,2047621.2914],[4548683.5771,2047418.4629],[4548480.2886,2046836.64],[4548473.5029,2046817.2171],[4548744.8686,2046457.9343],[4549636.2771,2045277.7829],[4549918.8171,2045234.2971],[4550252.0657,2045082.1486],[4550382.5314,2044198.3286],[4550846.2029,2043662.2314],[4551251.9057,2043357.9514],[4551759.0257,2043213.0371],[4552113.2057,2043014.6857],[4552121.2543,2043010.1771],[4552074.4914,2042919.7429],[4552012.6171,2042800.0886],[4551997.4914,2042730.8943],[4551961.9314,2042568.2657],[4552074.2514,2042093.7543],[4552356.8143,2041608.3743],[4552248.1743,2041383.7971],[4552045.3686,2041217.1657],[4552378.6314,2040854.9343],[4552784.3457,2040362.3057],[4552972.7257,2039927.6371],[4553001.7343,2039565.4171],[4552965.56,2039000.3514],[4552875.04,2038706.9514],[4552433.2171,2038170.8514],[4552244.8914,2038098.4],[4551940.6914,2037728.9286],[4551882.7743,2037308.7486],[4551839.34,2036968.2629],[4551832.1229,2036635.02],[4551694.52,2036309.0171],[4551868.4,2036040.9714],[4551781.4971,2035787.4143],[4551959.0029,2035472.28],[4552241.5514,2035204.2286],[4552314.0114,2034943.4286],[4552958.8,2034269.6771],[4553212.3571,2034313.1229],[4553668.7771,2033914.6657],[4553610.8343,2033827.7314],[4553552.8943,2033733.5543],[4553596.3629,2033668.3514],[4554052.7686,2033581.3943],[4554400.52,2033226.4086],[4554741.0486,2032574.4029],[4555012.7343,2032172.3314],[4555643.0171,2031810.0857],[4555585.0829,2031599.9971],[4555614.1743,2030281.5114],[4555599.7,2030093.16],[4555462.08,2029984.4857],[4555085.4314,2029875.8],[4554527.6971,2029875.76],[4554513.2371,2029513.54],[4554335.8057,2029053.5171],[4554125.7629,2028770.98],[4553930.2,2028575.3743],[4553865.0314,2028234.8886],[4553799.8743,2027807.4657],[4553836.1086,2027648.0886],[4553843.3314,2027124.0543],[4553843.3971,2027119.2457],[4553923.0857,2027075.7771],[4553865.2086,2026235.4229],[4553977.54,2025673.98],[4554448.4743,2024848.1057],[4554332.6143,2024369.9714],[4554506.5257,2023710.7314],[4554477.5743,2023391.9743],[4555317.9543,2022892.0771],[4555647.6229,2022135.0286],[4556574.9371,2021540.9514],[4556857.4743,2021511.9543],[4557024.1029,2021671.3086],[4557168.9971,2021671.2971],[4557458.7943,2021222.1371],[4558454.9314,2020704.1171],[4558556.36,2020588.2029],[4558773.7343,2019943.4514],[4558750.5314,2019891.2286],[4558640.5429,2019637.4571],[4558565.7971,2019471.8029],[4558493.2514,2019311.0286],[4558455.4886,2019226.12],[4558187.4057,2019233.4057],[4557803.1657,2017813.8314],[4557024.2686,2017491.6143],[4556908.2629,2017020.8371],[4556966.0343,2016173.4343],[4556871.7029,2015427.4314],[4556820.8686,2014826.2829],[4556704.94,2014869.7657],[4556531.0457,2014797.3571],[4556045.6,2014753.9714],[4555886.1829,2014580.1543],[4555828.1771,2014326.66],[4555824.5029,2014084.0286],[4555194.1286,2013714.7057],[4554310.1657,2013352.6629],[4554063.82,2013338.2143],[4554107.0857,2012403.8971],[4554063.4771,2011715.8371],[4554201.0743,2011614.4514],[4554230.0,2011382.6829],[4554385.62,2010814.1286],[4554515.9571,2010611.3371],[4554639.08,2010625.8457],[4555261.8829,2010089.9257],[4555037.2629,2009930.6057],[4555000.92,2009358.4286],[4554522.7086,2009104.9771],[4554363.2914,2008923.9171],[4553703.9286,2008503.8943],[4553812.5457,2008337.3171],[4553620.4486,2007747.0371],[4553562.4514,2007537.0],[4553620.3686,2007384.9029],[4553743.4657,2007189.3543],[4553700.1371,2007124.3971],[4552018.0457,2007084.0943],[4551999.6514,2007083.6543],[4551999.6029,2007028.4257],[4551580.28,2005761.1714],[4551326.8971,2004611.6857],[4551530.6914,2003162.9771],[4549919.0314,2000344.9571],[4550627.6286,1999140.6286],[4550880.5114,1998582.4943],[4551351.6886,1997542.56],[4550617.7029,1995885.3971],[4550488.7971,1995823.6857],[4550483.2343,1995814.6971],[4550449.1914,1995759.6429],[4550494.9343,1995608.4771],[4550403.2171,1995401.4086],[4548508.7571,1994931.4514],[4547435.2486,1995035.7657],[4546010.7657,1996321.0657],[4545241.28,1995897.7029],[4544483.0371,1996126.2829],[4544310.1257,1995631.2914],[4544305.8514,1995632.9514],[4544305.8514,1995631.8257],[4544303.9629,1995219.96],[4544185.1857,1995057.6657],[4544184.24,1994851.1714],[4544034.9714,1994452.8943],[4544018.3457,1994039.8971],[4544060.7086,1993641.6486],[4544025.4029,1993625.9914],[4544280.0229,1992972.9943],[4545410.3771,1992735.0229],[4545739.8314,1992529.5114],[4546477.02,1992007.9171],[4546615.3057,1991218.3057],[4546334.8571,1990427.7],[4546071.62,1989463.3371],[4546144.3629,1988739.7829],[4546196.5371,1988511.2829],[4546340.4114,1988495.8971],[4546476.4057,1988343.5057],[4546726.2943,1988327.9943],[4546786.6486,1988236.5771],[4546816.6343,1988145.1743],[4547028.1714,1987905.1629],[4547194.6057,1987790.8143],[4547345.6057,1987592.7286],[4547480.8514,1987249.96],[4547502.2029,1986930.0714],[4547281.7286,1986730.2286],[4547277.1829,1986726.28],[4546970.7543,1986460.1886],[4546502.7029,1985948.84],[4546546.4857,1985620.9371],[4545259.54,1985031.6143],[4543903.7857,1984598.1543],[4542598.6771,1984390.4571],[4541632.4657,1983904.4571],[4539083.76,1981693.8343],[4539177.5914,1981600.4886],[4539245.5457,1981551.7686],[4538969.7971,1981276.7514],[4538773.5457,1981279.5914],[4538038.4143,1981419.6914],[4537261.7657,1981553.9914],[4536768.6629,1981625.1914],[4536153.2371,1981663.42],[4535704.2571,1981485.9314],[4535699.9257,1981491.1314],[4535548.5429,1981596.0857],[4535299.42,1981719.6829],[4535170.2829,1981688.1829],[4535049.2857,1981578.2229],[4534991.1657,1981512.82],[4534909.4686,1981423.6771],[4534814.2829,1981384.1657],[4534649.5,1981347.6886],[4534563.5829,1981328.6514],[4534382.6571,1981226.2457],[4534236.9943,1981109.4143],[4533982.7857,1980996.8914],[4533799.1886,1980855.54],[4533243.8029,1980676.5886],[4532742.2114,1980494.3143],[4532573.0543,1980093.5257],[4533101.0514,1979315.1057],[4533016.2486,1978419.0143],[4533450.2,1977761.2343],[4533901.5229,1977077.12],[4533959.0029,1976495.34],[4533623.6457,1975684.8629],[4533610.0143,1975690.1829],[4533640.3857,1975656.5314],[4534292.5829,1974473.4686],[4534970.5771,1972726.5229],[4535463.3371,1972107.6686],[4535499.3629,1971707.38],[4535664.4229,1970443.76],[4535579.5086,1968914.9829],[4535571.3114,1968918.0971],[4533314.9943,1969785.6143],[4533157.06,1969847.7229],[4532911.0229,1969948.16],[4532758.5086,1970011.3286],[4532575.9286,1970091.8229],[4530744.8571,1970899.1143],[4530157.4543,1971164.3171],[4529835.18,1971309.82],[4529776.88,1971333.8743],[4529459.3686,1971464.8971],[4529361.7114,1971505.1943],[4529235.6,1971558.1057],[4529155.8086,1971591.9686],[4529096.0914,1971617.3143],[4528997.6286,1971659.5257],[4528861.3943,1971718.3886],[4528200.9314,1972004.2314],[4528031.2771,1972071.4657],[4527598.8686,1972242.8314],[4527491.22,1972285.4943],[4527461.1629,1972297.4057],[4526898.32,1970782.3171],[4526237.7914,1971121.4343],[4525984.8743,1971261.4629],[4525665.0886,1971438.4714],[4525668.7086,1971692.8457],[4524241.2886,1972498.8971],[4523859.1629,1972362.9943],[4523562.5771,1972558.2286],[4523338.8429,1972314.1371],[4523311.5543,1972355.5829],[4523267.0514,1972235.8571],[4523262.5314,1972231.2343],[4522327.6857,1972628.1429],[4521868.7886,1972822.9743],[4521797.2143,1972852.36],[4520966.92,1973193.2571],[4520573.5057,1972279.0143],[4520454.1314,1971995.3257],[4520353.7571,1971753.6343],[4519556.2,1972063.1257],[4518314.1429,1972539.6171],[4517536.7114,1972861.2314],[4516517.5371,1973282.5314],[4516068.6914,1973469.0257],[4515375.1429,1973757.1971],[4514925.1029,1973941.4971],[4514866.7086,1973965.4114],[4514809.8829,1973988.6829],[4514800.2686,1973996.1543],[4514770.9,1974004.7029],[4514601.12,1974074.3143],[4514330.7229,1974183.7143],[4514023.0057,1974060.4886],[4513494.2829,1973468.8771],[4513480.7114,1973455.4171],[4513074.0286,1973240.2686],[4511488.3657,1972649.3486],[4510227.9714,1972179.2943],[4509252.3229,1972423.92],[4508934.9229,1972767.7029],[4508794.5971,1972754.9429],[4508612.1686,1972831.7571],[4508381.5371,1972641.0629],[4508179.9257,1972574.5],[4508074.2,1972670.3457],[4507738.2486,1972718.7229],[4507306.0,1972442.3457],[4507171.3171,1972280.1771],[4506278.3571,1972669.0257],[4505702.2857,1972440.6314],[4505654.06,1972345.2114],[4505795.1543,1971782.1429],[4505756.0286,1971562.6343],[4505668.8314,1971285.88],[4505762.8343,1970894.5943],[4505423.9857,1969883.0171],[4505327.94,1969825.8429],[4504934.2514,1970008.2257],[4504444.7371,1969980.3771],[4504079.9286,1970095.7514],[4503983.7057,1970220.3057],[4503666.3886,1969886.4771],[4503436.0257,1969862.9714],[4503119.2,1969978.2657],[4502811.5514,1970284.9343],[4502504.4057,1970285.4571],[4502350.6571,1970161.5057],[4502321.2486,1969980.1743],[4502273.2029,1969942.0343],[4502253.0943,1969693.8914],[4502233.3229,1969531.6457],[4502524.7343,1968319.6143],[4502426.9543,1967780.3886],[4502454.3771,1967465.4371],[4502367.0743,1967160.0486],[4502364.9486,1966625.58],[4502773.3943,1966100.8971],[4502609.6914,1965852.8371],[4502474.9486,1965671.5743],[4502473.9257,1965413.8857],[4502175.7829,1965080.0343],[4501378.66,1964637.0314],[4501060.8,1964131.3486],[4500780.6429,1963453.8143],[4500789.48,1963272.4771],[4500826.0429,1962852.5429],[4500739.5686,1962785.8057],[4500506.9514,1962022.34],[4500074.9257,1962176.0829],[4499988.4914,1962128.4514],[4499518.0657,1962291.8229],[4499306.8486,1962215.72],[4499086.0857,1962225.6571],[4498961.2257,1962302.3857],[4498591.2857,1962267.8657],[4498463.5143,1962146.8657],[4498318.0114,1961910.5229],[4498259.4829,1961726.0171],[4498264.9143,1961639.5257],[4497723.6571,1960763.3229],[4497400.4857,1960662.2686],[4497393.0543,1960659.9429],[4497016.0057,1960810.8086],[4496766.4229,1960632.2714],[4496650.3914,1960577.62],[4496528.6114,1960583.6029],[4496352.6514,1959932.06],[4496444.3886,1959787.9514],[4496604.9229,1959534.32],[4496592.6571,1959355.5686],[4496517.1314,1959274.8914],[4496279.3571,1959315.7314],[4495455.7543,1959063.0514],[4495417.5486,1959102.0371],[4495335.2143,1959187.7171],[4495203.6086,1959263.3],[4495043.2057,1959281.1571],[4494859.8914,1959258.6571],[4494585.0429,1959161.42],[4494459.0086,1959173.3857],[4494300.4829,1959532.7771],[4494320.2657,1959834.1086],[4494286.9571,1959996.3743],[4494105.3257,1960344.2114],[4494123.56,1960454.3171],[4494509.0143,1960808.3429],[4494608.1343,1960866.4743],[4494701.7229,1960976.6829],[4494639.3657,1961107.1143],[4494559.34,1961170.9857],[4494488.8143,1961727.3029],[4494300.3686,1961912.9971],[4494117.34,1962035.0114],[4494124.5714,1962051.02],[4494258.7457,1962348.0257],[4494416.4029,1962487.3286],[4494445.5371,1962507.4514],[4494617.1371,1962973.7486],[4494440.8914,1963262.8029],[4494153.8057,1963470.5629],[4493461.36,1963642.1229],[4492393.1143,1963629.6029],[4491871.3257,1964348.6286],[4491720.2229,1965519.2571],[4491132.5771,1965666.1657],[4491041.3457,1965601.0486],[4491021.24,1965924.3],[4490941.1514,1965947.3486],[4490849.7029,1965898.1857],[4490552.1257,1965909.5457],[4490386.9686,1966099.9886],[4490096.3171,1966405.8486],[4489890.3886,1966469.2429],[4489718.7257,1966446.0257],[4489564.2143,1966445.9257],[4489415.6143,1966526.6829],[4489313.4229,1966688.2857],[4489281.0829,1966936.4943],[4489201.0571,1966976.8686],[4489349.9314,1967438.6429],[4489408.8371,1967548.3057],[4489409.64,1967634.8914],[4489341.5943,1967753.2114],[4489272.9571,1967776.2686],[4489268.5171,1967920.5771],[4489184.9229,1968238.0457],[4489366.9429,1968503.54],[4489311.8,1968780.6057],[4489353.5657,1968919.1371],[4489441.8086,1969069.2029],[4489373.5229,1969155.7714],[4489406.2314,1969568.4943],[4489464.8657,1969643.5229],[4489390.76,1969718.5429],[4489351.92,1969885.9371],[4489038.1371,1970162.9143],[4488935.1514,1970185.9486],[4488826.96,1970312.9143],[4488724.9514,1970497.6143],[4488731.3714,1970566.88],[4488565.6886,1970670.72],[4488485.5686,1970670.6686],[4488337.5943,1970855.3514],[4488315.8429,1970999.6571],[4488339.7743,1971086.2371],[4488392.44,1971138.1771],[4488358.5229,1971210.3257],[4488320.26,1971441.2171],[4488286.6171,1971545.1143],[4488195.5257,1971654.7657],[4488018.5943,1971799.02],[4487990.46,1971874.0571],[4487612.8543,1971960.4457],[4487544.5686,1972047.0143],[4486944.3629,1972352.7086],[4486589.5829,1972309.1571],[4486457.9714,1972326.4],[4486303.8486,1972447.5657],[4486127.4486,1972672.6457],[4486025.7257,1972891.9829],[4485946.2086,1973013.1857],[4485805.4057,1973030.1457],[4485803.1514,1973030.4171],[4485592.4686,1973278.5771],[4485462.0829,1973509.4486],[4485388.36,1973636.4257],[4485377.56,1973717.2371],[4485309.9486,1973887.5114],[4485283.0114,1974095.3143],[4485203.1286,1974164.56],[4485083.1229,1974233.78],[4484797.0029,1974256.7],[4484139.16,1974059.8686],[4483819.02,1974215.5886],[4483418.6229,1974345.2771],[4483452.9571,1974934.0514],[4483553.0371,1975112.98],[4483419.0771,1975597.8429],[4483283.3886,1975883.5514],[4483257.4057,1976195.2571],[4483315.74,1976218.3229],[4483398.4714,1976403.0229],[4483789.6314,1976633.7771],[4483813.6714,1976731.9057],[4483787.4743,1977020.5171],[4484211.7314,1977825.6943],[4484293.3571,1977842.9657],[4484317.3971,1977941.0971],[4484399.0171,1977929.4914],[4484937.7857,1978523.9114],[4484962.1657,1978659.56],[4484918.7657,1978959.7171],[4484844.3743,1978953.8914],[4484793.1457,1979017.3771],[4484736.1057,1978965.34],[4483334.0543,1978958.6571],[4482963.1771,1979278.9057],[4482706.3686,1979492.4029],[4482737.2943,1979711.7543],[4482682.2057,1979994.5943],[4482534.7571,1980248.5486],[4482573.0029,1980635.2943],[4482637.5771,1980727.6371],[4483099.0857,1981056.5114],[4483709.3457,1981896.26],[4483869.1543,1982282.9857],[4483985.9486,1982357.9857],[4484295.2086,1982502.1657],[4484529.6914,1982793.62],[4484647.6,1983024.4943],[4484592.4571,1983301.5629],[4484474.0571,1983590.1629],[4484528.6457,1983867.2314],[4484855.2314,1983768.8229],[4485462.4314,1984132.26],[4485463.18,1984213.0714],[4485430.0,1984368.9229],[4485442.7314,1984495.9114],[4485612.1971,1984625.7371],[4485769.5971,1984637.1886],[4485828.1114,1984694.8971],[4485849.9286,1985179.7714],[4486002.5657,1985399.0914],[4485871.5314,1985543.3657],[4485820.8629,1985676.1229],[4485909.6857,1985895.46],[4486534.92,1986368.5971],[4486919.9171,1986515.6229],[4486880.2286,1986584.8829],[4487201.5714,1986821.4429],[4487260.2943,1986908.0171],[4487569.4514,1987023.3286],[4487570.5714,1987144.5486],[4488125.1029,1987450.2714],[4488279.3171,1987860.0914],[4488693.2971,1987949.3486],[4488763.3514,1987908.8657],[4488868.3086,1987931.9],[4489102.2229,1988139.6371],[4489378.6486,1988601.3743],[4489530.22,1988589.7257],[4489646.84,1988560.7714],[4489728.4629,1988572.2686],[4489834.7229,1988797.3743],[4489698.1914,1988976.2857],[4489649.3886,1989202.58],[4489517.5429,1989377.4314],[4489187.0257,1989729.4571],[4489142.9943,1989960.3486],[4489097.7429,1990052.6971],[4488651.6171,1990208.3429],[4488491.3857,1990202.4657],[4488230.7571,1990681.5229],[4488278.4686,1990837.3714],[4488263.4943,1991091.3514],[4488143.3171,1991091.2743],[4487960.26,1991039.1686],[4487880.3143,1991096.8629],[4487377.0686,1991295.7857],[4487239.7371,1991313.0257],[4487102.3971,1991301.38],[4487045.26,1991266.6829],[4486971.0457,1991324.3829],[4486730.8171,1991405.08],[4486388.9771,1991780.1943],[4485570.64,1991765.2229],[4485364.6514,1991799.7457],[4485269.5829,1992122.9857],[4485351.7514,1992238.4171],[4485485.9857,1992307.6314],[4485498.8771,1992451.94],[4485453.2371,1992492.3343],[4485408.8943,1992688.5886],[4485351.8514,1992740.5229],[4485266.7657,1992884.8171],[4485186.6829,1992907.8657],[4485095.8057,1993046.3829],[4484930.4143,1993202.1914],[4484856.0371,1993219.4657],[4484736.0086,1993282.9143],[4484661.7343,1993236.6486],[4484518.6914,1993262.5514],[4484284.24,1993360.5771],[4484198.6257,1993291.1943],[4483878.2257,1993221.6657],[4483592.0943,1993215.7057],[4483357.5086,1993261.76],[4483169.5057,1993469.5143],[4482827.08,1993752.2514],[4482736.2486,1993896.5429],[4482715.2371,1994121.6629],[4482604.2486,1994597.8686],[4482529.9486,1994638.2486],[4482737.2686,1995157.7343],[4482744.4114,1995349.1914],[4482760.3086,1995775.3714],[4482848.8886,1995965.8457],[4482913.1486,1996012.0029],[4483338.8286,1995901.9771],[4483525.5971,1996000.0371],[4483589.86,1995953.7771],[4483747.5457,1996057.6257],[4483748.5857,1996170.1886],[4484168.5171,1996308.5286],[4484302.7029,1996250.6743],[4484311.1543,1996256.0286],[4484530.4429,1996394.9057],[4485031.7886,1996435.0171],[4485119.3371,1996481.1629],[4485313.1029,1996763.9686],[4485699.0657,1997107.3114],[4485944.2686,1997251.5314],[4486155.3686,1997522.7857],[4486286.9229,1997990.3314],[4486189.94,1998076.8886],[4486152.1486,1998359.7314],[4486153.9114,1998550.2171],[4486080.72,1998740.6943],[4485697.34,1998798.2029],[4485336.9371,1998699.7686],[4484342.58,1999267.9657],[4484344.9829,1999527.7229],[4485006.4,2000208.6857],[4485057.2457,2000707.9914],[4485187.8857,2001071.6343],[4484593.6429,2001429.3],[4484347.4143,2001909.0914],[4484341.1943,2001926.5114],[4484282.7514,2002090.1829],[4484285.7057,2002091.4057],[4484245.2857,2002190.3857],[4484087.7686,2002556.6457],[4483833.7971,2002896.5914],[4483426.2057,2003117.5686],[4483331.0257,2003134.5686],[4483336.1486,2003559.4971],[4483534.7371,2003778.34],[4483678.5457,2004007.8029],[4483475.5943,2004377.4914],[4483263.5086,2004436.9914],[4483037.8686,2004577.2257],[4482981.5971,2004560.2314],[4482982.2543,2004566.8143],[4482505.2143,2004365.9943],[4481869.3829,2004253.8257],[4480961.16,2004398.4971],[4479111.36,2004822.4629],[4478643.2257,2005004.3714],[4478179.34,2005314.64],[4477764.0029,2005402.5971],[4476894.8086,2005522.1971],[4476401.7143,2005610.2143],[4475128.7,2004519.2629],[4474946.8886,2004569.4857],[4474816.8571,2004519.5143],[4474434.2543,2004544.8514],[4474251.9971,2004629.5057],[4474221.0429,2004792.38],[4474222.1229,2004936.4571],[4474137.1943,2004992.8714],[4473417.2657,2005074.8],[4473306.0429,2005156.2771],[4473241.7971,2005369.2686],[4473157.2914,2005400.6371],[4473097.66,2005516.3029],[4472958.26,2004990.6143],[4472750.4571,2004916.2857],[4471968.8857,2004300.8829],[4471649.1114,2004133.76],[4470550.9143,2003925.9343],[4470321.8543,2003554.3429],[4469682.4171,2003288.2371],[4469410.6629,2003182.2971],[4468686.8371,2002710.6914],[4468675.0143,2002702.9886],[4468664.9686,2002444.5343],[4468678.1371,2002313.0429],[4468599.6686,2002013.8171],[4468443.8,2001728.2943],[4468019.08,2001588.7514],[4467850.12,2001548.3829],[4467537.3457,2001524.4057],[4467468.6057,2001406.58],[4467408.6543,2001193.4971],[4467312.6714,2001116.5657],[4467102.5229,2000999.0857],[4467024.68,2000885.8086],[4467051.4543,2000745.2543],[4467064.52,2000586.56],[4467000.0657,2000387.0857],[4466972.0,2000178.5171],[4466940.6771,2000029.5829],[4466947.5429,2000026.6714],[4466877.1886,1999671.3771],[4466789.96,1999375.3086],[4466521.4029,1998985.6029],[4466340.0657,1999007.9857],[4466071.6486,1999154.0086],[4465774.2486,1999205.8029],[4465563.8886,1999170.3143],[4465063.3457,1998933.0857],[4464961.7914,1998911.7057],[4464845.7286,1998941.1171],[4464512.0371,1998790.2029],[4464410.4686,1998855.8543],[4464047.7714,1998733.9886],[4463902.6229,1998546.3857],[4463815.5771,1998561.1886],[4463496.3743,1998758.1886],[4463394.8229,1998758.5457],[4463278.72,1998635.9286],[4463169.8257,1998448.2543],[4463111.6771,1998253.2857],[4462934.1371,1997780.9971],[4462864.8571,1997595.5371],[4462589.4771,1997436.1086],[4462756.2,1997196.9514],[4462857.7,1996856.3343],[4462857.7457,1996341.78],[4463038.9657,1996095.3771],[4463198.4371,1995928.6943],[4463423.1371,1995827.2429],[4463582.6,1995834.4971],[4463600.7343,1995671.4371],[4463513.8057,1995222.1086],[4463368.8771,1995004.6943],[4463223.96,1994635.0886],[4463006.5714,1994243.7429],[4462615.2429,1994026.34],[4462231.1543,1993939.3914],[4462064.4743,1993990.1314],[4461963.0314,1994229.32],[4461810.8514,1994091.6286],[4461658.6629,1994106.1314],[4461086.1514,1994098.9171],[4460861.4971,1994077.1886],[4460723.8086,1994222.1514],[4460241.8857,1994211.3086],[4460067.96,1994276.5457],[4459908.5286,1994370.7771],[4459785.3371,1994515.74],[4459647.6543,1994711.4429],[4459517.22,1994907.1429],[4458785.2857,1994515.8171],[4458567.8943,1994124.4714],[4458307.0057,1994052.0086],[4457799.72,1993914.3343],[4457477.2314,1993852.7514],[4457245.3314,1993715.06],[4457180.1143,1993584.6114],[4457126.2971,1993376.7343],[4457187.3971,1993222.2486],[4457223.6457,1993128.0343],[4457361.3657,1993033.8257],[4457499.0971,1992794.6686],[4457397.6829,1992214.8914],[4457462.9257,1992062.7029],[4457634.8286,1991843.7343],[4457651.4057,1991693.0943],[4457629.6886,1991424.9457],[4457796.2229,1991293.4],[4457671.8686,1990965.3171],[4457486.66,1990835.6714],[4457477.5686,1990678.4914],[4457550.16,1990452.0229],[4457550.16,1990007.5229],[4457613.66,1989652.98],[4457669.7457,1989500.82],[4457685.1,1989356.6457],[4457581.9114,1989023.2714],[4457605.7229,1988890.98],[4457449.62,1988375.04],[4457404.64,1988327.4143],[4457454.9114,1988181.8943],[4457425.8057,1988009.9143],[4457277.64,1987480.7457],[4457192.9743,1987324.6429],[4457208.8486,1987258.4971],[4457288.2229,1987165.8914],[4457223.6914,1987078.2257],[4456390.8743,1986489.6343],[4456057.5229,1986214.2514],[4455883.6114,1985902.6229],[4455767.6686,1985721.4429],[4455600.9943,1985619.9857],[4455593.7686,1985359.0886],[4455637.2943,1984953.2429],[4455688.04,1984815.5457],[4455651.8514,1984300.9914],[4455753.3543,1983931.3857],[4456104.9057,1983637.8829],[4456322.36,1983500.1943],[4456779.0057,1983427.7429],[4457018.2,1983348.0314],[4457177.6686,1983224.8343],[4457076.2171,1983058.1486],[4457076.2457,1982753.7657],[4456779.1743,1981963.8229],[4456800.94,1981695.6743],[4457177.8629,1981413.0429],[4457424.3057,1981471.04],[4457815.7257,1981137.6771],[4458163.6657,1980702.8514],[4458355.7686,1980293.3886],[4458247.0943,1979858.5543],[4458138.4314,1979307.7657],[4458116.7257,1978930.9114],[4458145.7486,1978597.5371],[4458254.4886,1978343.8857],[4458269.0,1978184.4457],[4458124.08,1977843.8286],[4457950.1686,1977539.4486],[4457935.6886,1977351.02],[4457957.2371,1977286.4086],[4458022.6886,1977090.12],[4458178.5343,1976934.3086],[4458301.76,1976832.8514],[4458258.2886,1976680.66],[4458142.3429,1976542.9657],[4457917.7,1976253.08],[4457664.0714,1975912.4657],[4457446.6714,1975687.8057],[4457091.5914,1975216.7429],[4456555.3486,1974513.7743],[4456395.9171,1974397.8229],[4456287.22,1974260.1286],[4456004.5857,1974267.3943],[4455808.9229,1974405.1114],[4455736.4571,1974303.6514],[4455729.2257,1974151.46],[4455808.9686,1973948.54],[4455852.4714,1973760.1086],[4455769.14,1973655.0286],[4455740.1543,1973575.3086],[4455834.3914,1973444.86],[4455957.6229,1973212.9543],[4456327.2943,1972995.5457],[4456631.7286,1972814.3743],[4456928.9229,1972488.2571],[4456950.6886,1972234.6029],[4457073.9343,1971879.4914],[4457588.5829,1972394.1171],[4458175.7029,1972662.3171],[4458284.4343,1972800.0343],[4458320.7,1973089.9543],[4458784.5971,1973314.6629],[4459020.1686,1973325.5486],[4459389.8343,1973209.6086],[4459629.0343,1973064.6714],[4459860.9771,1973100.9229],[4460063.9343,1973021.2114],[4460752.5229,1972905.2914],[4461114.94,1972832.8343],[4461238.1686,1972948.8086],[4461390.3857,1973035.7886],[4461673.0686,1973028.5571],[4461915.8886,1973097.4257],[4462292.8086,1973365.6143],[4462655.2514,1973887.4829],[4462727.7514,1973641.0743],[4462778.5143,1973300.4571],[4462916.2371,1973177.2571],[4463097.4457,1973162.7743],[4463438.1171,1973220.7743],[4463735.3029,1973133.82],[4463960.0,1973162.8257],[4464162.9543,1973133.8457],[4464336.9171,1973286.0629],[4464489.1314,1973315.06],[4464652.2171,1973311.4457],[4465029.14,1973579.6343],[4465195.8514,1973557.9029],[4465645.2543,1973304.2629],[4466036.6629,1973376.7657],[4466384.5943,1973050.6486],[4466471.6,1972710.0286],[4466174.4886,1972354.9229],[4466007.8229,1972094.0229],[4465870.1657,1971586.72],[4465710.7343,1971507.0057],[4465471.5857,1971478.0286],[4465348.3886,1971369.3257],[4465188.9629,1971180.8971],[4464993.2971,1971093.94],[4464862.8543,1971064.9571],[4464594.7229,1970847.5486],[4464616.48,1970695.3571],[4464573.0086,1970550.4114],[4464478.8057,1970361.9857],[4464471.5971,1969963.3886],[4464243.34,1969546.6771],[4463612.9514,1967981.2829],[4463402.7943,1967836.3429],[4463127.42,1967560.9571],[4462859.2829,1967466.7543],[4462808.5857,1967089.9],[4462743.3771,1966857.9886],[4462649.1829,1966618.8314],[4462536.88,1966260.0943],[4462413.6857,1966194.8714],[4461891.9029,1966158.6657],[4462015.1257,1966049.96],[4462065.8914,1965731.0829],[4462138.3886,1965506.4171],[4462247.1229,1965325.24],[4462363.1029,1965165.8029],[4462406.6086,1964970.1286],[4462392.1371,1964709.2286],[4462399.3971,1964564.2829],[4462464.6514,1964303.3857],[4462566.1629,1963854.0571],[4462798.1114,1963730.8629],[4462950.3371,1963535.1886],[4463399.7314,1963354.0286],[4463762.1543,1963165.6114],[4463831.0286,1962944.5714],[4463831.0486,1962748.8971],[4463889.0457,1962553.2229],[4463867.32,1962386.5371],[4463758.62,1962256.0886],[4463736.8943,1962067.6629],[4463649.9429,1961879.2343],[4463497.7686,1961647.3257],[4463280.3771,1961292.2143],[4463207.94,1960900.8657],[4462816.6057,1960741.4429],[4462541.2229,1960611.0029],[4462200.62,1960458.8257],[4462106.4086,1960429.84],[4461946.9743,1960415.3543],[4461944.5343,1960406.5086],[4461898.2914,1960371.0343],[4459932.4514,1960056.4314],[4459699.6829,1959697.9971],[4459107.5086,1959107.7743],[4458895.6914,1958601.6943],[4458155.7543,1958222.5657],[4457437.04,1958033.3371],[4456802.8771,1957865.1314],[4455999.5457,1957507.1629],[4455851.5657,1957444.0],[4455618.6257,1956937.9286],[4455849.9886,1956326.4057],[4456250.2,1955778.24],[4456352.32,1955597.3],[4456552.1543,1955300.2171],[4456658.5343,1954670.2257],[4456683.5771,1954531.6257],[4456916.86,1954245.6743],[4457001.9543,1954142.9229],[4457138.0143,1953967.9857],[4457540.6,1952755.7543],[4457404.6714,1952096.1886],[4458038.14,1951434.6286],[4457846.5057,1950190.4229],[4457444.6914,1949811.0086],[4456014.4257,1949754.5743],[4455509.0714,1949936.2829],[4455429.9229,1949964.74],[4455142.04,1949978.4],[4454983.7629,1949927.8971],[4454883.6086,1949909.8629],[4454863.16,1949905.6571],[4454725.9343,1949795.3571],[4454675.2543,1949755.2657],[4454580.7571,1949639.5714],[4454464.84,1949497.6486],[4454371.3286,1949333.7371],[4454055.6771,1949251.5171],[4453751.72,1949227.7829],[4453611.4343,1949134.0514],[4453595.9657,1949128.2743],[4453108.7343,1948946.3571],[4452103.3314,1948804.8829],[4451425.2686,1948698.8686],[4451033.6286,1948657.4943],[4450215.2771,1948703.3257],[4449467.0686,1948854.4543],[4448894.2314,1949122.66],[4448672.1286,1949402.8714],[4448087.6086,1949799.6086],[4447432.9343,1950079.4171],[4446778.2571,1950289.0914],[4446000.8229,1950481.1057],[4445969.5257,1950485.9371],[4443453.2143,1951517.74],[4442994.2486,1952613.2314],[4442866.7514,1952867.9857],[4442050.6171,1953096.5886],[4441464.0429,1953580.3771],[4440851.94,1953452.1229],[4439857.2714,1953604.02],[4439398.2029,1953348.3343],[4439194.2714,1952480.04],[4439323.9686,1952246.3543],[4438709.1086,1951940.9629],[4438560.0429,1951866.9229],[4438419.7857,1951539.1229],[4438319.5657,1951185.74],[4438183.5657,1950706.1886],[4438127.6314,1950508.9571],[4438125.94,1950512.3429],[4438112.4686,1950539.1971],[4437916.5486,1950929.76],[4437740.8657,1951070.0114],[4437576.8629,1951233.6429],[4437482.8114,1951607.7],[4437482.1457,1952110.3429],[4437300.3571,1952490.2371],[4437288.2629,1952794.16],[4437100.6,1953191.5886],[4436702.0029,1953881.2343],[4436256.7257,1954453.9743],[4436022.46,1954664.3543],[4436571.0829,1955096.7914],[4436628.4314,1955938.4286],[4436347.0743,1956417.6714],[4436342.3857,1956434.0029],[4436253.0829,1956744.9714],[4435913.4886,1956931.9457],[4435573.7029,1957341.0429],[4435327.7914,1957212.3514],[4435093.6229,1957270.7486],[4434777.44,1957457.7286],[4434619.2371,1957673.9686],[4434665.4457,1958094.7857],[4434559.7743,1958410.3971],[4434547.4771,1958866.2829],[4434430.1057,1959181.8914],[4434464.7029,1959544.2629],[4434148.0543,1960187.1571],[4434345.5629,1961122.3029],[4434321.3257,1961765.22],[4434355.3829,1962536.7171],[4433986.4514,1962823.0629],[4433154.74,1963641.2229],[4432709.6943,1963313.6857],[4432405.24,1963161.5943],[4432252.8686,1962927.6657],[4432205.7343,1962658.6657],[4432123.6457,1962494.9229],[4431725.5057,1962284.3343],[4431362.2571,1962751.8771],[4430917.3486,1962786.8371],[4430624.6343,1962868.6],[4430285.0943,1962926.9714],[4430156.1914,1963102.3029],[4430190.5229,1963663.3914],[4429815.7543,1963932.1943],[4429511.3314,1964013.96],[4429417.5829,1964142.5343],[4429347.06,1964411.3886],[4429340.6143,1964861.4314],[4428871.9971,1965375.7143],[4428005.4257,1965878.2229],[4427630.7029,1966076.8857],[4427220.8171,1966345.6829],[4427021.6514,1966567.76],[4426740.24,1967093.7629],[4426377.1829,1967350.8771],[4425920.56,1967455.9857],[4425545.9,1967455.8857],[4425147.8143,1967362.2371],[4423174.8086,1968174.2943],[4422659.6543,1968209.2343],[4422261.58,1968174.0514],[4421769.8257,1968056.9886],[4421137.5714,1967904.8114],[4421127.1771,1967904.8086],[4419148.5057,1968927.7829],[4418051.2943,1967651.6029],[4417968.6086,1967688.3629],[4415673.7229,1968729.0314],[4415668.1229,1968731.44],[4415659.24,1968735.2571],[4415650.3543,1968739.0771],[4415641.4686,1968742.8971],[4415632.5829,1968746.7171],[4415623.6971,1968750.5343],[4415614.8143,1968754.3571],[4415605.9257,1968758.1743],[4415597.0429,1968761.9943],[4415588.1571,1968765.8143],[4415579.2714,1968769.6343],[4415570.3857,1968773.4514],[4415561.5,1968777.2714],[4415552.6171,1968781.0914],[4415543.7314,1968784.9114],[4415534.8457,1968788.7286],[4415525.96,1968792.5514],[4415517.0743,1968796.3714],[4415508.1886,1968800.1886],[4415499.3057,1968804.0086],[4415490.4171,1968807.8286],[4415481.5343,1968811.6486],[4415472.6486,1968815.4657],[4415463.7629,1968819.2857],[4415454.8771,1968823.1057],[4415445.9914,1968826.9257],[4415437.1086,1968830.7429],[4415428.22,1968834.5657],[4415419.3371,1968838.3829],[4415410.4514,1968842.2029],[4415401.5657,1968846.0257],[4415392.6829,1968849.8429],[4415383.7943,1968853.6629],[4415374.9114,1968857.48],[4415366.0229,1968861.3029],[4415357.14,1968865.12],[4415348.2571,1968868.94],[4415339.3686,1968872.7571],[4415330.4857,1968876.58],[4415321.5971,1968880.4],[4415312.7143,1968884.2171],[4415303.8257,1968888.04],[4415294.9429,1968891.8571],[4415286.0571,1968895.6771],[4415277.1714,1968899.4971],[4415268.2886,1968903.3171],[4415259.4,1968907.1343],[4415250.5171,1968910.9543],[4415241.6286,1968914.7771],[4415232.7457,1968918.5943],[4415223.8629,1968922.4143],[4415214.9743,1968926.2343],[4415206.0914,1968930.0543],[4415197.2029,1968933.8714],[4415188.32,1968937.6943],[4415179.4343,1968941.5143],[4415170.5486,1968945.3314],[4415161.6657,1968949.1514],[4415152.7771,1968952.9714],[4415143.8943,1968956.7914],[4415135.0057,1968960.6086],[4415126.1229,1968964.4286],[4415117.24,1968968.2514],[4415108.3514,1968972.0686],[4415099.4686,1968975.8886],[4415161.6,1969087.3686],[4415162.9771,1969089.3943],[4415275.5371,1969255.1314],[4415298.5514,1969289.0171],[4415304.6371,1969297.9771],[4415386.2171,1969449.6171],[4414909.8029,1969640.0571],[4413701.4914,1969870.2914],[4413657.9314,1969893.0514],[4412346.78,1970589.9543],[4412082.54,1970734.3429],[4410449.2571,1971553.1629],[4410467.28,1971860.8543],[4410583.1857,1972063.9171],[4410611.9371,1972192.7829],[4410257.04,1972322.2229],[4410130.2914,1972719.5743],[4410061.9257,1973562.1371],[4410372.5286,1974576.0886],[4411182.0771,1977237.0943],[4411238.7514,1977423.3857],[4411803.1,1979733.9514],[4411895.6057,1980117.9171],[4412970.7286,1982137.0114],[4413274.7429,1983133.4857],[4413225.8286,1983808.2971],[4413444.4057,1984756.4114],[4413272.7486,1985014.6257],[4413126.8429,1985227.1286],[4412883.6457,1985581.34],[4412249.8029,1986503.5143],[4411695.1886,1986759.28],[4411226.7029,1986977.4686],[4410523.7,1987650.3514],[4410829.5914,1988922.9543],[4411113.3629,1989398.1629],[4411412.06,1989898.3629],[4411177.0257,1990587.6543],[4409478.6743,1990728.8714],[4409304.4686,1990743.0514],[4407641.6657,1990683.1029],[4407278.6686,1990806.4229],[4407255.0571,1990852.5286],[4406837.9829,1991300.8286],[4406357.8457,1991599.5057],[4405869.7971,1991795.8086],[4405157.4,1992050.9143],[4404826.7857,1992176.5286],[4404023.94,1992695.3114],[4403394.3057,1993214.2629],[4402945.7286,1993654.6657],[4402640.1514,1993970.58],[4401895.7514,1993365.0371],[4401806.9714,1993350.1914],[4401784.5257,1993106.1543],[4401946.8343,1992932.3257],[4402249.22,1992503.3429],[4402455.6343,1992111.3686],[4402647.5514,1992081.6714],[4402809.8029,1991844.9943],[4403370.72,1991571.1257],[4403658.4629,1991282.6343],[4403791.0686,1990942.4429],[4403827.6571,1990624.4571],[4403886.54,1990424.7829],[4403472.2314,1990520.5486],[4402998.7514,1990523.9057],[4402510.4257,1990309.22],[4401918.5743,1990308.8],[4401572.3571,1990464.4743],[4401541.2286,1990478.4714],[4401149.12,1990411.68],[4401126.6914,1990182.4314],[4401207.5857,1989842.2514],[4401214.4971,1989420.7343],[4401132.8771,1989136.0171],[4400792.3371,1988714.4114],[4400806.94,1988559.1143],[4400858.5,1988418.6029],[4400813.8629,1988159.7743],[4400872.7629,1987974.8943],[4401101.5543,1987849.0771],[4401559.2029,1987848.7514],[4401706.8229,1987796.9114],[4401898.6829,1987648.9457],[4401705.7943,1987009.2514],[4401542.4771,1986373.2629],[4401638.0657,1985959.1314],[4401704.1171,1985559.7943],[4401954.9,1985226.9571],[4402006.0657,1984731.4857],[4401843.2686,1984616.8029],[4401517.72,1984483.5371],[4401406.6714,1984343.0029],[4401443.5286,1984269.0429],[4401206.3257,1983670.0143],[4400902.7057,1983189.2714],[4401020.3,1982634.6343],[4401005.4371,1982560.6829],[4400561.52,1982408.86],[4400487.3514,1982179.6057],[4400228.3943,1982075.9486],[4399821.4971,1982097.8286],[4399651.3114,1982001.62],[4399532.32,1981343.4514],[4399723.7943,1980788.8],[4399708.9029,1980692.6657],[4399597.92,1980648.24],[4399213.0086,1980226.6171],[4398968.7857,1980019.4743],[4398613.6771,1980022.9171],[4398569.2371,1979948.9571],[4398561.5657,1979697.5257],[4398339.4057,1979349.9114],[4398036.02,1979157.52],[4397621.7257,1979149.8371],[4397488.5371,1979223.6257],[4397066.5657,1979740.4371],[4396888.9971,1979806.8114],[4396689.2457,1979836.2257],[4396622.5971,1979732.6829],[4396563.3143,1979599.5629],[4396496.7257,1979569.9486],[4396171.2029,1979628.8343],[4396104.5914,1979565.9543],[4396089.5257,1979314.52],[4395934.1143,1979188.7543],[4395763.9571,1979166.4629],[4395349.4971,1978789.1829],[4395769.7771,1978071.7829],[4396049.4543,1977106.7],[4396005.9343,1976754.2943],[4395939.4914,1976726.3714],[4395779.2229,1976691.9286],[4395669.2086,1976633.2171],[4395584.4629,1976570.4057],[4395534.7457,1976552.3371],[4395412.2971,1976553.8886],[4395280.4943,1976581.9943],[4395227.5886,1976571.7429],[4395151.5829,1976511.7486],[4395092.2171,1976401.54],[4395057.1886,1976238.9314],[4395069.04,1976103.0857],[4395059.8286,1975996.6571],[4395026.6257,1975881.9371],[4395034.3857,1975754.3029],[4395070.6629,1975640.5943],[4395316.8686,1975290.1429],[4395322.3686,1975281.1857],[4395602.7457,1974158.6257],[4396087.02,1973844.9114],[4396082.1486,1973827.6886],[4395883.0514,1973123.8],[4395421.5029,1972787.9857],[4394952.6171,1972478.0857],[4394484.0514,1972283.0371],[4394021.5257,1971709.8],[4393917.4486,1971716.5886],[4393618.9571,1972098.0543],[4393318.88,1972453.1343],[4393178.8857,1972618.7857],[4392784.8429,1972694.0686],[4392420.5371,1972618.0343],[4392025.3114,1972163.8029],[4392016.7314,1971963.1229],[4392550.0629,1971085.1971],[4392777.7086,1971009.9086],[4392635.9514,1970831.2429],[4392597.7771,1970705.84],[4392545.4314,1970533.8686],[4392454.2686,1970318.5943],[4392186.4771,1969695.0057],[4391364.7629,1968999.5171],[4391167.2943,1968706.1829],[4390107.6829,1968569.1857],[4389970.2343,1968575.6343],[4389763.92,1968635.9343],[4389345.96,1968875.1857],[4389348.5714,1968883.1314],[4389065.42,1969115.1143],[4388039.8486,1969594.2543],[4387675.38,1969677.1171],[4387432.9457,1969963.3714],[4387284.4657,1970004.6743],[4387054.9686,1969978.4829],[4387029.9943,1969492.2857],[4386801.2257,1969168.4486],[4386424.5,1968615.1914],[4386373.1286,1967966.9314],[4386077.0257,1967562.16],[4385645.6771,1967171.2686],[4385268.6686,1966699.1086],[4386059.62,1966052.3257],[4386522.8886,1965837.4057],[4386577.5571,1965756.44],[4386523.8486,1965648.4457],[4386335.0029,1965527.3114],[4385849.1257,1965705.6686],[4385363.1114,1965680.5057],[4384782.6543,1965804.9343],[4384539.8029,1965941.6486],[4384094.8429,1965584.6086],[4383635.8314,1965572.8971],[4382731.5971,1965224.2457],[4382529.8314,1964913.86],[4382320.4286,1964832.7486],[4381733.5657,1964605.4229],[4380870.8971,1963816.88],[4380458.9771,1963544.5971],[4379832.28,1963130.3457],[4379630.5171,1962819.96],[4379469.6086,1962441.94],[4379648.1086,1961969.3743],[4379669.4429,1961949.3457],[4379920.9457,1961713.2314],[4379972.4914,1961572.9171],[4380095.9743,1961236.7571],[4380099.5029,1961227.1571],[4380331.4486,1960997.9457],[4380767.2686,1960999.6829],[4381680.2743,1960529.1943],[4382088.8571,1960557.9457],[4382620.0886,1960424.5371],[4382797.3429,1960289.8257],[4383261.28,1959817.8829],[4383371.5171,1959433.0343],[4383318.32,1959203.4657],[4383089.0057,1959055.4086],[4383008.6629,1958839.3771],[4383091.1486,1958596.3314],[4383295.7686,1958407.6057],[4382189.0771,1957992.0143],[4381852.2686,1957627.8943],[4381759.5314,1957141.7314],[4381517.4343,1956763.8657],[4381629.0429,1956061.6114],[4381453.9914,1955845.7714],[4381008.6029,1955684.96],[4380469.9971,1955017.2057],[4379850.6,1954248.2686],[4379529.96,1953208.5457],[4379426.3257,1952114.6171],[4379332.6086,1951858.08],[4379022.6657,1951547.9686],[4378982.6657,1951399.4286],[4379164.6829,1951081.4286],[4379311.0057,1950825.7857],[4379230.5514,1950636.7743],[4379001.24,1950488.7171],[4378671.4657,1948422.48],[4378822.92,1947922.8629],[4379109.2486,1947707.34],[4378961.7686,1947356.3143],[4379251.3029,1946309.7886],[4379173.9943,1945869.9],[4379172.5143,1945861.6429],[4379158.3543,1945782.6543],[4378941.4029,1945728.1714],[4378683.78,1945375.1371],[4378575.3171,1944845.7143],[4378168.5343,1944641.82],[4377721.0714,1944695.5686],[4377436.3257,1944613.8857],[4377341.4114,1944464.5343],[4376636.3229,1944097.5514],[4376310.8971,1944042.9514],[4376324.4657,1943757.8857],[4376487.2,1943228.4486],[4376500.7829,1942468.2657],[4376365.1857,1942407.0857],[4375985.5257,1942271.0457],[4375334.6714,1942229.6543],[4374948.5857,1942088.8086],[4374588.8086,1941956.3571],[4374507.4343,1941969.56],[4374236.1771,1941886.9743],[4373842.7057,1940878.8857],[4373530.7457,1940633.0943],[4373096.7314,1940468.3743],[4372120.2057,1940233.52],[4372079.4914,1940070.0771],[4372269.2514,1939756.62],[4371320.3886,1938346.04],[4371278.7971,1938284.7514],[4371087.5114,1937836.7257],[4371047.5629,1937521.56],[4371037.2,1937498.5029],[4371080.4943,1937156.1943],[4370971.8886,1936829.7],[4370634.1314,1936425.6771],[4370411.5486,1936351.4486],[4370222.7171,1936364.6857],[4369831.4657,1936532.3029],[4369554.76,1936740.3514],[4369223.9514,1937045.7829],[4368731.5114,1937260.34],[4368360.3371,1937528.78],[4367853.9771,1938005.3914],[4367692.12,1938025.38],[4367199.6743,1937802.8857],[4366855.6914,1937701.6257],[4365324.7943,1937881.4371],[4364970.5686,1938042.6971],[4364736.6657,1938049.7229],[4364575.2657,1937728.6543],[4364107.16,1937407.3543],[4363814.0086,1936940.3143],[4363536.1914,1937042.0114],[4362950.9314,1937514.8714],[4362761.0,1937109.8486],[4362166.9343,1935843.0286],[4362102.9829,1935702.5571],[4361763.1343,1934956.0571],[4361654.7171,1934727.06],[4361330.5086,1934042.2657],[4361248.3943,1933868.8229],[4360820.4429,1932964.8971],[4358805.7686,1933862.0171],[4357504.0,1934441.6914],[4357092.3857,1934624.98],[4354560.8229,1935766.8943],[4354512.4,1935663.76],[4354672.5143,1935355.3229],[4354897.3143,1935151.46],[4354982.2029,1935106.7486],[4355516.8743,1934519.9086],[4355796.5486,1934328.5486],[4356445.7171,1933965.8514],[4356800.46,1933602.8257],[4356860.3686,1933612.8771],[4357180.16,1933269.7314],[4357406.1543,1932848.8257],[4357495.2914,1932682.5286],[4357710.3943,1932204.42],[4357715.7686,1931965.36],[4357641.8771,1931449.88],[4357413.0886,1931350.3314],[4357134.6,1931181.0629],[4356905.7771,1931186.14],[4356786.5343,1931355.6314],[4356672.28,1931535.0914],[4356567.8486,1931599.9143],[4356329.0771,1931604.9971],[4356259.44,1931629.94],[4356095.2857,1931630.0057],[4355702.3229,1931542.98],[4354836.7857,1931657.9429],[4354657.72,1931712.8257],[4354503.5829,1931673.1914],[4354483.6257,1931668.0543],[4354558.7943,1931414.0571],[4354514.2114,1931262.1543],[4354017.4057,1930525.1057],[4353963.0943,1930226.2771],[4353983.2943,1930061.9229],[4354313.7114,1929157.9914],[4354408.7029,1928983.6829],[4354543.7943,1928821.32],[4354945.9571,1928342.4886],[4355081.4314,1928263.1371],[4355266.98,1928193.8457],[4355422.6,1928308.8971],[4355663.2714,1928379.2371],[4355893.8571,1928369.8114],[4356144.5429,1928435.1886],[4356289.9114,1928435.5286],[4356375.2086,1928385.9343],[4356487.3429,1927985.8171],[4356603.4371,1927767.1686],[4356985.0314,1927469.3514],[4357055.8114,1927315.2886],[4356920.5029,1926636.8029],[4356702.8943,1926482.9771],[4356474.2829,1926438.8943],[4356370.8171,1926418.7543],[4356256.64,1926349.0029],[4356173.44,1925880.6486],[4356000.4514,1925472.0857],[4355697.64,1925287.7371],[4355573.6743,1925143.2486],[4355494.6829,1924926.5086],[4355535.6971,1924562.7914],[4355446.9829,1924268.8257],[4355439.2057,1923576.26],[4355280.6486,1923344.5771],[4355146.6057,1923269.84],[4355007.6857,1923145.28],[4354894.5171,1922706.8229],[4354507.5886,1922328.1571],[4354334.3486,1922009.28],[4354394.8486,1921792.5429],[4354310.8486,1921659.4629],[4354196.04,1921478.8857],[4354201.0229,1921374.3743],[4354549.7914,1920677.7],[4354734.1429,1920498.62],[4355242.3571,1920322.3486],[4355820.3257,1920203.4371],[4356099.3457,1920193.7886],[4356906.5086,1920179.7543],[4356911.4914,1920110.08],[4356856.6829,1920040.4229],[4356747.0657,1919697.0371],[4356766.9914,1919502.9371],[4357041.0229,1918624.5657],[4357165.58,1918062.1886],[4357265.2257,1917721.2886],[4357489.4371,1917577.0971],[4357609.0171,1917557.3029],[4357524.3143,1917413.0],[4357464.5229,1917283.6171],[4357235.3229,1917074.7],[4356961.28,1916925.58],[4356727.0971,1916676.8371],[4356697.2,1916512.6029],[4356507.86,1916353.44],[4356089.3229,1916187.0371],[4355740.54,1915968.2714],[4355610.9943,1915948.4886],[4355416.6714,1916003.5257],[4355292.1057,1916083.4143],[4354993.1486,1916083.7514],[4354783.8829,1916059.08],[4354569.6314,1916114.14],[4354534.7543,1916079.3143],[4354549.6971,1915930.0114],[4354629.4171,1915591.5914],[4354574.6057,1915320.3543],[4354380.28,1914688.3229],[4354225.82,1914464.4171],[4354016.5486,1914300.2943],[4353772.4,1913867.3771],[4353418.6314,1912979.0771],[4353269.1514,1912680.5029],[4353259.1829,1912396.82],[4353279.1114,1912252.4943],[4353269.1457,1912155.4457],[4353134.6114,1911737.4086],[4353089.7657,1911389.0286],[4353104.7114,1911065.5314],[4353199.3743,1910921.2314],[4353333.9029,1910876.5514],[4353473.4114,1910797.0114],[4353571.6886,1910709.7229],[4354168.7686,1910627.82],[4354961.1943,1910247.5914],[4356643.0857,1910231.12],[4357144.3686,1909171.5657],[4357146.1371,1909150.6514],[4357180.6371,1908742.2743],[4357208.7657,1908409.3086],[4357163.36,1908228.46],[4357169.5657,1908221.8743],[4357200.9829,1908049.22],[4357138.16,1907798.0914],[4356906.3343,1907898.7286],[4356668.9657,1908001.7743],[4356636.6171,1908015.8143],[4356537.1771,1908058.4143],[4356065.0314,1908260.4914],[4352006.18,1910038.4171],[4351781.9543,1910143.4629],[4348845.1343,1911465.5829],[4347537.2257,1912054.3886],[4346922.64,1912331.0686],[4344323.2971,1913501.2629],[4343658.88,1913800.3743],[4340876.8,1915052.1886],[4340767.6114,1915101.22],[4338505.9114,1916100.7686],[4337917.7857,1916360.6857],[4335632.3914,1917392.5343],[4335575.5886,1917418.1829],[4333074.6829,1918547.5457],[4332938.3743,1918608.6086],[4332679.4229,1918725.62],[4330979.4857,1919493.7514],[4330643.4886,1919644.3571],[4330629.0314,1919650.92],[4330394.7543,1919756.08],[4328942.2543,1920408.06],[4328469.5743,1920620.2286],[4327247.6257,1921168.72],[4326321.8771,1921583.9143],[4322305.9657,1923385.0257],[4320508.5686,1924191.1457],[4317361.0114,1925600.32],[4312861.2514,1927614.8829],[4312674.94,1927699.3571],[4311579.4657,1928196.0457],[4310761.8114,1928566.7686],[4309877.4314,1928967.7514],[4309060.2029,1929338.2829],[4308287.0171,1929688.8486],[4307961.5543,1929849.24],[4307553.78,1929428.5543],[4306671.7086,1928717.7543],[4305869.8857,1929145.9257],[4305778.8543,1929197.6143],[4305434.5057,1929387.3429],[4305403.8657,1929403.0171],[4305054.6371,1929349.08],[4304479.3771,1929268.82],[4304212.3714,1929231.1743],[4303471.9971,1929459.3314],[4303057.2486,1929481.0257],[4303023.7257,1929589.6],[4302963.7171,1929783.9714],[4302855.5571,1930134.3086],[4302804.8914,1930197.7086],[4302669.1743,1930367.92],[4302276.18,1930861.8514],[4302218.3943,1930889.1629],[4301292.6771,1931326.76],[4300962.8657,1931482.8943],[4300915.7143,1931276.7029],[4300788.1857,1930726.1943],[4299887.98,1928859.1],[4299778.8857,1928631.4286],[4299700.7771,1928468.4343],[4299397.9943,1927868.4057],[4299118.9029,1927989.5771],[4298654.4143,1928191.2343],[4298393.5,1927574.8371],[4298226.7029,1927656.1657],[4298200.5029,1927668.9029],[4298165.62,1927685.8743],[4298127.9286,1927704.2171],[4297994.3714,1927769.3457],[4297908.5029,1927811.3343],[4297841.3743,1927844.2286],[4297633.5429,1927946.4771],[4297390.3486,1928067.2914],[4297000.1029,1928261.1571],[4295954.4114,1928307.8629],[4295952.2514,1928305.6829],[4295726.4314,1928283.7857],[4295679.3571,1928259.4943],[4295652.8514,1927884.0257],[4295626.8286,1927515.3257],[4295314.4514,1927070.6457],[4294867.2886,1926888.5857],[4294625.9857,1926790.3371],[4294312.1057,1927031.9943],[4293993.5943,1927277.22],[4293847.5457,1927389.6686],[4293111.4,1927228.5743],[4292619.0057,1927923.1829],[4291893.5286,1928511.8857],[4291472.2629,1929031.5657],[4291311.0943,1929230.3829],[4291034.1029,1929076.3914],[4290654.42,1928865.3143],[4290056.1343,1928028.8943],[4289646.9257,1928047.0886],[4289314.4686,1928061.74],[4288910.4914,1928079.0371],[4287801.1629,1927232.0571],[4286330.6286,1926752.4314],[4286328.8229,1926752.6],[4286314.6057,1926747.2771],[4285218.7943,1926337.2114],[4284987.6714,1926313.6857],[4284662.8829,1926633.0343],[4283969.46,1926516.6371],[4283784.3686,1926607.6743],[4283583.88,1926618.8171],[4283545.8571,1926621.0543],[4283392.4743,1926631.1771],[4283323.0114,1926494.9343],[4282724.6371,1926430.7314],[4282172.2771,1926343.3086],[4281803.8914,1926186.0143],[4281481.5114,1926028.4086],[4281343.0629,1925869.6971],[4281066.8971,1925871.7571],[4280879.6143,1926005.32],[4280813.1371,1925177.2457],[4280596.8229,1924737.34],[4280402.6314,1924268.1],[4280193.2857,1923879.5143],[4279946.7686,1923600.9114],[4279918.9771,1923395.6171],[4279994.3286,1923131.6714],[4280126.0,1922923.9143],[4280142.46,1922896.6257],[4280242.1343,1922621.4143],[4280376.1314,1922115.8314],[4280452.5629,1921707.0057],[4280513.2771,1921190.4743],[4280554.3771,1920908.0371],[4280500.9514,1920707.3057],[4280337.9971,1920478.4743],[4280332.1829,1920476.1143],[4280323.5943,1920463.4714],[4280325.4057,1920460.7171],[4279993.0086,1919992.0943],[4279531.9971,1919522.5914],[4279422.1943,1919456.5543],[4279165.9714,1919324.4657],[4279122.24,1919141.0914],[4279159.3886,1918789.0143],[4279262.5543,1918429.6],[4279277.4971,1918227.8914],[4279255.7171,1918073.8571],[4279219.2657,1917927.1571],[4279006.9857,1917787.7514],[4278961.7771,1917762.5771],[4278809.3343,1917677.6857],[4278406.6686,1917516.2143],[4278165.0571,1917450.1286],[4277901.4886,1917362.0371],[4277799.0486,1917251.9971],[4277806.6029,1917090.6314],[4277865.4343,1916980.6],[4278166.4829,1916885.1629],[4278328.0314,1916819.1086],[4278629.1314,1916635.6743],[4278695.3429,1916488.9686],[4278432.2143,1915953.5],[4278351.9514,1915682.1029],[4278301.1143,1915333.6943],[4278313.9743,1915076.0171],[4278332.7457,1914689.3743],[4278338.62,1914579.1257],[4278414.7743,1913938.5086],[4278400.9457,1913749.2314],[4278335.6314,1913611.0143],[4277934.9686,1913175.3229],[4277673.2286,1912746.3257],[4277652.0714,1912557.0514],[4277748.1086,1912422.5857],[4277947.0371,1912328.8257],[4277657.74,1911470.12],[4277571.7143,1911033.3771],[4277522.9257,1910458.2686],[4277686.7943,1909897.8629],[4277577.72,1909723.3657],[4277542.0486,1909501.3429],[4277520.5114,1909399.44],[4277726.7057,1909408.2286],[4278050.8029,1909300.6657],[4278227.9057,1909111.8714],[4278243.5,1908900.7514],[4278171.0714,1908711.5657],[4278171.7771,1908551.4029],[4278401.1457,1908136.8486],[4278409.4057,1907925.7314],[4278234.9857,1907620.2971],[4278140.3057,1907511.3486],[4277827.68,1906995.0886],[4277616.4314,1906762.7086],[4277412.2,1906632.46],[4277120.4486,1906477.2257],[4277596.0257,1906254.6771],[4277580.2314,1906069.5029],[4277653.1143,1906061.5543],[4277653.1057,1906061.5257],[4277515.9686,1905756.5029],[4277300.5343,1905258.8343],[4276288.6657,1903034.9657],[4275574.9457,1901482.7914],[4275019.3257,1900280.3371],[4274797.1343,1899799.4743],[4274571.0714,1899310.2314],[4273737.6429,1897506.5457],[4273629.4514,1897269.64],[4273176.6886,1896278.2143],[4272471.28,1894733.5686],[4272207.7343,1894152.9143],[4272447.14,1893854.3943],[4272489.2543,1893705.1743],[4272549.1457,1893609.6571],[4272728.4486,1893561.7514],[4273015.3114,1893555.4543],[4273427.8343,1893793.36],[4273523.4571,1893781.3257],[4273631.1314,1893679.8057],[4273786.6743,1893524.5486],[4273930.3171,1893345.4343],[4274014.2,1893196.1971],[4274139.9343,1893017.0943],[4274528.6629,1892706.5143],[4274570.5743,1892646.8171],[4274576.9629,1892473.7286],[4274577.3743,1892306.6086],[4274613.5086,1892163.36],[4274602.7657,1891802.1229],[4274605.0657,1891803.3657],[4274626.7429,1891474.98],[4274652.1629,1891292.5429],[4274648.2943,1890960.5086],[4274582.4914,1890799.9657],[4274491.1743,1890708.7514],[4274447.7571,1890681.1143],[4274117.3086,1890469.9343],[4273878.9371,1890311.8343],[4273859.2714,1890290.86],[4273719.86,1890142.5886],[4273357.4971,1889585.7143],[4273238.5371,1889427.3771],[4273196.1829,1889372.0143],[4273183.4743,1889253.2943],[4273185.5314,1889172.8486],[4273244.6429,1888870.3457],[4273356.5086,1888687.2686],[4273566.1057,1888420.9914],[4273793.9114,1888255.5057],[4274369.0457,1887745.1429],[4274543.4314,1887656.0486],[4274697.1543,1887617.1257],[4274874.9714,1887626.0286],[4275000.3286,1887602.0029],[4275109.4743,1887589.3029],[4275251.3457,1887522.7543],[4275376.8429,1887479.18],[4275607.2086,1887469.8371],[4275772.96,1887502.1229],[4275894.2029,1887509.4457],[4276019.5371,1887536.6629],[4276116.6571,1887507.9629],[4276436.1543,1887117.4086],[4276521.2343,1887000.3429],[4276623.6743,1886776.7771],[4276540.0257,1886493.5457],[4276346.4829,1886313.1971],[4276099.4229,1885993.2971],[4275877.6371,1885784.9086],[4275647.2171,1885520.8029],[4275554.1743,1885408.7914],[4275508.3571,1885265.1743],[4275579.6314,1885053.6943],[4275790.1657,1884729.9686],[4276495.9714,1883758.3057],[4276915.78,1883019.3029],[4276979.9371,1882855.6686],[4276965.8971,1882720.0914],[4276860.4914,1882576.1743],[4276579.2057,1882410.9229],[4276346.3457,1882301.6286],[4276117.2114,1882156.6971],[4275643.1086,1881886.5114],[4275406.4571,1881812.8114],[4275141.8857,1881774.38],[4274259.9971,1881658.1314],[4273919.0943,1881559.5971],[4273690.5771,1881517.6114],[4273309.6314,1881422.6029],[4272387.4571,1880672.1657],[4272246.14,1880524.0171],[4272177.5486,1880455.92],[4271949.6886,1880084.4057],[4271578.2857,1879699.9857],[4271248.5857,1879599.6771],[4270648.6229,1878988.4886],[4270610.3343,1878947.7743],[4270358.1914,1878038.9],[4269555.1771,1877429.8571],[4269674.7686,1877068.9857],[4269876.8914,1876571.8229],[4270114.32,1876102.3486],[4270244.5543,1875895.3629],[4270320.1514,1875386.5314],[4270409.2171,1875020.7629],[4270515.1886,1874841.6657],[4270738.3971,1874531.0657],[4270904.4629,1874323.9171],[4271112.4286,1873965.7429],[4271233.4486,1873854.0314],[4271474.2371,1873773.1629],[4271875.3714,1873679.2143],[4272364.5914,1873620.1171],[4272353.1371,1873361.74],[4272502.9,1873182.4486],[4272274.6086,1873066.0086],[4271977.2114,1872850.0914],[4271793.6743,1872563.4314],[4271689.0714,1872233.3657],[4270869.6371,1871863.8086],[4270868.4057,1871863.2143],[4270371.4,1872199.2286],[4269353.5,1872453.4143],[4268835.3514,1872340.3486],[4268749.7571,1872273.0057],[4268148.1057,1871466.2914],[4268056.0257,1871435.9886],[4267523.2086,1871525.9657],[4266919.4829,1871388.7514],[4266006.0657,1870565.4886],[4265490.3914,1870555.0886],[4265033.84,1870545.88],[4264986.7971,1870514.5343],[4264751.5686,1870212.6657],[4264644.7771,1870028.42],[4264424.9143,1869692.8114],[4264143.7057,1869477.4143],[4263940.2743,1869381.68],[4263557.3371,1868891.0514],[4263422.3143,1868625.5],[4263276.1314,1868298.7114],[4262923.1143,1868298.7229],[4262348.7314,1868364.54],[4261600.82,1868352.5543],[4261511.0686,1868226.9029],[4261558.9343,1867945.7086],[4261594.8371,1867473.0229],[4261594.8371,1866886.6714],[4261672.6257,1866270.3914],[4261648.6886,1865983.1943],[4261499.0971,1865839.5914],[4260960.6143,1865654.1229],[4260864.88,1865438.7143],[4260817.0771,1865330.2257],[4260830.0943,1865317.5371],[4260771.3629,1864608.6143],[4260699.2,1864548.5914],[4260446.8886,1864625.84],[4260062.1914,1864876.2086],[4259779.7943,1864995.2543],[4259347.2171,1864826.7886],[4259183.7371,1864353.0971],[4259110.2486,1863921.4171],[4258971.8657,1863777.4171],[4258707.5571,1863836.7029],[4258497.3314,1863854.2286],[4258280.62,1863590.2771],[4258088.2943,1863476.1429],[4258088.4657,1863475.5714],[4257600.8057,1862666.1286],[4257596.28,1862658.5],[4256457.9514,1860219.9743],[4255030.8086,1857038.0429],[4254770.7657,1856458.26],[4254586.9114,1856065.1571],[4254753.3971,1855983.0714],[4255003.1543,1855859.9314],[4254651.5429,1855052.9057],[4247070.2,1858552.6429],[4246210.1914,1858949.6457],[4245576.5343,1859242.1571],[4244888.5629,1859559.7429],[4244820.76,1859591.8314],[4244699.7057,1859649.1257],[4244658.8714,1859668.4486],[4243923.0857,1860016.6914],[4243616.9571,1860158.1943],[4243522.7371,1860201.5486],[4243473.1857,1860224.4286],[4243334.8229,1860288.1857],[4243091.6943,1860398.7943],[4242938.76,1860468.3686],[4242800.2486,1860534.0114],[4242767.42,1860549.1571],[4241031.0743,1861350.2943],[4238868.64,1862349.9914],[4238641.2314,1862455.1229],[4238092.3771,1862711.0514],[4232663.6,1865243.0429],[4231481.66,1865794.3029],[4229683.2314,1866633.4429],[4227648.6771,1867582.0114],[4227585.1543,1867611.64],[4227565.3629,1867620.9429],[4226372.32,1868181.7571],[4226354.3486,1868190.2057],[4226052.7314,1868331.9886],[4226049.1286,1868333.6829],[4225322.1343,1868675.42],[4225020.0029,1868817.4429],[4224951.64,1868849.58],[4224684.2486,1868975.2743],[4224673.5514,1868973.4971],[4224629.7771,1868993.2],[4224589.3771,1869019.8686],[4224574.42,1869026.9],[4224534.2886,1869045.7657],[4223153.2743,1869694.94],[4222916.46,1869806.26],[4221075.0886,1870671.8371],[4216390.6629,1872873.8514],[4215927.2057,1873091.7114],[4215343.8029,1873366.8714],[4214456.7657,1873785.24],[4213322.0657,1874320.42],[4211464.8829,1875205.0143],[4210330.6286,1875745.2714],[4210130.7371,1875840.4829],[4208363.5943,1876682.1914],[4207912.8829,1876896.8686],[4205822.48,1877892.5514],[4203300.4857,1879093.8],[4191762.6857,1884589.3743],[4190082.5257,1885389.6514],[4187802.3229,1886475.7343],[4186324.0743,1887179.84],[4184170.5943,1888205.5657],[4183472.6486,1888538.0029],[4181324.1857,1889571.0657],[4177327.9029,1891492.6314],[4175908.7286,1892175.0257],[4174898.7057,1892663.1971],[4173831.1743,1893179.1629],[4171844.56,1894144.0343],[4171180.4543,1894466.5829],[4167928.7,1896045.9171],[4167085.4829,1896455.4543],[4162960.3086,1898458.9971],[4160258.9343,1899771.0171],[4158534.6829,1900608.4629],[4157080.4857,1901321.4143],[4154906.7429,1902387.7143],[4151978.1886,1903824.3257],[4151978.1429,1903824.3486],[4152424.1343,1904692.0857],[4152639.5171,1904867.58],[4152987.6143,1904363.2543],[4153097.5886,1904438.34],[4153836.5114,1904942.8229],[4154020.5314,1905086.7686],[4154711.7171,1905628.8314],[4154801.2914,1906117.12],[4154835.7686,1906643.9029],[4155093.3971,1907520.8171],[4154919.4143,1907911.6743],[4154826.7914,1907949.7686],[4154303.3514,1908187.9429],[4154102.5229,1908279.3257],[4153897.1914,1908372.7543],[4153874.5371,1908418.5],[4153472.86,1909229.56],[4153224.1771,1909731.6943],[4153193.6857,1910417.8314],[4152965.78,1911213.52],[4152909.8743,1911588.1886],[4152826.7143,1912005.1943],[4152845.0571,1912544.7143],[4152801.2829,1912840.3971],[4152825.0371,1912895.0971],[4152798.0314,1913035.72],[4152738.4914,1913121.9429],[4152599.9571,1913174.6429],[4152468.26,1913173.9629],[4152197.4371,1913279.1286],[4151768.8229,1913605.6686],[4151636.2029,1913706.9429],[4151522.52,1913882.3257],[4151447.2,1914003.5743],[4151278.2886,1914569.1314],[4151054.5171,1914920.3857],[4150557.5143,1915291.9086],[4150130.7286,1915722.3057],[4149968.8657,1915836.5086],[4149754.7429,1915950.0229],[4149662.4743,1916316.5514],[4149582.5114,1916477.9571],[4149098.1457,1916977.3314],[4149151.3429,1917502.8371],[4149380.1257,1917946.72],[4150243.0314,1917508.76],[4150794.8,1917301.0829],[4150982.6286,1917288.5857],[4151205.68,1917340.4429],[4151458.0886,1917450.7629],[4151604.8286,1917456.0286],[4151951.1686,1917272.6143],[4152329.7743,1917408.8086],[4152588.0343,1917425.3543],[4152969.5629,1917494.1571],[4153386.32,1917627.2771],[4153673.96,1917467.58],[4153832.58,1917155.3],[4153903.0857,1917002.12],[4154302.3229,1916636.2771],[4154557.6514,1916620.5743],[4154733.7371,1916625.7257],[4154997.8886,1916741.8514],[4155232.6743,1916758.4914],[4155461.0371,1916690.68],[4155813.78,1916585.9343],[4156136.36,1916661.0743],[4156143.7857,1916662.8029],[4156160.0943,1916666.68],[4156700.1771,1916702.2],[4157172.7857,1916922.4686],[4157636.6343,1917233.6686],[4157900.9,1917497.8314],[4157942.1114,1917668.0314],[4157889.5657,1917938.0029],[4157743.2086,1918213.8571],[4157849.0114,1918454.4943],[4157978.2543,1918648.1914],[4157946.2457,1918932.8314],[4157829.3057,1919331.9229],[4157689.1771,1920042.0629],[4157695.4143,1920464.62],[4157590.1286,1920775.6771],[4157288.6686,1921389.0143],[4157183.2829,1921576.8343],[4157142.4086,1921782.2457],[4157119.2743,1922151.9857],[4157119.3686,1922257.6229],[4157002.34,1922551.08],[4156832.5457,1922844.5486],[4156741.7857,1922988.3514],[4156800.5229,1923064.66],[4156959.0229,1923058.8914],[4157223.2114,1922953.4886],[4158356.2829,1922490.88],[4158514.8029,1922578.9686],[4158497.3657,1922755.0343],[4158298.3771,1923206.9629],[4158204.8714,1923576.7086],[4158205.1343,1923876.0171],[4158246.4514,1924169.4629],[4158316.7743,1924352.7543],[4158352.2857,1924445.3086],[4158634.3086,1924926.6],[4159101.8,1925565.1429],[4159257.5914,1925772.7171],[4159309.7229,1926084.0371],[4159301.2771,1926308.8743],[4159336.0314,1926516.42],[4159405.3714,1926732.6171],[4159699.8314,1926093.5114],[4160098.1486,1925316.2314],[4160331.8114,1925039.8943],[4160634.5971,1924875.9],[4160980.5971,1924850.1857],[4161430.4057,1924962.8171],[4161733.2743,1925274.2086],[4162357.9571,1925557.64],[4162477.2343,1925611.76],[4162788.6486,1925715.6686],[4162901.1629,1925862.7],[4163022.5457,1926286.4457],[4163212.96,1926545.9143],[4163420.96,1927177.2143],[4163922.8971,1927765.3657],[4164121.8543,1927825.9886],[4164545.7057,1927783.0371],[4164729.8,1927771.6543],[4164960.9057,1927757.3629],[4165652.9229,1927593.5943],[4165877.8229,1927619.6571],[4166117.9343,1927815.0629],[4166249.8657,1927922.4343],[4166345.0914,1928078.1057],[4166674.0371,1928588.3771],[4166786.9,1929159.1286],[4166951.68,1929790.42],[4167185.3143,1930023.9686],[4167678.4543,1930361.3829],[4167981.2686,1930586.3171],[4168258.2943,1931044.6886],[4168226.2771,1931392.4286],[4168224.5,1931416.4657],[4168211.8914,1931657.8543],[4168222.2257,1932192.36],[4167995.9886,1932476.6514],[4167733.8886,1932614.1857],[4167506.9657,1932725.3057],[4167289.9,1932834.6314],[4167015.7686,1932968.1057],[4166333.6257,1933273.6457],[4166206.3943,1933352.4057],[4165953.7257,1933508.8143],[4165781.0829,1933691.3286],[4165686.28,1934003.7857],[4165505.34,1934654.7171],[4165410.3943,1934776.34],[4164374.3,1935412.1971],[4163182.7943,1936161.1886],[4162664.6714,1936154.6657],[4162491.9657,1936138.0943],[4162198.3743,1936052.92],[4162077.5,1935967.1057],[4161369.6057,1935322.8543],[4160825.6771,1934945.3057],[4160566.68,1934730.6257],[4160333.5429,1934627.9629],[4160330.42,1934627.7343],[4159749.6086,1934172.3429],[4158951.0343,1933904.7143],[4158420.86,1934747.16],[4157840.0714,1934922.9057],[4157633.4457,1934982.4743],[4156589.1171,1935174.0571],[4155935.84,1935669.2571],[4155762.9086,1936045.4257],[4155894.7057,1936326.2257],[4155878.9743,1936337.8571],[4155783.9857,1936364.1857],[4155678.2114,1936440.3457],[4155602.6771,1936494.7314],[4157194.9857,1939525.5571],[4157213.4114,1939560.6286],[4157229.9057,1939591.7229],[4157246.7657,1939623.5114],[4157603.8457,1939896.6771],[4157414.8886,1939944.4143],[4157402.3457,1939947.5857],[4157119.54,1940019.1],[4156771.7857,1939857.0229],[4156597.9257,1939716.2686],[4156456.6457,1939673.1657],[4156337.1029,1939630.0114],[4156217.5571,1939652.0829],[4156098.0114,1939663.2743],[4155978.4657,1939674.4686],[4155815.4486,1939674.9029],[4155728.5057,1939696.8857],[4155587.2257,1939686.3914],[4155511.1486,1939686.5943],[4155380.76,1939806.6714],[4155304.7257,1939948.4486],[4155228.7143,1940133.8286],[4155174.42,1940275.5829],[4155152.8171,1940559.0429],[4155131.18,1940777.0886],[4155120.3857,1940940.62],[4155218.3857,1941202.3229],[4155251.0771,1941344.06],[4155251.12,1941431.2771],[4155109.9314,1941725.7229],[4155033.9229,1941922.0],[4154968.7457,1942031.0714],[4155077.56,1942151.1057],[4155251.6343,1942260.3829],[4155306.1914,1942641.9714],[4155338.9429,1942903.6286],[4155328.1829,1943132.5743],[4155241.2886,1943296.1657],[4155132.6543,1943459.7886],[4154947.9114,1943558.2029],[4154806.6543,1943678.3029],[4154611.0457,1943787.6286],[4154426.3086,1943907.8229],[4154317.64,1943973.3971],[4154176.3571,1943962.9029],[4153991.6029,1943952.5229],[4153839.4571,1943909.4486],[4153589.5,1943877.5],[4153491.6914,1943834.2943],[4153296.0714,1943867.4429],[4153187.3971,1943911.2457],[4153067.8629,1943987.7371],[4152959.2257,1944140.46],[4152904.9514,1944325.8171],[4152872.4629,1944587.4743],[4152883.4286,1944772.8143],[4152850.9029,1944958.1571],[4152807.4914,1945110.8057],[4152785.7971,1945219.8314],[4152753.26,1945383.3743],[4152666.3571,1945525.1686],[4152688.1943,1945710.5086],[4152720.8886,1945852.2457],[4152677.4657,1945983.0914],[4152678.6143,1945983.5457],[4152619.4971,1946315.7857],[4152529.5971,1946729.48],[4152903.6429,1946623.3686],[4153365.4914,1946254.5257],[4153400.3771,1946226.6657],[4154209.8971,1946059.1657],[4154477.7571,1946327.5314],[4154095.2543,1946542.32],[4153033.8829,1947138.3257],[4153160.7057,1947387.0829],[4153161.2657,1947386.7971],[4153564.74,1948216.2057],[4153811.2971,1948723.0486],[4154307.2114,1949742.4857],[4154909.3057,1950980.1914],[4157248.6457,1955854.1314],[4157549.0514,1955625.2371],[4157871.6914,1955700.8571],[4158042.3314,1955961.3571],[4158138.6371,1956069.8771],[4158266.2171,1956308.6914],[4158415.6229,1956525.7657],[4158579.0143,1956656.1829],[4158796.8286,1956775.7171],[4158971.0657,1956851.7686],[4159232.4,1956916.9286],[4159341.3,1956960.3886],[4159472.5314,1957482.1429],[4159592.46,1957677.7943],[4159701.3486,1957656.0143],[4159951.8286,1957525.4486],[4160180.5343,1957394.8914],[4160409.2229,1957296.9543],[4160637.8943,1957231.6486],[4160817.0114,1957224.7143],[4160920.9943,1957220.6886],[4161683.2171,1957394.4257],[4161988.1457,1957546.5486],[4162031.8171,1957666.1171],[4161760.5914,1958003.0571],[4161706.72,1958350.8971],[4161685.5543,1958763.9571],[4161762.1371,1959090.0543],[4161816.8486,1959329.1943],[4161871.6029,1959600.9429],[4161719.7114,1959785.7171],[4161720.0486,1960024.8571],[4161665.9371,1960198.7714],[4161601.0457,1960437.9114],[4161721.1657,1960785.7457],[4161803.7686,1960956.6971],[4161862.9743,1961079.2229],[4161993.7029,1961198.7771],[4161939.7543,1961492.2686],[4162027.1143,1961742.2714],[4161994.9514,1962068.3714],[4161976.6686,1962234.9943],[4161973.4971,1962263.9886],[4161974.0629,1962567.9114],[4162050.5457,1962752.4114],[4162257.64,1962925.9143],[4162432.0171,1963056.0171],[4162737.0657,1963153.32],[4163031.1971,1963196.2971],[4163281.7686,1963271.9571],[4163521.4343,1963228.0429],[4163695.7343,1963195.1143],[4163924.6886,1962955.3286],[4164088.0943,1962933.2971],[4164316.9029,1962824.1257],[4164534.7886,1962888.9714],[4164687.3514,1962986.5171],[4164872.5571,1963040.5486],[4164981.5914,1963159.8743],[4165057.9029,1963235.8],[4165069.4657,1963604.8514],[4165222.5314,1964028.1257],[4165451.56,1964321.0571],[4165560.7286,1964527.2457],[4165702.4143,1964635.6686],[4165811.38,1964700.6857],[4166530.3629,1964612.4457],[4166759.2029,1964753.3343],[4166770.6029,1965035.5457],[4166738.3314,1965220.0657],[4166825.6429,1965371.9886],[4167207.3314,1965838.4943],[4167610.8857,1966370.1229],[4167556.6914,1966446.0743],[4167318.0086,1966597.8086],[4167307.3,1966684.6429],[4167438.2486,1966901.6686],[4167536.3971,1967021.0057],[4167569.3857,1967216.38],[4167547.9257,1967368.3371],[4167559.1029,1967531.1543],[4167635.4629,1967639.6543],[4167744.4029,1967661.2114],[4168071.28,1967823.6771],[4168278.3171,1967942.8714],[4168354.6914,1968062.2257],[4168387.5429,1968181.62],[4168398.8229,1968398.7086],[4168671.1657,1968354.7371],[4169052.44,1968321.4543],[4169302.9943,1968342.7629],[4169564.4514,1968407.5371],[4169945.7257,1968396.0057],[4170337.8971,1968340.9514],[4170533.9914,1968297.1086],[4170806.4029,1968144.3457],[4170937.1257,1968165.86],[4171164.9143,1968262.8571],[4171214.0371,1968263.6114],[4171298.5543,1968235.8829],[4171357.6143,1968216.5086],[4171358.8,1968218.0086],[4171541.3486,1968172.0429],[4171792.2457,1968057.16],[4171890.9171,1967965.26],[4172020.2429,1967949.9314],[4172027.1629,1968064.7686],[4172002.96,1968256.1629],[4172009.2943,1968462.8686],[4172039.2057,1968570.0486],[4172289.8514,1968761.4257],[4172502.7457,1968853.28],[4172753.7657,1968906.8457],[4172921.0657,1968968.0771],[4173141.2371,1969159.4571],[4173536.1143,1968837.8114],[4173534.9857,1968661.6829],[4173648.1943,1968431.9514],[4173815.4943,1968370.6743],[4173998.0571,1968408.9343],[4174149.9943,1968516.1057],[4174583.4543,1968676.84],[4174764.4086,1969074.9343],[4174862.7343,1969235.7],[4174865.1486,1969250.7571],[4174884.8143,1969373.5057],[4174868.8543,1969473.0314],[4174805.6971,1969763.9514],[4174811.8857,1969993.6229],[4174786.5114,1970368.7571],[4174785.8971,1970387.5514],[4175018.2943,1970663.6457],[4175319.04,1971022.5657],[4175536.9657,1971145.6857],[4175882.7029,1971334.2514],[4175887.2629,1971336.7371],[4176180.4886,1971403.5229],[4176293.9343,1971649.9971],[4176337.6771,1971855.5057],[4176257.4343,1972074.6371],[4176245.4571,1972239.0657],[4176316.4657,1972403.3943],[4176554.5286,1972594.4],[4176820.8343,1972840.1971],[4177017.4771,1973072.62],[4177047.54,1973291.8543],[4177049.3629,1973456.2857],[4177175.7829,1973606.6829],[4177386.4457,1973852.7657],[4177610.3943,1974016.3657],[4177708.5486,1974111.9829],[4177724.3343,1974290.1143],[4177768.0771,1974495.6229],[4177523.8486,1974606.5886],[4177524.8857,1974608.5657],[4176050.6171,1975308.5686],[4175309.3686,1973842.8029],[4174300.0086,1974344.88],[4174128.36,1974430.26],[4173901.4029,1974543.1514],[4173901.2314,1974543.2829],[4173816.8743,1974373.92],[4173821.1629,1974334.0257],[4173825.3086,1974314.0314],[4173801.2171,1974319.3086],[4173790.8086,1974321.5914],[4173753.4743,1974249.78],[4173183.96,1973154.4429],[4172450.4743,1973481.64],[4172090.7771,1972774.2057],[4169950.3657,1973819.1971],[4169623.9257,1973235.2314],[4169443.9143,1973362.0914],[4169292.9029,1973518.38],[4169243.96,1973568.9686],[4169150.6314,1973548.8371],[4168923.5686,1973327.0029],[4168897.4486,1973301.4829],[4168724.2343,1973194.52],[4168544.3086,1973181.0286],[4168311.1086,1973287.6257],[4168077.8714,1973294.1171],[4167791.36,1973414.02],[4167484.9314,1973630.6629],[4167218.5429,1973884.0229],[4167145.3486,1974004.0629],[4167025.4286,1974070.7029],[4166832.1714,1974070.5514],[4166645.5857,1974043.7029],[4166305.7771,1974196.9343],[4166172.5,1974176.8],[4165899.3114,1974069.7686],[4165799.3571,1974093.0514],[4165632.7829,1974019.4857],[4165532.9343,1973885.8514],[4165066.5686,1973625.1029],[4164240.3086,1973357.4171],[4164100.3657,1973357.3057],[4163900.6343,1973597.36],[4163967.6029,1973710.7343],[4163957.3457,1973716.0343],[4164057.8,1973845.3086],[4164181.9057,1974083.8857],[4164233.6543,1974429.0029],[4164208.3514,1974599.4314],[4163863.9029,1975050.9771],[4163748.9714,1975076.4686],[4163319.02,1975005.7657],[4162880.5743,1975133.3286],[4162740.0943,1975137.4829],[4162565.56,1975171.4543],[4162263.3114,1975179.7429],[4162199.5771,1975301.1629],[4162089.26,1975612.1829],[4162068.1457,1975735.7429],[4162111.3143,1976051.0343],[4162243.96,1976293.8686],[4162275.4857,1977305.7914],[4162288.4629,1977416.5714],[4162378.26,1977535.8486],[4162822.6857,1977908.5],[4162869.8,1978027.7943],[4162887.1057,1978176.9171],[4162857.4486,1978287.6943],[4162836.9114,1978760.6343],[4162883.9229,1978803.2257],[4162960.8571,1978879.8943],[4163255.5657,1978879.66],[4163669.8914,1978985.9257],[4163819.3829,1978979.4143],[4164109.8257,1978936.54],[4164528.4771,1979136.5914],[4164904.4057,1979315.3543],[4165046.8257,1979317.8257],[4165058.1657,1979313.1],[4165211.9514,1979249.0057],[4165344.36,1979274.4857],[4165545.1657,1979397.9571],[4165651.9429,1979397.8743],[4165775.8229,1979346.6],[4165929.5971,1979393.3771],[4166164.5114,1979397.4571],[4166262.7543,1979427.2229],[4166378.1543,1979542.2286],[4166506.4629,1979736.06],[4166690.2343,1979906.4257],[4167057.5714,1979995.6743],[4167369.3743,1980046.5943],[4167484.7029,1980012.3886],[4167642.7371,1980016.5257],[4167647.12,1980088.96],[4167442.8543,1980229.48],[4167328.2229,1980506.4086],[4167286.1143,1980825.9629],[4167294.9571,1981015.5657],[4167274.1771,1981339.38],[4167189.1829,1981492.7514],[4167146.7886,1981633.3486],[4167416.3086,1982093.4514],[4167373.8971,1982225.5286],[4167297.3857,1982349.0714],[4167284.9257,1982549.3257],[4167178.5514,1982634.5],[4167136.1743,1982787.88],[4167114.4657,1983052.6371],[4167092.2429,1983063.8829],[4167021.3743,1983304.7314],[4167000.6286,1983590.3371],[4167031.1886,1983860.6429],[4166989.9943,1984054.4257],[4166877.0457,1984084.5343],[4166835.8257,1984308.9257],[4166907.5657,1984369.9343],[4166999.7743,1984502.3771],[4167040.5657,1984808.3771],[4167173.7514,1985001.9514],[4167112.0029,1985236.5143],[4166814.2229,1985357.78],[4166690.8743,1985622.8371],[4166690.5657,1986010.4571],[4166485.2086,1986070.7829],[4166361.9714,1986162.2314],[4166351.5343,1986386.6429],[4166259.0943,1986478.2257],[4166084.5486,1986477.2257],[4165940.6229,1986813.6743],[4165735.2057,1987012.0857],[4165745.0771,1987501.7086],[4165662.7629,1987787.2571],[4165724.1171,1988032.0229],[4165693.1914,1988215.62],[4165898.0886,1988521.2771],[4165959.5143,1988674.22],[4165774.6114,1988898.2486],[4165764.2143,1989071.6571],[4165907.68,1989224.3371],[4166133.1771,1989366.4343],[4166180.12,1989683.1657],[4166194.3971,1989779.5286],[4166388.9771,1990177.0914],[4166327.3114,1990299.4143],[4166306.5629,1990585.02],[4166511.16,1991298.8914],[4166531.5486,1991462.0943],[4166264.2343,1992124.8314],[4166315.3771,1992308.3971],[4166489.5714,1992522.2543],[4166561.0943,1992884.3314],[4166653.2571,1993078.0229],[4166940.2771,1993189.1029],[4167071.9114,1993261.4343],[4167216.8,1993342.6971],[4167595.2657,1993703.5657],[4167820.3257,1993899.5143],[4168905.38,1994200.8943],[4169151.0686,1994222.2543],[4169775.0943,1994768.8429],[4169805.2229,1995067.3914],[4169722.5629,1995324.7971],[4169834.6086,1995680.0171],[4170417.7943,1996133.96],[4170786.2543,1996299.4914],[4170990.9,1996156.7171],[4171594.8514,1996004.96],[4171881.4286,1995872.6686],[4172372.4771,1995454.2457],[4172638.6429,1995455.1571],[4173037.82,1995620.7886],[4173191.3686,1995585.42],[4173815.7171,1995321.0],[4174562.7829,1994893.0571],[4174941.5257,1994791.8057],[4175709.3143,1994784.1771],[4176282.5257,1994981.1829],[4176384.6714,1995161.4314],[4176136.9,1995830.7257],[4176095.0971,1996180.7486],[4176012.1571,1996571.9686],[4176022.1257,1996705.7971],[4176318.9857,1996778.6629],[4177004.8771,1996791.2743],[4177578.1486,1996865.0686],[4178161.6571,1996928.6343],[4178232.8971,1996673.06],[4178417.1171,1996581.4314],[4178478.2286,1996777.0571],[4178508.2486,1997127.0771],[4178394.34,1997600.6714],[4178424.3771,1997940.3971],[4178489.6343,1998173.3771],[4178598.7514,1998557.8571],[4178599.04,1998794.4629],[4178435.0886,1998784.6429],[4178055.9686,1998683.1057],[4177666.6429,1998484.2257],[4177492.4629,1998556.5486],[4177410.5486,1998659.4971],[4176959.7429,1998876.2914],[4176560.1171,1998928.6714],[4176360.9,1998857.6371],[4176160.5686,1998780.4343],[4175935.1943,1998754.4114],[4175259.1371,1998993.3171],[4175023.52,1998946.4629],[4174787.9171,1999012.2914],[4174429.4657,1999237.8286],[4174017.7343,1999397.26],[4173927.8,1999446.4829],[4173558.5257,1999673.8229],[4173387.22,1999854.0629],[4173255.1314,2000046.9257],[4173363.4571,2000300.0629],[4173383.3629,2000486.6943],[4173416.7629,2000535.2057],[4173510.0029,2000677.1314],[4173743.4457,2000933.4171],[4173784.3686,2000995.7057],[4173880.3629,2001139.94],[4174029.34,2001259.04],[4174086.3829,2001304.6371],[4174454.2743,2001462.1714],[4174738.7743,2001688.3229],[4175033.0886,2001826.1314],[4175204.7686,2001841.0914],[4175386.2629,2001905.1343],[4175464.7457,2002003.4143],[4175469.6514,2002091.8314],[4175410.7943,2002150.8143],[4175370.4029,2002158.9514],[4175312.6914,2002170.5771],[4175028.1971,2002126.84],[4174905.5686,2002151.5429],[4174728.9886,2002254.84],[4174572.0257,2002225.64],[4174370.9171,2002091.0914],[4174223.7657,2002140.3657],[4173723.4486,2002420.7714],[4173458.5771,2002671.4543],[4172968.0714,2003251.3371],[4172889.5914,2003386.4514],[4172865.0686,2003686.0943],[4172703.2057,2004010.3486],[4172644.3457,2004221.58],[4172556.0571,2004364.0657],[4172227.4143,2004541.1829],[4172031.2143,2004683.7771],[4171805.58,2004782.2314],[4171584.8514,2004760.4743],[4171216.9686,2004574.6629],[4170996.2429,2004349.4771],[4170741.1829,2004036.1229],[4170530.2629,2003904.04],[4170407.64,2003953.28],[4170245.7686,2004095.8343],[4170078.9971,2004054.3857],[4169926.94,2003951.6371],[4169769.98,2003951.8629],[4169554.1543,2003996.32],[4169078.3629,2004016.62],[4168504.4714,2004240.68],[4168322.9829,2004260.56],[4168072.8229,2004118.72],[4168009.06,2003942.4029],[4167901.1457,2003864.1086],[4167724.5629,2003874.1743],[4167258.5857,2004115.2714],[4166934.8514,2004405.2914],[4166728.8343,2004469.3657],[4166552.2543,2004602.1171],[4166483.5829,2004680.7486],[4166321.72,2004985.36],[4166370.2314,2005298.5171],[4166361.0857,2005303.3457],[4166375.1171,2005464.9171],[4166314.54,2005624.1857],[4166231.2457,2005783.4629],[4166208.5257,2006003.3829],[4166163.0971,2006238.4771],[4166094.9429,2006344.6714],[4165845.0514,2006481.3829],[4165633.02,2006504.4029],[4165337.6943,2006535.1171],[4165133.2371,2006641.4629],[4164966.6429,2006740.18],[4164898.4943,2006960.1143],[4164883.3486,2007096.6143],[4164936.36,2007248.2943],[4165110.5314,2007422.8171],[4165390.7229,2007597.4543],[4165564.8971,2007756.8171],[4165595.1857,2007862.9886],[4165557.3257,2007984.3314],[4165557.3286,2008295.2486],[4165378.1029,2008597.2543],[4165448.5457,2008687.9857],[4165481.7886,2008730.8029],[4165837.2829,2008760.9343],[4166311.2771,2009050.56],[4166370.5286,2009317.5657],[4166533.4657,2009554.9714],[4166770.4629,2009555.3086],[4167525.8914,2008993.7886],[4168029.5086,2009038.9457],[4168266.5057,2009246.7629],[4168533.1286,2009350.8514],[4169007.1257,2009974.0743],[4169155.2486,2010122.4914],[4169318.1857,2010552.6971],[4169629.2486,2011086.8114],[4169821.8114,2011457.7057],[4169940.3143,2011984.3057],[4170058.8143,2012162.3514],[4170399.4971,2012296.1829],[4170636.4943,2012474.3486],[4170740.1829,2012637.5571],[4170799.4371,2013097.3914],[4170962.3743,2013275.48],[4171214.1829,2013335.0971],[4171762.2371,2013143.3657],[4172014.0457,2013069.68],[4172176.98,2013173.6371],[4172176.9886,2013752.1286],[4172384.3657,2014182.36],[4172606.5486,2014212.3029],[4172695.4229,2014390.3314],[4172562.1257,2015117.1743],[4172473.2571,2015354.5257],[4172547.32,2015547.3771],[4172976.8771,2015622.0571],[4173050.9371,2015814.9114],[4172888.0086,2016208.0371],[4172710.2686,2016386.1371],[4172710.2743,2016816.3],[4172400.1229,2017522.3057],[4172384.4171,2017558.0571],[4172502.9171,2017765.7657],[4172710.2914,2017795.6886],[4172888.0371,2017884.8429],[4173065.7886,2018181.5771],[4173065.7943,2018596.9057],[4172621.4429,2019546.3686],[4172636.2571,2019768.8657],[4172695.5086,2019961.7114],[4172488.1486,2020584.7514],[4172147.48,2021170.7943],[4172206.7343,2021467.4657],[4172147.4886,2021675.14],[4171940.1229,2021882.9257],[4171969.7543,2022446.5886],[4172073.44,2022609.7971],[4172325.2514,2022669.4143],[4172591.8714,2022877.2629],[4172636.3086,2023159.1],[4172814.0571,2023248.2543],[4173080.6829,2023219.0114],[4173332.4886,2023293.4486],[4173525.0486,2023486.3914],[4172069.0629,2024223.9286],[4171971.0114,2024272.8714],[4170406.7886,2025054.2486],[4169706.6829,2025403.9686],[4165419.8829,2027528.8657],[4165345.5571,2027565.7057],[4163824.5029,2028324.0743],[4161745.3657,2029360.7],[4160065.4286,2030198.2886],[4159146.5657,2030685.4686],[4159085.1686,2030718.0229],[4159059.84,2030729.5286],[4159034.9286,2030743.8143],[4159024.1943,2030749.9686],[4158953.3229,2030771.7914],[4158877.1143,2030803.8286],[4158801.3743,2030835.6714],[4158790.6286,2030840.9429],[4158735.7314,2030867.8886],[4158422.9971,2031021.3686],[4157942.3857,2031275.0971],[4157594.7657,2031447.8514],[4156840.3571,2031655.0857],[4155860.9314,2031994.8029],[4155127.8857,2031899.0],[4154226.6029,2031863.3114],[4153925.9914,2032464.1343],[4153637.3,2033281.2343],[4153507.0086,2033479.42],[4153303.3486,2033580.6314],[4153184.7086,2033847.3629],[4153362.2429,2034247.4571],[4153332.5371,2034410.4543],[4153050.9657,2034484.6257],[4152576.6514,2034958.8714],[4152398.78,2035151.5286],[4152383.8143,2035462.7029],[4152102.1686,2035803.5514],[4152309.4086,2035966.5857],[4152501.8714,2035966.66],[4152842.3457,2036218.6286],[4152871.7086,2036752.0714],[4152990.1171,2036885.4486],[4153034.4314,2037137.3514],[4152841.7086,2037418.9143],[4152574.9486,2037530.1171],[4152189.6457,2037515.4514],[4151848.7971,2037589.6457],[4151493.1057,2037811.9886],[4151004.0571,2037678.8771],[4150766.9457,2037738.22],[4150455.6943,2037990.18],[4150233.4057,2038005.0771],[4149966.6457,2038123.6857],[4149892.4829,2038316.3229],[4150040.2943,2038938.6771],[4149773.3229,2039620.3143],[4149061.9371,2040050.1857],[4148809.9514,2040316.9457],[4148424.6229,2040517.0743],[4147802.0829,2041154.3371],[4147772.3571,2041361.7914],[4147609.3257,2041480.3629],[4147253.6486,2041613.8171],[4146542.3229,2041628.9057],[4145860.6143,2041866.1743],[4145786.4857,2041984.7257],[4145341.8943,2042147.8429],[4145134.3286,2042488.6743],[4144941.6743,2042548.0],[4144215.5086,2042311.3],[4143682.0143,2042355.9429],[4143281.8771,2042511.6371],[4143029.9486,2042467.3],[4142629.8171,2042600.7686],[4142096.32,2042556.5371],[4141651.7057,2042823.3571],[4141459.0543,2042793.8086],[4141236.7457,2042927.2171],[4140792.1657,2042942.2],[4140658.7886,2042897.82],[4140599.4143,2042646.1143],[4140110.34,2042364.9],[4140139.6457,2041713.42],[4140065.5171,2041594.9771],[4139606.1029,2041432.2314],[4139443.0943,2041447.1057],[4139354.1514,2041343.4743],[4139427.9086,2040721.6057],[4139324.1629,2040647.5943],[4139205.6057,2040677.2686],[4139012.9543,2040647.7171],[4138864.72,2040470.0657],[4138627.5943,2040336.8571],[4138360.82,2040514.7257],[4138227.38,2040751.8257],[4138153.1429,2041107.4571],[4137975.2657,2041307.5229],[4137560.3229,2041366.9343],[4137456.5371,2041544.7543],[4137056.4029,2041693.0429],[4136641.4629,2041722.8257],[4136419.1486,2041871.0486],[4136300.4086,2042360.0429],[4136167.0314,2042419.3486],[4136033.6543,2042374.9657],[4135796.4743,2042671.3543],[4135751.9486,2042849.1714],[4135944.2886,2043249.2657],[4135944.1371,2043560.44],[4136032.9086,2043753.08],[4136017.9257,2044093.8886],[4136002.8914,2044553.2429],[4136002.7543,2044834.78],[4135706.3429,2045012.6571],[4135617.3086,2045338.6543],[4135172.7029,2045553.62],[4135157.8114,2045716.6171],[4135276.2057,2045894.4429],[4135113.1143,2046175.9971],[4134801.8886,2046339.0657],[4134549.9543,2046398.4143],[4134446.16,2046605.8743],[4134505.2314,2046961.5029],[4134890.0343,2047465.3571],[4134830.6286,2047791.3514],[4134652.7829,2047895.1171],[4134504.58,2047821.12],[4134341.4771,2047510.2],[4134148.8086,2047391.7914],[4133719.0457,2047347.52],[4133363.3714,2047495.7914],[4133259.5771,2047688.4343],[4133141.0229,2047718.1029],[4132918.7257,2047629.3229],[4132533.4229,2047644.2829],[4132340.7343,2047836.9457],[4132222.1771,2047836.9914],[4132044.2686,2048118.5486],[4132044.1171,2048429.7229],[4131703.2543,2048600.2086],[4131732.7543,2048852.1143],[4131695.1886,2048927.1971],[4131643.7857,2049029.9343],[4131421.48,2049148.5257],[4131258.4314,2048970.8771],[4130887.9486,2049000.6429],[4130413.6914,2049297.1],[4130132.06,2049593.4971],[4130131.8571,2050008.3971],[4130042.7943,2050393.6657],[4130042.6714,2050645.5686],[4129731.4457,2050808.6343],[4129583.1886,2051045.7371],[4129612.68,2051312.4571],[4129612.6029,2051475.4543],[4129479.1914,2051638.4686],[4129256.6514,2052334.9171],[4129315.7257,2052690.5486],[4129211.8829,2053001.7286],[4129419.0971,2053238.8429],[4129522.64,2053505.5714],[4129478.0971,2053720.4286],[4129300.2257,2053913.0886],[4129151.8086,2054505.8057],[4129299.8429,2054594.7457],[4129329.2857,2054965.1914],[4129240.3371,2055098.5629],[4128484.5514,2055128.4771],[4128099.24,2055010.1371],[4127906.56,2055173.1686],[4127847.2057,2055380.62],[4127521.0886,2055780.7457],[4127298.7971,2055840.08],[4127165.4057,2055736.4629],[4126913.4771,2055736.56],[4126765.2657,2055632.9457],[4126676.2914,2055440.4686],[4126424.3429,2055292.4629],[4125772.2943,2055233.4657],[4125416.5057,2054744.8971],[4125342.4114,2054730.1171],[4124749.4629,2055478.4943],[4124660.4714,2055700.7657],[4124541.9143,2055656.38],[4124260.3229,2055834.2543],[4123593.4514,2055923.3857],[4123371.0829,2056234.5857],[4123370.8886,2056634.6686],[4122985.56,2056842.2057],[4122644.7171,2056812.7114],[4122229.7486,2057035.0771],[4121681.4257,2056901.9829],[4121503.5857,2056976.1171],[4121384.9914,2057139.1314],[4120792.2029,2057346.74],[4120451.2943,2057672.7886],[4120317.9143,2057717.28],[4119932.5857,2057939.6314],[4119428.7314,2057954.6371],[4118821.0257,2058532.6343],[4118317.1457,2058755.0257],[4118407.28,2058856.8771],[4118620.5371,2058967.1829],[4118892.6229,2059084.8457],[4119054.4029,2059173.0886],[4119142.6486,2059276.0371],[4119179.4171,2059298.1],[4119230.8943,2059290.7457],[4119282.3686,2059298.1029],[4119304.4314,2059320.1629],[4119297.08,2059386.3429],[4119282.3771,2059445.1714],[4119326.5057,2059621.6543],[4119326.5171,2059923.1486],[4119363.2943,2060173.1657],[4119326.5343,2060268.7629],[4119260.3571,2060320.2371],[4118995.6486,2060334.9514],[4118672.1171,2060401.1371],[4118532.4114,2060496.7343],[4118378.0029,2060658.5143],[4118292.3086,2060755.9],[4118205.9257,2060774.4143],[4118097.9514,2060749.7314],[4118017.7057,2060739.4086],[4117900.06,2060768.8257],[4117701.5314,2060805.5971],[4117525.0571,2060790.8943],[4117245.6457,2060717.3686],[4117171.2657,2060961.0114],[4117002.7771,2062147.4286],[4116966.0629,2063277.3514],[4117475.04,2063522.1457],[4116892.3371,2064727.3857],[4116855.2114,2065367.6771],[4117214.6314,2067213.2143],[4116179.72,2067570.9686],[4116764.9486,2069115.1914],[4117971.3029,2069171.6057],[4118179.04,2069811.8914],[4118819.9143,2069793.0114],[4119498.62,2069303.2829],[4120007.5714,2069453.9143],[4120592.4114,2070489.6657],[4121365.2543,2070696.7743],[4121629.2571,2070998.0829],[4121271.8971,2071431.2114],[4120519.2543,2071751.32],[4119992.8171,2072674.08],[4119863.1029,2072830.4086],[4120040.64,2073053.9143],[4120133.7771,2073182.9286],[4120302.52,2073231.8486],[4120449.0657,2073271.8771],[4120599.9771,2073396.4343],[4120701.9914,2073529.8943],[4120750.6457,2073676.7057],[4120776.9686,2073872.4543],[4120772.1657,2074059.3057],[4120718.4171,2074241.7086],[4120700.2543,2074433.0086],[4120726.3886,2074731.0829],[4120770.7229,2074802.26],[4120897.8171,2074856.2714],[4120917.2543,2074864.5314],[4121125.9514,2074944.5914],[4121241.4114,2074975.7257],[4121463.4571,2075002.3914],[4121610.0086,2074975.68],[4121729.8943,2074922.2686],[4121783.1857,2074917.8143],[4121956.3714,2074962.2857],[4122151.7629,2074908.8657],[4122422.6257,2074797.5971],[4122773.4429,2074708.5629],[4122986.6,2074757.4771],[4123164.2086,2074837.5457],[4123284.1086,2074868.6743],[4123324.0714,2074855.3229],[4123421.7114,2074766.3171],[4123452.7686,2074730.7171],[4123501.4571,2074606.1171],[4123643.4629,2074468.16],[4123785.5714,2074436.9943],[4123829.9771,2074450.3371],[4123927.6371,2074521.5143],[4124069.7029,2074606.0343],[4124327.1486,2074810.6629],[4124380.4314,2074832.9029],[4124606.9229,2074850.6714],[4124735.7057,2074881.8],[4125051.0,2074952.9514],[4125099.8371,2074979.6429],[4125193.02,2075077.5114],[4125388.4029,2075148.6771],[4125574.9229,2075166.4486],[4125756.9829,2075228.7171],[4126027.8857,2075228.6829],[4126267.6657,2075135.2143],[4126360.9029,2075086.2571],[4126396.4286,2075099.6029],[4126467.3486,2075224.1686],[4126498.0543,2075455.5057],[4126501.9914,2075726.8886],[4126533.0229,2075780.2714],[4126683.9343,2075900.3829],[4126768.14,2076056.0886],[4126812.44,2076149.5114],[4126829.9,2076327.4686],[4126816.3314,2076443.1371],[4126718.0029,2076656.6771],[4126570.6886,2076865.7686],[4126499.1543,2077034.8229],[4126476.74,2077119.3514],[4126498.5171,2077368.4857],[4126586.8914,2077679.9029],[4126861.5086,2078280.4914],[4126923.4457,2078458.4429],[4127016.5943,2078578.5571],[4127256.4057,2078614.12],[4127527.3,2078658.5829],[4127749.3486,2078667.4543],[4127931.4257,2078694.1286],[4128104.5514,2078818.6857],[4128157.6971,2078938.8029],[4128139.5943,2079098.96],[4128085.9686,2079210.1771],[4127969.9829,2079321.3943],[4127925.2543,2079437.0629],[4127929.62,2079481.5514],[4128036.0486,2079637.2571],[4128178.1286,2079708.4286],[4128284.5857,2079846.3371],[4128302.1943,2079944.2114],[4128333.2629,2079970.9029],[4128493.14,2079984.2286],[4128657.4543,2079957.5143],[4128937.2371,2079961.9286],[4129470.1171,2079806.1314],[4129754.28,2079668.16],[4129985.1314,2079521.2971],[4130109.4543,2079463.4371],[4130198.2771,2079467.8743],[4130251.5543,2079494.5657],[4130362.4229,2079654.7171],[4130464.3571,2079841.5657],[4130548.54,2080010.62],[4130641.74,2080095.1429],[4130748.3171,2080121.8257],[4130823.8143,2080108.4686],[4131196.8314,2080006.0829],[4131307.8543,2080001.6229],[4131405.5486,2080032.7543],[4131569.8086,2080135.0686],[4131640.8229,2080197.3457],[4131689.6714,2080206.2371],[4131796.2457,2080170.6286],[4131964.9686,2080090.5171],[4132182.5743,2080059.3457],[4132329.1229,2080028.18],[4132373.4914,2079979.2257],[4132466.58,2079819.0257],[4132608.3971,2079556.4743],[4132701.4029,2079347.3229],[4132790.1143,2079231.6229],[4132838.9371,2079191.5686],[4133118.7029,2079115.8943],[4133243.0114,2079040.2343],[4133385.1229,2079017.9714],[4133576.0171,2079138.0771],[4133691.3657,2079275.9857],[4133771.0229,2079489.5314],[4134015.1,2079725.3057],[4134183.7486,2079876.5571],[4134254.7686,2079929.9371],[4134321.3857,2079938.8286],[4134503.46,2079903.2114],[4134676.6543,2079876.4914],[4134872.0543,2079907.6143],[4134987.52,2079907.6],[4135080.7771,2079885.3371],[4135209.5657,2079867.5257],[4135267.2943,2079871.9657],[4135422.6857,2079960.9343],[4135435.9286,2080014.32],[4135462.2886,2080192.2714],[4135484.4286,2080245.66],[4135626.5,2080325.7286],[4135697.5486,2080347.9657],[4135861.7371,2080512.5629],[4136092.6486,2080583.7257],[4136345.7886,2080588.1429],[4136345.3771,2080806.1343],[4136372.6914,2081027.6057],[4136424.7486,2081370.9371],[4136384.5343,2081566.5743],[4136228.6143,2081726.5943],[4136081.62,2081855.4914],[4135783.1057,2082224.46],[4135774.16,2082282.26],[4135796.2943,2082411.2029],[4135818.5143,2082433.4257],[4135965.2171,2082468.9171],[4136125.2571,2082459.9057],[4136191.94,2082433.1571],[4136325.2914,2082361.8629],[4136356.4143,2082357.3886],[4136556.4486,2082446.2257],[4136658.6314,2082592.9314],[4136716.2914,2082801.9],[4137223.0114,2083121.8371],[4137454.1571,2082997.0686],[4137667.5429,2082947.9743],[4137707.5543,2082947.9457],[4138032.0743,2083036.6971],[4138045.3914,2083067.82],[4138067.4686,2083267.9029],[4138165.2229,2083387.9286],[4138351.92,2083481.22],[4138494.1314,2083623.4571],[4138529.6286,2083734.6114],[4138525.1457,2083774.6286],[4138498.3771,2083854.6571],[4138507.2343,2083903.5657],[4138547.2,2083983.5914],[4138578.3086,2084014.7057],[4138680.5571,2084027.9829],[4138716.12,2084014.6086],[4138813.8943,2083925.5314],[4138973.9371,2083903.1686],[4139222.8857,2083951.9343],[4139320.6829,2083991.9057],[4139347.3314,2084040.8086],[4139391.4514,2084480.9914],[4139440.2657,2084623.2657],[4139489.16,2084654.3714],[4139684.7629,2084694.2771],[4139867.0343,2084716.3943],[4139987.0514,2084783.0371],[4140378.1857,2085067.4629],[4140480.4371,2085076.2886],[4140756.0657,2085076.0971],[4140827.1886,2085111.6343],[4140893.8486,2085178.3086],[4140911.5686,2085267.2343],[4140911.4486,2085409.5143],[4140840.0171,2085680.7343],[4140679.5514,2085983.0543],[4140607.9829,2086418.7857],[4140598.8829,2086658.8857],[4140625.4857,2086765.5943],[4140669.9143,2086823.3829],[4140852.18,2086876.6429],[4141127.8086,2086898.6971],[4141336.7514,2086871.8543],[4141479.0114,2086871.7543],[4141603.4886,2086880.5657],[4141665.7229,2086853.82],[4141736.8229,2086773.6571],[4141936.8,2086564.3343],[4142118.9771,2086337.2114],[4142225.6514,2086261.48],[4142265.66,2086257.0029],[4142479.04,2086328.0343],[4142590.1829,2086332.4029],[4142647.9714,2086314.5629],[4142785.7629,2086221.0114],[4142914.6714,2086154.1686],[4143154.7314,2086113.9543],[4143323.6571,2086055.9886],[4143603.5886,2085704.1714],[4143763.5686,2085534.9314],[4143923.38,2085134.1829],[4144064.6257,2084956.2171],[4144077.7257,2084915.1314],[4144069.8514,2084760.1343],[4144189.8343,2084626.5286],[4144474.3314,2084510.6286],[4144936.6343,2084287.8],[4145007.7629,2084287.7514],[4145118.9,2084318.8143],[4145261.1486,2084376.5514],[4145381.1743,2084420.9514],[4145550.1057,2084451.98],[4145807.9486,2084398.4029],[4146123.5857,2084367.0343],[4146159.1429,2084335.8543],[4146185.7943,2084291.3257],[4146185.7429,2084228.9886],[4146136.6886,2084113.2171],[4146016.3771,2083939.5429],[4145971.7371,2083770.3429],[4146002.7714,2083645.6714],[4145975.96,2083512.0943],[4145862.74,2083241.5657],[4145865.4429,2083197.6743],[4145962.2029,2083089.0629],[4146242.2114,2082866.3457],[4146424.3657,2082608.0571],[4146468.7429,2082474.4771],[4146690.9714,2082300.7543],[4146842.3229,2082149.0686],[4146864.9371,2082100.7886],[4146886.4057,2081971.22],[4146961.9086,2081828.7257],[4147117.4857,2081735.16],[4147249.6914,2081702.9886],[4147272.5057,2081681.9886],[4147357.4429,2081503.5371],[4147380.8657,2081362.1571],[4147394.8571,2081338.8943],[4147628.4971,2081245.1771],[4147913.0171,2081258.3257],[4148077.5057,2081240.4114],[4148188.6457,2081235.8857],[4148189.7114,2081235.5371],[4148393.1343,2081168.9943],[4148784.3371,2081057.4743],[4148909.2029,2081065.1971],[4148943.0886,2081050.2086],[4149086.5857,2080910.3914],[4149286.6371,2080901.3514],[4149424.4229,2080794.4429],[4149553.34,2080749.8543],[4149708.9114,2080651.84],[4150037.8857,2080620.4629],[4150362.3857,2080464.48],[4150344.4857,2080344.2629],[4150366.5371,2080112.7314],[4150394.4629,2080034.8971],[4150382.9543,2079979.2771],[4150330.76,2079930.1571],[4150214.9743,2079898.9286],[4150116.9571,2079778.6857],[4150063.4286,2079627.2943],[4150000.9486,2079413.5686],[4150005.2143,2079199.8486],[4150116.2543,2078995.0114],[4150173.9057,2078781.2857],[4150298.3171,2078620.9657],[4150396.0429,2078456.2029],[4150502.7086,2078549.5429],[4150613.8343,2078611.7457],[4150698.2971,2078633.9286],[4150889.46,2078647.1457],[4150960.5657,2078713.8171],[4150987.24,2078709.3486],[4151022.7829,2078660.3629],[4151363.7743,2078436.7314],[4151414.5286,2078429.3886],[4151573.9829,2078455.2543],[4151676.2314,2078464.0829],[4151938.5229,2078441.6543],[4152156.3314,2078321.3457],[4152264.9971,2078294.0743],[4152365.8114,2078301.2114],[4152480.8486,2078347.8057],[4152664.0429,2078451.3029],[4152690.4143,2078483.7429],[4152707.4943,2078552.2514],[4152760.7514,2078707.8657],[4152791.7914,2078827.9114],[4152805.1229,2078836.7971],[4153076.3029,2078801.0114],[4153209.6714,2078827.6143],[4153338.5771,2078898.7],[4153396.3314,2078987.6143],[4153529.6829,2079063.1457],[4153907.5371,2078920.4829],[4154352.0886,2078813.3771],[4154516.5686,2078750.9629],[4154623.2457,2078679.6829],[4154747.6714,2078541.62],[4154876.5543,2078425.8171],[4154969.8857,2078341.1886],[4155223.2457,2078180.8029],[4155654.4486,2078029.2029],[4155832.2486,2077917.82],[4156054.5257,2077886.5171],[4156250.1343,2077908.6257],[4156334.6,2077908.5657],[4156467.9629,2077859.5257],[4156659.12,2077828.2429],[4156788.0429,2077819.2543],[4156912.5057,2077890.3429],[4157059.1914,2077970.3143],[4157201.4286,2078063.6371],[4157365.8971,2078152.4914],[4157494.7771,2078281.3971],[4157546.34,2078398.4343],[4157553.4029,2078463.2029],[4157530.1286,2078552.6086],[4157512.22,2078681.5514],[4157516.5543,2078814.94],[4157543.1229,2078966.1114],[4157636.3829,2079152.84],[4157734.16,2079232.8429],[4157911.9686,2079317.2429],[4158183.1143,2079486.0943],[4158374.2571,2079574.9371],[4158934.3086,2079943.7657],[4159142.3,2080033.4114],[4159161.0086,2080061.4943],[4159160.9229,2080161.5343],[4159116.24,2080379.3971],[4159160.4886,2080663.96],[4159284.7914,2080970.7371],[4159244.5257,2081228.62],[4159215.8886,2081304.7457],[4159223.6743,2081348.9143],[4159595.5343,2081610.8629],[4159804.4057,2081815.3286],[4159986.6371,2081957.5457],[4160248.8514,2082193.1171],[4160440.0029,2082259.7171],[4160648.9486,2082268.4686],[4160880.1171,2082308.3514],[4161440.26,2082401.3886],[4161506.9057,2082490.3],[4161700.0857,2082832.6343],[4161774.96,2082921.5457],[4161902.9457,2083014.8743],[4162362.6371,2083041.2571],[4162494.2629,2083027.9143],[4162759.3057,2083379.02],[4163059.38,2083605.6857],[4163442.88,2083992.4114],[4163453.4629,2084011.2714],[4163552.6343,2084188.0314],[4163733.4457,2084352.4914],[4164002.82,2084503.56],[4164343.0657,2084610.1029],[4164559.6171,2084658.8943],[4164749.4886,2084769.98],[4164961.5629,2084849.9143],[4165416.5857,2085040.9],[4165544.5714,2085134.2286],[4166931.2457,2084376.7543],[4167587.9114,2085665.4743],[4167597.0629,2085737.4],[4167609.2114,2085755.6114],[4167682.6771,2085743.5743],[4167736.5629,2085724.8114],[4168055.1086,2085556.3429],[4168141.5114,2085510.6371],[4168140.7171,2085511.64],[4168137.9371,2085523.3029],[4168142.52,2085532.1029],[4168148.8029,2085533.3257],[4168156.7686,2085531.2257],[4168162.6429,2085533.8971],[4168173.2857,2085554.1086],[4168172.6086,2085563.4629],[4168169.2171,2085571.9],[4168168.7829,2085588.0257],[4168163.7314,2085606.3257],[4168168.1371,2085620.8743],[4168174.4571,2085624.3771],[4168181.1571,2085624.1457],[4168185.6543,2085628.5743],[4168184.4886,2085634.8229],[4168179.3114,2085639.7514],[4168177.3229,2085655.4257],[4168180.9143,2085672.6857],[4168183.6257,2085694.82],[4168188.2086,2085703.62],[4168190.8057,2085709.2143],[4168195.7771,2085719.9229],[4168201.2943,2085726.1286],[4168210.6,2085743.6571],[4168218.6171,2085760.7857],[4168226.7857,2085769.9],[4168242.1143,2085782.0714],[4168245.9,2085786.86],[4168267.76,2085828.2343],[4168272.3943,2085839.1286],[4168273.1,2085846.7257],[4168275.7457,2085866.7571],[4168281.8,2085878.1714],[4168302.7257,2085922.1429],[4168304.1743,2085946.1486],[4168308.8943,2085954.8771],[4168329.4143,2085955.4057],[4168354.0857,2085963.7229],[4168375.1571,2085954.7743],[4168382.2543,2085953.2886],[4168399.6571,2085954.1571],[4168419.9143,2085962.6],[4168435.2,2085972.4971],[4168443.8971,2085980.2743],[4168447.1543,2085986.4],[4168456.0543,2086005.3743],[4168458.0457,2086013.3714],[4168459.1114,2086023.96],[4168457.5886,2086033.7514],[4168458.0371,2086035.7257],[4168459.4514,2086035.0457],[4168877.32,2085833.9971],[4168973.5029,2086012.6171],[4169048.2314,2086151.3886],[4169146.0543,2086097.48],[4169180.5286,2086078.6114],[4169551.08,2086704.4143],[4169561.6429,2086699.2029],[4169833.5229,2086562.8771],[4170288.5343,2087470.3343],[4170400.6286,2087681.3486],[4170509.0,2087913.9314],[4170702.6314,2088306.8114],[4170793.9771,2088492.1457],[4171256.0657,2089429.7143],[4170973.2286,2089572.8514],[4171862.8343,2091318.0743],[4173228.6314,2093980.2686],[4173750.6857,2094997.8486],[4173847.0943,2095185.7686],[4175779.3,2098893.4057],[4175785.4057,2098905.4371],[4175906.8943,2099144.8286],[4177278.9229,2101848.4343],[4178683.5714,2104616.3114],[4178813.1629,2104871.6714],[4179071.38,2105380.4943],[4179577.8429,2106373.0],[4179759.5886,2106729.1686],[4179787.0429,2106782.9686],[4181196.2114,2106089.6057],[4181952.6971,2107544.9343],[4183404.46,2110337.8343],[4183487.14,2110295.9486],[4184793.2171,2109634.2714],[4186981.6371,2113827.3857],[4187041.2143,2113943.7314],[4188363.4943,2113305.1571],[4188509.6771,2113235.7457],[4188671.5457,2113546.0714],[4189261.4,2114676.8971],[4190398.56,2114115.0],[4190761.84,2113935.4914],[4192170.7943,2116786.4543],[4193099.4571,2116326.8571],[4193663.36,2116047.78],[4194368.8029,2117399.7114],[4194373.7771,2117409.2457],[4195550.5543,2116851.3429],[4195850.9114,2116708.9457],[4197241.52,2119584.9343],[4197244.8,2119583.3771],[4198152.9886,2121478.56],[4198345.9486,2121875.56],[4198943.6914,2123085.1429],[4199441.6571,2124092.82],[4199941.9343,2125105.1743],[4200701.5343,2126642.2886],[4199353.7057,2127338.1943],[4199124.64,2127456.4657],[4196414.4429,2128898.1143],[4193259.0457,2130539.0429],[4191736.6086,2131333.7971],[4190823.5086,2131810.4371],[4189823.4543,2132332.5143],[4187290.8371,2133654.6143],[4182899.2229,2135779.3057],[4182868.2457,2135794.2943],[4182832.5714,2135773.8029],[4182784.1371,2135645.1371],[4182758.8543,2135593.4371],[4182733.8257,2135542.2571],[4182725.2514,2135524.0886],[4182716.76,2135506.1057],[4182695.1371,2135424.84],[4182673.7286,2135344.3857],[4182644.8514,2135268.5171],[4182616.2629,2135193.4057],[4182601.3886,2135163.1943],[4182586.66,2135133.2829],[4182569.6943,2135103.3429],[4182552.8971,2135073.7029],[4182551.3914,2135069.6829],[4182507.42,2134952.28],[4182505.3057,2134946.6343],[4182482.7286,2134826.4029],[4182471.9486,2134788.4629],[4181800.3171,2135122.4],[4181798.18,2135118.5314],[4179738.84,2136161.4371],[4179114.1743,2136482.0086],[4177583.5829,2137308.7771],[4177201.2057,2137515.5771],[4177117.3629,2137560.9229],[4176644.2714,2137816.78],[4172447.7914,2140127.62],[4169822.2314,2141573.4171],[4168429.5743,2142340.3029],[4167377.8743,2142919.2371],[4167021.0457,2143114.4914],[4168310.04,2143579.1514],[4168791.2286,2143338.1543],[4168843.8171,2143405.2314],[4169357.9486,2144061.0171],[4169580.5571,2144852.7314],[4168873.0143,2145971.4543],[4168269.7086,2146160.7543],[4167718.1143,2145988.6057],[4166476.7,2146892.1629],[4164996.7143,2148608.0829],[4164027.3514,2149731.9743],[4163990.9886,2149776.2543],[4162854.3486,2151160.4886],[4161043.5343,2152941.8143],[4162245.6629,2154473.5971],[4160607.9743,2155265.26],[4159814.3429,2156349.5571],[4159365.0229,2157562.9457],[4159603.4171,2158674.3743],[4159689.8914,2159077.5343],[4159911.3714,2160695.3943],[4159910.5057,2161314.9971],[4159427.3943,2162003.4429],[4156893.0771,2163543.7771],[4156892.5429,2163544.1971],[4156111.8229,2163777.5457],[4155348.1314,2164271.5743],[4154794.8571,2164882.7114],[4154626.08,2166423.4629],[4154878.3343,2167088.5657],[4155431.1171,2167678.6457],[4155749.5571,2167751.8543],[4156062.0943,2167823.7057],[4156584.8686,2168203.2],[4156857.82,2168346.0343],[4156998.6914,2168420.4514],[4156619.2029,2169196.5714],[4156627.18,2169209.8857],[4156067.8429,2172627.7629],[4155934.9714,2173439.6571],[4155939.3343,2173453.4686],[4156222.5086,2174350.4886],[4156358.4771,2175274.82],[4156165.9314,2176018.4114],[4155654.9971,2176251.8286],[4155655.5657,2176259.62],[4155663.3,2176374.0029],[4155751.7771,2177682.0514],[4155650.3629,2177900.8771],[4155654.9943,2177915.2971],[4155622.2571,2178032.1743],[4155521.4857,2178219.3571],[4155488.8857,2178349.7086],[4155501.8371,2178456.8514],[4155430.0514,2178816.9629],[4155402.82,2178953.5629],[4155437.8686,2179104.2543],[4155509.2943,2179271.7057],[4155612.6629,2179378.8371],[4155625.9286,2179392.5886],[4155754.8714,2179662.6429],[4155767.3714,2179768.8914],[4155742.4257,2180050.9686],[4155706.4657,2180296.0257],[4155590.2886,2180675.4543],[4155540.3371,2180730.4543],[4155432.9686,2180852.3514],[4155293.42,2181089.6629],[4155100.6686,2181334.08],[4154947.1829,2181409.74],[4154797.6171,2181531.7457],[4154560.2343,2181624.3114],[4154354.2657,2181734.9171],[4154247.9057,2181778.52],[4153942.0743,2181942.7571],[4153911.6286,2181980.5257],[4153821.7486,2182014.1571],[4153740.3371,2182022.9886],[4153715.4857,2182043.0971],[4153638.6429,2182168.9371],[4153564.4857,2182258.3629],[4153503.8486,2182319.1],[4153469.9686,2182337.2971],[4153357.3314,2182341.5257],[4153126.0886,2182311.6229],[4152988.8229,2182258.3229],[4152824.8629,2182248.5086],[4152657.0114,2182282.3743],[4152335.8257,2182419.9629],[4152286.58,2182461.0629],[4152198.1771,2182593.1114],[4152155.1114,2182700.8514],[4152130.4429,2182734.3943],[4151988.5914,2182831.9886],[4151931.1857,2182898.8943],[4151763.56,2182988.9257],[4151722.6057,2183045.8771],[4151636.9571,2183183.2171],[4151562.6257,2183259.2114],[4151523.0914,2183339.2286],[4151510.6371,2183363.9086],[4151484.4571,2183512.6886],[4151433.2114,2183639.9486],[4151384.5114,2183763.9057],[4151344.1657,2184194.5686],[4151262.5743,2184392.54],[4151247.28,2184528.0571],[4151178.9514,2184712.1829],[4151048.2743,2184761.8457],[4150981.0914,2184810.1714],[4150924.6971,2185030.7457],[4150830.9314,2185356.9286],[4150867.68,2185513.1743],[4150862.9314,2185530.3571],[4150811.8143,2185570.0914],[4150799.2857,2185613.9714],[4150753.0143,2185770.5371],[4150686.3314,2185821.9743],[4150668.6457,2185937.3571],[4150699.6171,2186040.3286],[4150539.92,2186104.3971],[4150498.5486,2186134.4114],[4150422.4686,2186301.2686],[4150298.2171,2186445.44],[4150220.9114,2186816.9286],[4150138.3143,2187001.9171],[4150134.08,2187130.4114],[4150127.8314,2187283.6429],[4150248.2571,2187438.1971],[4150287.26,2187598.8686],[4150324.7,2187685.9943],[4150327.0314,2187743.28],[4150340.9657,2187742.4457],[4150369.2714,2187738.56],[4150376.8257,2187737.9514],[4150398.6229,2187743.1771],[4150425.0686,2187750.3971],[4150452.7686,2187758.1914],[4150474.6686,2187761.2314],[4150496.8829,2187764.9914],[4150518.6286,2187765.8057],[4150548.7714,2187765.5686],[4150557.6029,2187765.3629],[4150579.9429,2187769.2429],[4150590.5914,2187768.08],[4150600.8486,2187770.4886],[4150608.8457,2187770.72],[4150627.9457,2187772.9286],[4150648.5,2187779.8686],[4150659.8,2187788.4857],[4150660.3543,2187789.44],[4150667.4343,2187809.1543],[4150667.7914,2187818.02],[4150656.5886,2187835.2829],[4150640.4486,2187847.14],[4150620.3829,2187860.0057],[4150615.6429,2187863.7457],[4150613.4257,2187865.9714],[4150601.5286,2187883.6029],[4150589.3086,2187911.5143],[4150586.8829,2187936.4029],[4150590.9257,2187961.0943],[4150597.0543,2187987.1714],[4150602.4829,2188012.3657],[4150609.72,2188034.3057],[4150616.3629,2188053.1914],[4150619.8514,2188082.96],[4150623.3943,2188100.0971],[4150624.4371,2188106.2943],[4150631.68,2188130.5371],[4150634.4486,2188154.8257],[4150641.6771,2188162.22],[4150648.5543,2188164.2743],[4150671.9543,2188161.9114],[4150699.6686,2188154.96],[4150728.32,2188145.3971],[4150748.1514,2188138.3286],[4150768.4371,2188131.92],[4150783.18,2188134.2886],[4150797.6286,2188149.0657],[4150811.4257,2188168.6143],[4150831.7629,2188183.66],[4150854.7,2188192.9],[4150880.5714,2188199.36],[4150900.24,2188202.3286],[4150920.1714,2188204.0857],[4150951.9629,2188198.3829],[4150975.6943,2188188.0171],[4150999.0029,2188176.8286],[4151024.0171,2188166.8629],[4151032.4457,2188167.9371],[4151047.6057,2188168.84],[4151068.14,2188175.9657],[4151089.0543,2188191.7829],[4151094.5714,2188197.9314],[4151112.9286,2188209.4057],[4151130.5629,2188221.4371],[4151148.3886,2188237.8057],[4151159.94,2188257.4743],[4151165.12,2188271.6171],[4151168.0229,2188281.2829],[4151169.52,2188305.1714],[4151169.2971,2188313.28],[4151160.52,2188332.4571],[4151148.7171,2188358.9143],[4151147.9314,2188380.8086],[4151157.8229,2188403.6571],[4151167.9229,2188433.1514],[4151170.2314,2188454.3029],[4151172.3286,2188469.0086],[4151167.08,2188490.7571],[4151153.5714,2188515.9771],[4151139.4543,2188535.8343],[4151122.1029,2188554.0143],[4151102.8571,2188566.6343],[4151083.2229,2188580.3286],[4151068.6771,2188599.3514],[4151065.4086,2188610.1229],[4151078.6171,2188626.6114],[4151095.62,2188645.72],[4151100.58,2188650.9257],[4151119.0571,2188662.5114],[4151137.5629,2188676.2143],[4151149.6571,2188694.5371],[4151162.2571,2188722.7057],[4151160.7,2188749.2714],[4151149.2486,2188770.0314],[4151139.0457,2188786.5971],[4151136.0057,2188791.5629],[4151121.7143,2188821.6343],[4151106.4029,2188850.1114],[4151097.2371,2188872.8629],[4151088.6371,2188898.88],[4151086.4514,2188920.2657],[4151093.2629,2188943.6743],[4151104.6,2188968.9657],[4151113.0257,2188987.0743],[4151121.9286,2189008.1343],[4151126.0686,2189030.6429],[4151119.5314,2189052.1971],[4151101.9629,2189061.4429],[4151081.3057,2189071.24],[4151064.0143,2189082.8286],[4151035.7514,2189088.8229],[4151011.3743,2189091.7],[4150998.5143,2189095.0886],[4150978.4686,2189110.2629],[4150966.6114,2189132.3],[4150968.5114,2189154.9257],[4150973.9229,2189177.8229],[4150991.9143,2189198.7171],[4151016.6486,2189218.0171],[4151034.4829,2189236.6857],[4151049.2229,2189253.6143],[4151062.9914,2189271.0571],[4151077.6171,2189290.1657],[4151078.2629,2189297.6457],[4151067.66,2189320.2657],[4151063.3743,2189324.6543],[4151051.28,2189337.9371],[4151043.9743,2189349.6],[4151036.0429,2189370.6429],[4151038.9114,2189392.7457],[4151053.9143,2189408.48],[4151076.0371,2189420.2629],[4151099.0229,2189433.9257],[4151111.5429,2189438.5229],[4151124.9171,2189442.4943],[4151149.3286,2189444.2114],[4151165.8514,2189443.3229],[4151195.6514,2189451.08],[4151203.8343,2189455.6514],[4151219.5057,2189480.9686],[4151234.3543,2189509.0257],[4151247.8686,2189529.9657],[4151270.4114,2189542.7914],[4151294.28,2189560.4171],[4151312.7829,2189574.1171],[4151328.34,2189588.3114],[4151342.5514,2189608.8857],[4151354.7,2189633.9229],[4151343.8686,2189659.86],[4151336.0857,2189683.1286],[4151329.9886,2189705.5257],[4151323.9314,2189732.3257],[4151318.6943,2189756.3886],[4151314.0514,2189783.5057],[4151310.1943,2189805.78],[4151312.6429,2189829.3543],[4151320.2486,2189847.7171],[4151322.94,2189850.74],[4151332.8657,2189861.1514],[4151343.9086,2189873.2686],[4151355.6,2189878.3143],[4151369.54,2189885.5286],[4151396.0029,2189897.3486],[4151408.5571,2189904.0686],[4151421.6657,2189911.7343],[4151435.62,2189921.2486],[4151446.6743,2189933.3714],[4151455.9029,2189946.4429],[4151464.1657,2189960.0371],[4151495.4143,2190018.6971],[4151503.6771,2190032.2914],[4151513.1771,2190041.6686],[4151526.2343,2190044.92],[4151560.88,2190046.7514],[4151586.54,2190046.5771],[4151613.78,2190051.2457],[4151642.4743,2190060.6457],[4151657.2571,2190067.4286],[4151661.7686,2190069.4943],[4151671.2029,2190074.6514],[4151699.9543,2190090.7686],[4151721.1057,2190103.0771],[4151750.0029,2190119.1286],[4151776.9,2190131.78],[4151801.6543,2190142.3829],[4151825.2971,2190151.0629],[4151849.5029,2190160.7057],[4151872.4657,2190172.0629],[4151885.4229,2190177.5],[4151886.8257,2190177.8229],[4151901.9971,2190181.0229],[4151913.9143,2190180.2657],[4151926.3343,2190176.0371],[4151951.7429,2190164.8],[4151966.1429,2190158.1114],[4151981.4943,2190151.0943],[4151997.88,2190147.9857],[4152013.48,2190152.0314],[4152027.1371,2190160.6429],[4152064.9771,2190187.6114],[4152085.6743,2190196.7829],[4152100.6143,2190191.2429],[4152116.0,2190186.34],[4152134.0514,2190182.3429],[4152139.5029,2190181.7914],[4152169.72,2190188.0886],[4152197.1571,2190199.4],[4152219.7457,2190216.64],[4152229.7971,2190226.9714],[4152236.7714,2190237.8657],[4152239.9114,2190244.0143],[4152257.6086,2190277.3286],[4152262.3257,2190288.3371],[4152267.6286,2190300.1086],[4152274.8114,2190319.94],[4152278.1114,2190328.3286],[4152283.2657,2190340.1771],[4152290.6686,2190351.9029],[4152298.0457,2190361.5114],[4152305.7086,2190372.04],[4152314.5314,2190384.0914],[4152323.7314,2190395.06],[4152330.1629,2190407.2971],[4152335.0286,2190420.5314],[4152340.2229,2190434.4914],[4152343.1514,2190448.76],[4152343.9857,2190462.8829],[4152344.3971,2190478.46],[4152340.7371,2190507.3743],[4152336.0914,2190534.5029],[4152332.46,2190550.96],[4152341.8543,2190568.5714],[4152347.7,2190577.7514],[4152359.8171,2190583.6314],[4152374.1086,2190585.1629],[4152389.2514,2190583.7686],[4152403.3943,2190583.0714],[4152430.0229,2190582.3771],[4152445.0743,2190585.4686],[4152457.7457,2190592.3029],[4152468.3571,2190603.5914],[4152477.8657,2190615.2686],[4152486.5086,2190625.2829],[4152495.7286,2190636.0657],[4152506.0429,2190645.1886],[4152523.2657,2190658.5029],[4152530.0429,2190662.7571],[4152539.2686,2190675.8286],[4152547.2429,2190690.8086],[4152554.6971,2190706.9571],[4152561.2886,2190723.7229],[4152566.6086,2190754.6571],[4152569.9514,2190767.46],[4152574.7114,2190780.5771],[4152588.8114,2190806.8914],[4152596.6229,2190817.3457],[4152605.6657,2190826.0886],[4152618.6486,2190833.6314],[4152645.2457,2190845.3857],[4152671.5514,2190854.9829],[4152700.6429,2190863.1171],[4152714.9686,2190866.7657],[4152727.9086,2190869.9057],[4152754.3571,2190879.4314],[4152762.5629,2190888.6029],[4152766.0543,2190903.6314],[4152769.1543,2190919.94],[4152773.4857,2190934.5286],[4152781.3029,2190947.2829],[4152806.5229,2190960.82],[4152828.5371,2190974.8086],[4152836.34,2190985.2629],[4152838.7543,2190989.6771],[4152843.8686,2190997.1114],[4152855.9886,2191019.8429],[4152867.7286,2191031.6057],[4152878.2114,2191042.7714],[4152888.2486,2191053.3],[4152898.7343,2191064.4743],[4152920.0314,2191079.0171],[4152926.3771,2191084.7286],[4152938.9257,2191091.4429],[4152953.26,2191095.0971],[4152970.48,2191093.8429],[4152985.44,2191088.1086],[4152999.4029,2191080.5886],[4153013.0486,2191072.34],[4153026.1743,2191065.2629],[4153038.8714,2191057.3514],[4153060.7457,2191043.5286],[4153075.5571,2191037.8686],[4153091.5029,2191033.92],[4153107.0943,2191035.6714],[4153121.8314,2191040.3457],[4153133.1143,2191046.6657],[4153140.0743,2191057.5543],[4153146.0657,2191068.9629],[4153156.1371,2191081.6029],[4153168.4486,2191094.1257],[4153179.8943,2191104.9714],[4153192.4857,2191116.1],[4153204.7657,2191126.5086],[4153217.88,2191136.4771],[4153231.8543,2191145.82],[4153247.2029,2191153.3657],[4153260.1229,2191156.6943],[4153285.5143,2191157.7143],[4153313.4343,2191159.7229],[4153328.1971,2191164.2114],[4153339.92,2191173.6657],[4153351.3629,2191184.5143],[4153362.8029,2191195.3629],[4153374.1257,2191206.1],[4153384.5857,2191215.16],[4153395.8743,2191223.78],[4153406.7629,2191233.6743],[4153421.7371,2191247.1029],[4153429.3257,2191248.6086],[4153446.1029,2191244.2257],[4153460.4743,2191235.4343],[4153470.9171,2191227.6371],[4153480.9257,2191218.9943],[4153492.7514,2191209.4],[4153501.2143,2191198.0314],[4153503.6686,2191189.9971],[4153508.72,2191176.1486],[4153513.2229,2191161.3629],[4153520.3857,2191147.4771],[4153528.5571,2191135.1914],[4153540.6629,2191124.2143],[4153559.02,2191110.1229],[4153565.04,2191106.7714],[4153572.1629,2191105.3314],[4153586.4914,2191108.9914],[4153599.4371,2191114.4257],[4153626.72,2191123.5143],[4153634.3,2191122.7314],[4153646.58,2191118.58],[4153658.0029,2191110.2686],[4153674.8114,2191091.1343],[4153682.4057,2191078.08],[4153690.56,2191065.9914],[4153697.7457,2191051.9171],[4153708.5714,2191023.6771],[4153720.2286,2190995.0],[4153732.8371,2190963.7029],[4153744.9343,2190935.8571],[4153752.2514,2190924.2057],[4153759.4286,2190910.1257],[4153768.4229,2190897.5943],[4153778.8543,2190887.4971],[4153789.6886,2190876.12],[4153798.3086,2190866.9743],[4153813.4371,2190851.2086],[4153819.5543,2190845.6857],[4153831.7029,2190839.1114],[4153845.8429,2190836.1286],[4153861.3914,2190835.7571],[4153890.3314,2190841.6714],[4153915.5,2190850.8],[4153926.3457,2190856.2943],[4153935.8114,2190863.5571],[4153948.3743,2190872.5829],[4153957.96,2190879.9714],[4153971.24,2190891.9771],[4154019.4086,2191029.5543],[4154026.6143,2191050.14],[4154051.32,2191080.4657],[4154115.4714,2191133.7314],[4154171.0743,2191184.96],[4154226.1229,2191235.6771],[4154252.2343,2191306.2686],[4154238.7057,2191383.5],[4154208.44,2191424.7886],[4154198.2857,2191454.0943],[4154219.8714,2191521.5686],[4154236.5114,2191542.8829],[4154247.6743,2191557.1829],[4154322.56,2191602.3086],[4154385.66,2191628.9657],[4154474.4514,2191690.04],[4154503.0457,2191729.3257],[4154527.0171,2191750.6286],[4154586.6914,2191759.2057],[4154617.2686,2191772.9457],[4154683.2514,2191780.34],[4154700.7571,2191794.2914],[4154711.4286,2191802.7971],[4154768.24,2191871.46],[4154854.9,2191938.8029],[4154857.2829,2191940.5829],[4154859.64,2191942.3429],[4154935.78,2191986.2829],[4154954.1314,2191996.8743],[4154990.3457,2192051.86],[4154996.94,2192078.2171],[4154976.8971,2192100.4657],[4154941.7457,2192188.2857],[4154978.0486,2192193.2714],[4154995.7486,2192222.9657],[4154995.5229,2192227.0],[4154994.5,2192245.2829],[4154956.7343,2192324.0571],[4154947.6429,2192366.4743],[4154962.0943,2192395.4343],[4154998.7686,2192418.4086],[4155123.74,2192480.2286],[4155126.1114,2192481.4029],[4155216.7571,2192581.9686],[4155278.1257,2192660.4743],[4155318.5,2192688.0714],[4155350.2429,2192691.0914],[4155443.8171,2192680.1457],[4155494.0429,2192674.2686],[4155510.1686,2192680.7],[4155536.6629,2192717.36],[4155564.3486,2192739.5629],[4155685.36,2192762.9371],[4155797.7771,2192753.0286],[4155815.1771,2192758.6143],[4155824.7657,2192779.1371],[4155825.7943,2192870.8886],[4155857.3886,2192925.82],[4155923.0943,2192953.2857],[4155959.7171,2192968.5943],[4156085.7429,2192979.7657],[4156130.0257,2193015.9543],[4156227.1486,2193134.0686],[4156254.8314,2193173.3029],[4156282.2371,2193212.1457],[4156320.8486,2193282.1914],[4156369.9229,2193308.2371],[4156485.5829,2193323.9629],[4156540.7857,2193316.7943],[4156624.0857,2193293.0857],[4156665.4143,2193297.9057],[4156674.9629,2193299.0171],[4156710.1771,2193336.42],[4156748.6971,2193445.7429],[4156787.9286,2193512.4486],[4156853.5114,2193563.0029],[4156925.2514,2193582.4686],[4156941.9829,2193594.0771],[4156952.7057,2193609.04],[4156953.2629,2193635.1886],[4156915.1914,2193670.2543],[4156880.1771,2193702.5029],[4156859.4343,2193745.5229],[4156909.0257,2193806.4343],[4156935.8114,2193821.1114],[4156996.0743,2193767.6257],[4157010.6229,2193763.5829],[4157021.1514,2193760.66],[4157111.2343,2193798.7086],[4157178.6714,2193798.6],[4157204.1343,2193806.1743],[4157228.3514,2193818.9971],[4157251.0257,2193818.4514],[4157287.3143,2193796.7257],[4157317.02,2193765.5114],[4157357.0886,2193753.7029],[4157358.88,2193753.8686],[4157406.8,2193758.2971],[4157532.0286,2193789.7686],[4157579.3686,2193805.1914],[4157669.3686,2193858.9314],[4157676.4629,2193863.1657],[4157817.2229,2193897.1543],[4157880.2057,2193913.3971],[4158063.0371,2193909.8486],[4158098.9371,2193926.4971],[4158111.72,2193959.7229],[4158115.4057,2193969.3057],[4158118.7371,2194060.0057],[4158112.52,2194108.3457],[4158078.7743,2194203.96],[4158077.4257,2194272.6314],[4158098.58,2194325.4029],[4158168.4286,2194366.7971],[4158179.52,2194395.0114],[4158196.5886,2194438.4286],[4158271.6086,2194532.1257],[4158295.7771,2194533.4514],[4158326.6571,2194516.7029],[4158363.44,2194521.7],[4158449.9914,2194479.1],[4158481.0371,2194487.2943],[4158492.3,2194527.1543],[4158489.62,2194568.0229],[4158481.9429,2194685.0114],[4158497.4771,2194706.3086],[4158566.7029,2194745.0286],[4158602.1543,2194818.3229],[4158617.8086,2194839.7314],[4158646.3943,2194854.7143],[4158728.7629,2194858.6771],[4158786.6943,2194875.6314],[4158793.4486,2194876.58],[4158928.0371,2194895.48],[4158953.1143,2194916.0286],[4158960.4514,2194953.3371],[4158980.2429,2195006.4743],[4158977.6429,2195028.9429],[4158939.6314,2195090.2457],[4158932.7686,2195097.7114],[4158866.1943,2195170.1343],[4158857.7343,2195205.2743],[4158861.0114,2195230.5257],[4158862.76,2195239.8629],[4158864.4886,2195249.1057],[4158896.1029,2195298.6886],[4158901.5971,2195320.4714],[4158889.9514,2195360.6486],[4158823.1743,2195394.2857],[4158811.0629,2195410.0514],[4158810.4771,2195429.6943],[4158840.5371,2195494.6543],[4158839.16,2195514.3657],[4158772.0286,2195565.5714],[4158748.4657,2195600.52],[4158705.16,2195664.7457],[4158675.38,2195692.98],[4158640.7571,2195704.2314],[4158593.2257,2195683.5914],[4158541.8686,2195719.26],[4158522.52,2195749.4657],[4158508.5514,2195795.3114],[4158532.4543,2195890.0571],[4158555.2314,2195917.0057],[4158610.7086,2195945.5457],[4158735.0486,2195927.9571],[4158736.0457,2195927.8171],[4158798.8457,2195987.6343],[4158871.4457,2196027.7629],[4158892.8514,2196073.3114],[4158888.1686,2196213.3686],[4158886.9914,2196248.4914],[4158908.1971,2196289.8829],[4158951.7086,2196326.8371],[4158968.9857,2196351.2914],[4158968.4857,2196388.1057],[4158941.1229,2196431.1771],[4158903.1829,2196490.8971],[4158890.3286,2196534.9143],[4158917.4629,2196595.18],[4158981.5057,2196662.6343],[4158984.3486,2196665.6286],[4158998.0029,2196691.9971],[4158992.8743,2196741.0],[4158958.7971,2196807.1629],[4158955.6657,2196820.1771],[4158947.4457,2196844.7171],[4158945.82,2196852.3086],[4158949.2943,2196867.3429],[4158955.4143,2196880.9857],[4158965.0171,2196892.7971],[4158975.0829,2196905.2657],[4158981.1886,2196916.5971],[4158982.82,2196930.48],[4158978.3,2196945.2771],[4158968.8657,2196956.9714],[4158955.76,2196963.8543],[4158952.6743,2196964.4029],[4158943.0229,2196967.3429],[4158928.7514,2196968.0971],[4158900.6857,2196964.0257],[4158885.6857,2196963.0314],[4158870.1457,2196963.3943],[4158862.1543,2196963.1571],[4158836.7829,2196962.1057],[4158823.08,2196963.62],[4158810.7971,2196970.26],[4158801.3571,2196981.9571],[4158794.5943,2196996.86],[4158787.4143,2197029.9114],[4158785.1286,2197042.2857],[4158780.6429,2197059.1971],[4158776.9629,2197073.5486],[4158776.08,2197088.74],[4158773.8086,2197103.4286],[4158771.5657,2197120.2171],[4158770.1457,2197136.76],[4158773.2086,2197153.0686],[4158815.6771,2197232.7886],[4158821.2486,2197245.4886],[4158824.68,2197256.1057],[4158826.0971,2197258.7257],[4158829.4171,2197271.5343],[4158832.0429,2197284.7086],[4158834.9571,2197298.7886],[4158840.2429,2197312.8714],[4158846.3571,2197326.5143],[4158856.5857,2197345.8114],[4158859.8571,2197351.8914],[4158865.4229,2197364.5914],[4158871.5429,2197378.2343],[4158875.4086,2197389.6857],[4158879.7,2197401.9829],[4158883.7143,2197415.6629],[4158886.6314,2197429.7514],[4158889.2286,2197440.8086],[4158889.1171,2197443.0],[4158891.3143,2197457.6314],[4158895.2114,2197471.2086],[4158897.8114,2197484.5686],[4158897.6314,2197496.8971],[4158895.3314,2197509.4686],[4158883.92,2197536.7543],[4158866.8886,2197563.8057],[4158857.8543,2197574.22],[4158848.4257,2197585.9143],[4158828.7143,2197612.2429],[4158815.0086,2197632.9343],[4158802.2914,2197657.7057],[4158791.0371,2197687.2314],[4158785.9086,2197713.5229],[4158785.8629,2197728.2743],[4158787.94,2197742.7943],[4158791.5457,2197757.7571],[4158795.8543,2197772.3514],[4158801.1343,2197786.4371],[4158807.6914,2197800.92],[4158808.5571,2197802.2857],[4158814.6343,2197811.8257],[4158822.8457,2197823.1229],[4158832.4514,2197834.9343],[4158842.4771,2197845.28],[4158852.4743,2197853.5086],[4158862.0686,2197863.02],[4158870.6886,2197873.0457],[4158875.4171,2197886.1714],[4158877.06,2197899.8629],[4158876.6029,2197913.5943],[4158875.1743,2197930.1314],[4158873.3371,2197945.6514],[4158872.6771,2197971.9],[4158874.4657,2197985.5114],[4158877.7829,2197998.3229],[4158882.6657,2198013.6857],[4158888.78,2198027.3314],[4158894.3486,2198040.0171],[4158900.8657,2198052.38],[4158910.06,2198063.1743],[4158920.0857,2198073.52],[4158932.9171,2198087.0114],[4158939.72,2198097.9886],[4158954.2029,2198125.1543],[4158956.6457,2198133.9886],[4158957.1257,2198135.5686],[4158958.0914,2198138.7257],[4158961.5543,2198151.4571],[4158964.5886,2198165.6629],[4158963.9829,2198179.46],[4158961.2771,2198193.3029],[4158954.3829,2198205.7971],[4158944.5257,2198218.9629],[4158934.2286,2198228.9829],[4158922.3714,2198236.4571],[4158911.5086,2198243.2229],[4158903.32,2198253.2086],[4158891.4486,2198277.5486],[4158888.3314,2198292.6686],[4158887.3314,2198307.7457],[4158888.1457,2198324.1771],[4158889.3514,2198334.7171],[4158892.5371,2198351.1486],[4158897.3114,2198371.0057],[4158906.8771,2198395.0714],[4158915.2543,2198413.2114],[4158941.1914,2198436.4857],[4158969.6,2198451.7371],[4158980.2771,2198455.0],[4159013.8257,2198465.2314],[4159055.1629,2198485.9257],[4159085.8543,2198507.7657],[4159096.7229,2198519.9829],[4159104.2543,2198536.2486],[4159109.5457,2198569.3143],[4159108.5029,2198579.98],[4159090.9057,2198625.2457],[4159071.2257,2198653.6886],[4159064.4371,2198663.9943],[4159060.72,2198673.9343],[4159058.8171,2198701.9086],[4159064.9343,2198715.5514],[4159076.8143,2198731.6629],[4159098.1057,2198750.64],[4159119.5857,2198776.2714],[4159128.5286,2198792.8657],[4159134.2886,2198814.5086],[4159134.8657,2198855.7229],[4159133.9914,2198889.8943],[4159128.2029,2198904.3],[4159120.4829,2198919.5314],[4159119.3371,2198938.2371],[4159120.8257,2198947.3857],[4159135.3114,2198976.8657],[4159141.2686,2198985.9829],[4159157.6114,2198999.7486],[4159168.0371,2199008.8229],[4159197.0886,2199016.9829],[4159235.2029,2199019.1343],[4159247.2543,2199020.6143],[4159280.98,2199018.5057],[4159293.7114,2199015.0057],[4159313.38,2199003.44],[4159340.4,2198982.3171],[4159350.0114,2198974.9629],[4159353.9314,2198973.9743],[4159359.2314,2198971.1886],[4159369.4286,2198969.1971],[4159377.8514,2198970.2771],[4159400.7657,2198981.6629],[4159408.3571,2198987.78],[4159417.5514,2198998.5714],[4159431.9829,2199021.3286],[4159437.9514,2199032.7457],[4159452.92,2199048.3057],[4159456.1571,2199052.2857],[4159476.3829,2199060.6457],[4159485.8229,2199067.9229],[4159496.8314,2199080.0686],[4159501.9829,2199094.0286],[4159502.1457,2199098.5657],[4159509.12,2199111.5857],[4159531.5486,2199136.88],[4159540.1571,2199146.9086],[4159555.6743,2199161.1229],[4159575.3229,2199185.3971],[4159598.5714,2199207.9571],[4159612.9486,2199218.1457],[4159621.92,2199220.1857],[4159638.08,2199227.3057],[4159673.5114,2199228.74],[4159711.1457,2199221.0429],[4159736.5514,2199209.8257],[4159762.5629,2199203.7857],[4159791.8229,2199204.0286],[4159820.4686,2199213.4743],[4159848.4686,2199232.2914],[4159888.3714,2199248.0714],[4159907.6571,2199261.3629],[4159937.8314,2199273.5457],[4159982.2686,2199279.12],[4159998.6714,2199280.4457],[4160028.5486,2199285.8714],[4160043.6514,2199284.6771],[4160056.3743,2199278.88],[4160078.4857,2199278.44],[4160100.9943,2199272.1257],[4160112.7057,2199262.4229],[4160126.8086,2199238.16],[4160158.3686,2199223.54],[4160194.4486,2199215.5914],[4160234.06,2199213.7743],[4160249.2343,2199221.4143],[4160256.0143,2199227.7829],[4160263.9571,2199242.7857],[4160265.5514,2199252.0514],[4160256.3543,2199277.1114],[4160251.38,2199286.4657],[4160237.0571,2199301.9714],[4160230.4543,2199318.92],[4160230.4457,2199357.0714],[4160245.32,2199382.9714],[4160273.5057,2199408.4429],[4160298.3029,2199427.7114],[4160323.04,2199440.4571],[4160330.2257,2199445.5543],[4160345.9114,2199447.4314],[4160377.66,2199441.7457],[4160390.9743,2199441.3171],[4160404.2686,2199441.0886],[4160408.7686,2199443.16],[4160426.1571,2199446.2629],[4160451.7514,2199441.7029],[4160474.2457,2199433.08],[4160480.8143,2199432.9943],[4160495.1543,2199438.78],[4160512.2686,2199464.56],[4160516.4057,2199472.3314],[4160518.8314,2199500.3314],[4160510.7543,2199529.4029],[4160508.7143,2199535.98],[4160507.8657,2199555.5857],[4160512.5943,2199571.0286],[4160521.9371,2199586.34],[4160527.8514,2199591.0457],[4160546.6571,2199596.7771],[4160564.0429,2199599.8943],[4160591.34,2199596.56],[4160626.5714,2199586.7543],[4160662.2086,2199575.6629],[4160681.8029,2199574.2457],[4160702.68,2199575.5257],[4160711.2514,2199581.14],[4160714.5171,2199587.2257],[4160726.7943,2199599.7629],[4160736.5971,2199601.3543],[4160753.8029,2199597.8257],[4160763.0543,2199598.46],[4160798.4771,2199595.3086],[4160812.9829,2199586.4457],[4160833.8571,2199568.7457],[4160842.0886,2199563.18],[4160851.3029,2199559.4],[4160885.3057,2199553.6171],[4160906.5486,2199549.2029],[4160938.9514,2199534.1457],[4160949.1457,2199532.1571],[4160987.2314,2199529.9114],[4161007.2514,2199529.3286],[4161040.66,2199539.64],[4161092.1657,2199556.0629],[4161099.7571,2199559.8857],[4161116.9914,2199558.4743],[4161129.0057,2199555.5314],[4161140.7,2199546.0286],[4161147.4771,2199533.4143],[4161158.6057,2199520.6571],[4161172.1371,2199512.3086],[4161186.3714,2199507.14],[4161214.6371,2199503.3],[4161224.3314,2199504.7771],[4161244.7686,2199505.2229],[4161253.1514,2199501.8914],[4161261.3829,2199496.3257],[4161278.3571,2199479.4314],[4161294.5486,2199472.0],[4161315.2371,2199466.6343],[4161336.1086,2199465.62],[4161357.4086,2199467.74],[4161374.1714,2199461.0714],[4161389.34,2199447.4286],[4161419.0657,2199431.6514],[4161436.8143,2199426.7714],[4161454.8886,2199427.2114],[4161463.0229,2199429.6943],[4161480.0429,2199438.4971],[4161501.94,2199445.9857],[4161539.9771,2199456.0029],[4161566.3686,2199465.5686],[4161609.5371,2199470.7629],[4161619.7657,2199470.8857],[4161631.6429,2199468.0286],[4161662.7743,2199452.5743],[4161673.2629,2199449.2],[4161686.14,2199447.9314],[4161701.28,2199448.8686],[4161725.64,2199448.3143],[4161771.6714,2199463.18],[4161773.4971,2199464.54],[4161779.4086,2199469.2343],[4161796.5886,2199482.5743],[4161824.7943,2199510.1714],[4161840.9571,2199519.6],[4161874.7486,2199524.04],[4161896.9943,2199521.2314],[4161919.7543,2199511.4171],[4161940.6857,2199497.9543],[4161966.2686,2199472.1114],[4161974.4971,2199464.2429],[4161987.6,2199455.0629],[4162008.5371,2199443.9],[4162020.9857,2199441.8029],[4162035.5457,2199441.96],[4162050.2771,2199444.1686],[4162075.4143,2199455.64],[4162111.8257,2199475.5543],[4162150.0457,2199494.5229],[4162159.4514,2199497.3971],[4162178.6886,2199503.98],[4162194.8771,2199515.5257],[4162205.88,2199527.6629],[4162221.8229,2199545.0171],[4162230.3971,2199550.6314],[4162240.64,2199553.0686],[4162253.1143,2199553.0857],[4162260.5171,2199550.26],[4162275.0371,2199543.7114],[4162282.8114,2199535.2],[4162287.38,2199524.82],[4162289.4029,2199513.6429],[4162288.7857,2199506.16],[4162290.66,2199492.7571],[4162292.5429,2199479.3657],[4162292.7257,2199467.0257],[4162295.4714,2199455.2971],[4162302.2629,2199444.9971],[4162321.5229,2199434.7029],[4162328.24,2199434.5543],[4162354.24,2199447.7029],[4162362.2257,2199447.9486],[4162372.4629,2199450.3743],[4162386.7571,2199451.74],[4162392.9029,2199450.82],[4162408.28,2199443.6514],[4162423.2029,2199435.82],[4162436.4886,2199433.2857],[4162451.0371,2199431.1429],[4162466.1771,2199432.0686],[4162481.7457,2199433.84],[4162488.9029,2199436.8229],[4162499.3514,2199448.0171],[4162510.2143,2199460.2286],[4162522.0486,2199469.64],[4162535.1171,2199477.3171],[4162562.7457,2199482.8743],[4162590.3629,2199486.1229],[4162606.74,2199485.34],[4162623.5429,2199483.0886],[4162637.2571,2199481.3857],[4162651.8114,2199479.2543],[4162666.9171,2199478.0686],[4162682.4571,2199477.7257],[4162709.0971,2199479.1829],[4162725.4943,2199480.5057],[4162741.6114,2199483.2229],[4162756.3229,2199485.6171],[4162771.0629,2199490.1286],[4162784.8514,2199497.2571],[4162797.9229,2199504.9457],[4162809.7314,2199512.24],[4162821.4114,2199519.4143],[4162834.4857,2199527.1029],[4162847.1514,2199536.0629],[4162870.0543,2199547.4629],[4162883.9286,2199550.2971],[4162898.5143,2199550.2686],[4162914.8886,2199549.4886],[4162930.8514,2199547.68],[4162960.7714,2199540.8543],[4162975.4629,2199538.64],[4162989.6171,2199537.78],[4163015.7971,2199538.5914],[4163045.0771,2199538.6657],[4163071.8743,2199544.66],[4163102.18,2199553.2371],[4163126.7286,2199559.3429],[4163141.4543,2199561.5429],[4163156.9943,2199561.2029],[4163171.9829,2199559.9029],[4163186.6514,2199555.5857],[4163201.46,2199549.9486],[4163215.5743,2199544.6629],[4163230.0971,2199538.12],[4163244.0686,2199532.92],[4163256.3743,2199528.5971],[4163269.6571,2199526.0629],[4163284.2086,2199523.9257],[4163306.52,2199527.6543],[4163317.78,2199536.2943],[4163328.6343,2199546.2171],[4163346.9371,2199563.5686],[4163376.6257,2199581.3486],[4163395.2143,2199597.3171],[4163407.0257,2199606.9143],[4163429.5371,2199621.8857],[4163455.5229,2199632.74],[4163483.72,2199639.0486],[4163526.3343,2199643.3143],[4163541.0314,2199643.4029],[4163568.3286,2199640.0857],[4163581.1886,2199636.7171],[4163593.8886,2199631.1143],[4163595.5829,2199630.0543],[4163633.2629,2199610.12],[4163646.8,2199601.7771],[4163660.4829,2199595.6743],[4163712.1286,2199568.2314],[4163724.4257,2199561.6086],[4163737.5629,2199556.8514],[4163752.9543,2199554.2743],[4163769.4714,2199553.4229],[4163797.0629,2199554.56],[4163813.0571,2199557.1686],[4163853.2086,2199569.4657],[4163860.7714,2199571.18],[4163876.8857,2199573.9],[4163894.2657,2199574.7114],[4163923.3743,2199570.4457],[4163938.3314,2199567.0371],[4163953.8686,2199564.3971],[4163982.3229,2199567.2114],[4163996.9171,2199569.4971],[4164010.8114,2199574.44],[4164023.48,2199583.4143],[4164031.7971,2199594.8314],[4164038.7657,2199607.8514],[4164044.8686,2199621.5],[4164050.9743,2199635.1486],[4164054.6371,2199658.9429],[4164059.4686,2199672.1971],[4164066.8371,2199683.9371],[4164076.42,2199693.4571],[4164086.84,2199702.54],[4164099.08,2199712.9714],[4164114.4,2199720.5429],[4164129.9714,2199724.62],[4164145.3886,2199724.16],[4164162.1629,2199719.7971],[4164177.1114,2199714.0914],[4164188.9829,2199708.9257],[4164200.3057,2199702.8171],[4164212.9771,2199692.8114],[4164226.5057,2199682.1714],[4164238.6314,2199673.5114],[4164252.1686,2199665.1686],[4164275.9029,2199652.5543],[4164288.6086,2199646.9514],[4164299.9229,2199640.8457],[4164318.0829,2199634.7],[4164328.9714,2199630.0514],[4164341.0171,2199629.2286],[4164357.2771,2199628.34],[4164385.4486,2199632.5486],[4164417.5743,2199642.48],[4164440.7229,2199645.7771],[4164469.1857,2199650.9057],[4164483.9143,2199653.1086],[4164510.0971,2199653.9286],[4164526.2057,2199654.3514],[4164541.1943,2199653.0571],[4164555.1714,2199647.86],[4164568.42,2199640.9171],[4164592.02,2199628.3743],[4164603.3343,2199619.9657],[4164615.1743,2199612.6914],[4164628.16,2199603.4057],[4164640.4257,2199594.6743],[4164650.88,2199586.88],[4164668.56,2199569.6314],[4164676.7629,2199559.6686],[4164686.6314,2199546.5143],[4164694.3886,2199533.3971],[4164706.16,2199511.4514],[4164718.86,2199484.5743],[4164726.9171,2199472.3714],[4164736.3857,2199460.4971],[4164747.7886,2199450.0914],[4164758.0943,2199440.0829],[4164768.0,2199431.3429],[4164779.0,2199424.5086],[4164793.4143,2199417.8514],[4164822.4886,2199409.1771],[4164837.6143,2199407.8],[4164865.7943,2199414.3229],[4164896.7829,2199417.9457],[4164905.7514,2199417.68],[4164919.5086,2199422.6971],[4164931.74,2199430.8314],[4164952.5743,2199446.6943],[4164963.9829,2199457.5629],[4164975.6657,2199467.0429],[4165001.0029,2199484.98],[4165025.3171,2199499.0086],[4165038.2457,2199504.4743],[4165052.1086,2199505.0171],[4165065.6543,2199498.98],[4165080.0543,2199492.3171],[4165092.9143,2199488.9543],[4165106.62,2199484.96],[4165119.1857,2199477.1429],[4165130.5886,2199466.7371],[4165136.5771,2199461.2829],[4165142.7086,2199455.7657],[4165152.1514,2199441.78],[4165157.2886,2199429.2257],[4165163.3286,2199414.4714],[4165174.3914,2199390.5829],[4165181.6086,2199378.8229],[4165194.1371,2199366.58],[4165207.2457,2199357.4086],[4165230.0029,2199345.3114],[4165244.5514,2199340.8771],[4165260.0886,2199340.5429],[4165289.3886,2199345.2257],[4165306.78,2199348.3543],[4165314.9429,2199352.9429],[4165325.0114,2199364.2771],[4165325.7943,2199365.16],[4165336.3571,2199374.1686],[4165355.5943,2199380.7629],[4165369.72,2199377.7943],[4165381.8771,2199371.2514],[4165391.4943,2199363.9086],[4165400.5371,2199353.4971],[4165408.3057,2199342.6886],[4165416.36,2199330.4914],[4165425.9429,2199318.7343],[4165437.52,2199309.12],[4165450.8714,2199307.4714],[4165466.7743,2199338.4114],[4166932.0829,2202189.5257],[4167972.9657,2204170.8486],[4168401.78,2203934.4829],[4168640.4829,2203799.1114],[4169202.7314,2203457.2314],[4169364.7286,2203358.7286],[4171072.4829,2202320.3171],[4171515.7657,2202050.7743],[4172330.28,2201555.5029],[4173113.08,2201116.36],[4173147.4686,2201097.0686],[4173147.5371,2201096.9886],[4173169.2943,2201078.7114],[4173180.5943,2201070.5114],[4173193.3029,2201062.6314],[4173198.9029,2201058.4771],[4173213.4286,2201051.9514],[4173219.16,2201050.0143],[4173224.8971,2201048.0914],[4173238.0429,2201043.3543],[4173251.7571,2201039.3771],[4173258.3371,2201037.0143],[4173270.6371,2201032.7057],[4173282.1086,2201028.8429],[4173291.7657,2201025.9314],[4173296.9286,2201023.2343],[4173304.0514,2201019.5171],[4173316.2143,2201010.6914],[4173324.4543,2201005.1457],[4173341.8714,2200989.3229],[4173345.4171,2200994.0286],[4173356.8,2201004.9143],[4173368.6143,2201014.3343],[4173381.1257,2201021.0886],[4173388.42,2201024.0229],[4173408.9143,2201031.0371],[4173434.1857,2201044.5886],[4173447.2429,2201052.3],[4173467.8857,2201061.5514],[4173475.3229,2201063.1543],[4173480.6514,2201062.5],[4173493.3657,2201056.92],[4173505.6457,2201048.2086],[4173515.5629,2201039.5],[4173525.0457,2201029.9343],[4173542.46,2201011.8143],[4173551.9429,2201002.2629],[4173561.8571,2200993.54],[4173573.7086,2200983.9829],[4173592.0114,2200971.9543],[4173605.3057,2200971.7457],[4173617.5229,2200977.5943],[4173627.5229,2200987.96],[4173635.8486,2201001.5029],[4173642.22,2201011.4743],[4173646.0543,2201025.2314],[4173645.5629,2201038.96],[4173633.7686,2201063.1771],[4173626.5371,2201074.9257],[4173617.9114,2201088.4571],[4173609.8429,2201100.6429],[4173592.7171,2201123.2286],[4173579.4029,2201147.0086],[4173569.6314,2201157.9543],[4173556.3686,2201164.8771],[4173541.9571,2201171.5171],[4173515.5229,2201181.0629],[4173506.0429,2201190.6143],[4173503.1314,2201197.8057],[4173498.5143,2201227.1457],[4173495.7143,2201255.54],[4173495.6286,2201270.2857],[4173497.6714,2201284.8057],[4173504.3257,2201299.22],[4173516.5457,2201309.6686],[4173528.6314,2201315.5886],[4173541.54,2201318.7771],[4173557.6486,2201319.2229],[4173572.6429,2201320.2514],[4173587.3657,2201322.48],[4173601.66,2201323.8857],[4173610.0743,2201324.98],[4173622.2971,2201333.1286],[4173631.32,2201344.0029],[4173647.1114,2201369.42],[4173657.1143,2201379.7857],[4173669.3343,2201387.9343],[4173683.6571,2201393.7543],[4173712.5371,2201399.7486],[4173741.1314,2201402.5486],[4173756.1143,2201401.2714],[4173768.8543,2201397.8171],[4173780.5857,2201390.4486],[4173790.6286,2201381.8486],[4173805.8429,2201368.0629],[4173809.1829,2201364.0057],[4173821.06,2201356.5743],[4173831.5286,2201351.1086],[4173833.3457,2201350.16],[4173847.4914,2201347.0314],[4173858.3886,2201340.1],[4173866.5771,2201328.0257],[4173881.74,2201301.8657],[4173889.0971,2201290.2371],[4173900.8257,2201280.5714],[4173918.04,2201279.3743],[4173931.9343,2201284.3486],[4173942.3629,2201293.26],[4173949.8229,2201305.1257],[4173957.5743,2201315.6086],[4173964.9257,2201327.3571],[4173974.0886,2201338.1714],[4173982.8229,2201350.4429],[4173991.98,2201361.2486],[4174000.5771,2201371.2886],[4174009.7343,2201382.0943],[4174018.44,2201389.9514],[4174029.3,2201401.9971],[4174046.4514,2201415.3714],[4174050.6629,2201418.8429],[4174052.9086,2201421.0314],[4174080.9571,2201427.4743],[4174095.5343,2201427.48],[4174110.2314,2201425.3057],[4174124.3886,2201424.4714],[4174138.9429,2201422.3629],[4174153.9286,2201421.0971],[4174167.6257,2201417.3171],[4174181.6086,2201409.8457],[4174194.3171,2201401.9714],[4174248.54,2201373.1371],[4174261.2543,2201365.2714],[4174275.2343,2201357.7914],[4174285.7029,2201350.0257],[4174297.14,2201341.7571],[4174309.7143,2201333.9514],[4174323.8371,2201328.7086],[4174331.8229,2201328.9686],[4174338.4229,2201331.0229],[4174344.3286,2201333.4257],[4174354.8743,2201344.7514],[4174361.7943,2201357.9686],[4174364.7914,2201369.8743],[4174361.4943,2201382.7514],[4174356.0743,2201393.5514],[4174347.8886,2201407.9229],[4174330.9086,2201435.0314],[4174322.8571,2201449.32],[4174309.68,2201475.3371],[4174303.8543,2201489.7086],[4174297.3971,2201517.88],[4174297.3314,2201532.44],[4174299.4886,2201547.0743],[4174304.7286,2201561.1686],[4174310.8114,2201572.5229],[4174318.9971,2201583.8457],[4174329.5429,2201595.16],[4174342.0514,2201601.9286],[4174370.9257,2201605.6286],[4174396.8429,2201607.7],[4174409.58,2201604.2371],[4174418.8,2201600.4829],[4174421.8886,2201599.94],[4174434.6229,2201596.4771],[4174447.0771,2201594.4086],[4174476.1914,2201590.1971],[4174500.9829,2201588.2429],[4174525.3371,2201585.46],[4174550.9629,2201583.0714],[4174579.8457,2201586.78],[4174604.5371,2201594.9657],[4174629.0971,2201605.5314],[4174656.4714,2201614.4571],[4174677.5114,2201622.4314],[4174704.3086,2201632.8886],[4174716.9343,2201637.4714],[4174726.3543,2201644.7686],[4174740.1571,2201662.1914],[4174744.82,2201670.9171],[4174748.42,2201692.5943],[4174746.9743,2201708.9457],[4174746.0429,2201721.8314],[4174734.1057,2201746.1171],[4174723.2886,2201772.1343],[4174722.7943,2201785.8629],[4174727.4857,2201799.0],[4174737.0543,2201808.5314],[4174766.6514,2201819.8286],[4174793.0457,2201831.5657],[4174806.5057,2201835.7],[4174807.7743,2201836.1057],[4174822.9057,2201834.7657],[4174871.1057,2201809.2571],[4174884.1057,2201799.9971],[4174896.7886,2201790.0114],[4174907.5457,2201780.8543],[4174917.5829,2201769.9571],[4174932.4914,2201749.6057],[4174948.9229,2201729.6914],[4174958.8143,2201718.86],[4174968.2971,2201707.0086],[4174976.5171,2201697.0486],[4174989.0857,2201686.9486],[4175008.3457,2201674.5971],[4175020.68,2201672.4171],[4175041.5571,2201676.0514],[4175048.7229,2201678.8686],[4175057.4571,2201688.8371],[4175063.9371,2201701.2143],[4175068.6314,2201714.3486],[4175069.52,2201728.5971],[4175066.2286,2201741.4714],[4175059.42,2201751.7514],[4175040.3086,2201770.9371],[4175030.3829,2201779.6486],[4175020.9,2201789.2086],[4175009.6029,2201799.7057],[4174999.7114,2201810.5371],[4174995.4114,2201817.2057],[4174995.1514,2201823.0143],[4174994.4857,2201832.3914],[4174998.3371,2201845.9657],[4175009.72,2201859.1543],[4175015.08,2201862.9114],[4175023.64,2201863.9429],[4175042.26,2201865.3857],[4175056.4086,2201864.5571],[4175069.72,2201864.1657],[4175083.4229,2201860.3886],[4175097.9743,2201855.98],[4175104.5457,2201855.9114],[4175130.1657,2201848.9229],[4175154.7886,2201840.3314],[4175167.5086,2201837.0657],[4175180.8114,2201834.3686],[4175192.6914,2201829.24],[4175204.0229,2201825.4543],[4175218.5743,2201821.0486],[4175240.6857,2201816.0657],[4175262.3943,2201816.9686],[4175275.7343,2201820.9914],[4175289.7686,2201828.1943],[4175301.0114,2201836.8571],[4175312.4114,2201847.5486],[4175321.4286,2201858.44],[4175325.2286,2201865.4886],[4175334.9943,2201883.7743],[4175344.5571,2201893.3114],[4175354.9629,2201902.4086],[4175361.5829,2201914.7143],[4175369.7629,2201923.7286],[4175383.2486,2201932.2886],[4175397.1371,2201939.5571],[4175421.4343,2201953.6343],[4175445.5743,2201960.8771],[4175454.5371,2201962.9286],[4175484.5143,2201960.4],[4175499.6171,2201959.2514],[4175512.3371,2201951.3857],[4175550.9057,2201930.9057],[4175551.6286,2201930.3571],[4175563.0714,2201922.0857],[4175575.2171,2201913.4514],[4175586.1114,2201906.5257],[4175596.58,2201898.7657],[4175607.0429,2201888.7057],[4175616.96,2201877.6886],[4175643.22,2201863.8057],[4175655.9429,2201858.24],[4175669.66,2201854.2686],[4175683.8057,2201853.4429],[4175710.18,2201863.0686],[4175724.0686,2201868.0486],[4175737.98,2201875.1314],[4175748.3829,2201884.2314],[4175757.1114,2201896.5057],[4175765.4657,2201914.4714],[4175770.2686,2201925.42],[4175772.0057,2201945.3314],[4175772.0457,2201945.7486],[4175771.6171,2201949.9914],[4175770.9743,2201956.4029],[4175764.6486,2201984.5],[4175762.3314,2201999.1657],[4175759.4971,2202027.74],[4175758.4314,2202040.6943],[4175751.5257,2202063.4229],[4175750.5743,2202066.0457],[4175738.9114,2202092.5],[4175737.8171,2202101.04],[4175738.42,2202108.5229],[4175744.4971,2202122.18],[4175754.0829,2202133.82],[4175759.1486,2202138.9771],[4175773.7114,2202139.1771],[4175787.0,2202134.3714],[4175835.0829,2202108.76],[4175863.1657,2202093.94],[4175876.74,2202090.0429],[4175893.14,2202091.4143],[4175906.1857,2202094.52],[4175923.1714,2202103.56],[4175932.04,2202115.76],[4175935.8886,2202131.6343],[4175936.2486,2202147.0286],[4175933.5114,2202163.1657],[4175926.8457,2202177.9743],[4175918.7029,2202204.7143],[4175919.7057,2202210.92],[4175922.9629,2202217.02],[4175935.1743,2202225.1629],[4175947.6829,2202231.9314],[4175959.4886,2202241.3571],[4175971.7029,2202251.8114],[4175983.8057,2202259.8514],[4175997.6886,2202264.8229],[4176010.5486,2202261.4857],[4176021.3057,2202250.0314],[4176026.5857,2202245.1514],[4176043.0486,2202229.6514],[4176047.6657,2202223.7114],[4176056.0229,2202215.9829],[4176067.6171,2202204.0914],[4176076.8143,2202195.9257],[4176086.3029,2202186.3771],[4176097.0343,2202175.1086],[4176106.0914,2202162.4286],[4176140.4971,2202117.2029],[4176148.5714,2202105.02],[4176157.4886,2202092.4],[4176158.0371,2202091.0571],[4176165.7086,2202080.1543],[4176175.1686,2202068.4829],[4176183.2429,2202056.3],[4176200.0857,2202032.82],[4176204.7029,2202026.88],[4176223.7257,2202022.4457],[4176232.9829,2202023.1143],[4176246.0371,2202030.82],[4176258.2514,2202038.9743],[4176270.0629,2202048.4086],[4176280.8914,2202058.3429],[4176291.8629,2202068.2057],[4176301.4314,2202080.04],[4176309.18,2202090.5229],[4176319.7714,2202108.38],[4176321.3514,2202115.3514],[4176317.7457,2202127.5029],[4176309.1171,2202138.7314],[4176299.08,2202149.6343],[4176290.1457,2202160.1371],[4176287.92,2202162.3571],[4176280.5429,2202171.8743],[4176276.12,2202186.5771],[4176271.6086,2202216.0257],[4176269.32,2202237.4],[4176275.3914,2202248.76],[4176288.0343,2202255.4486],[4176299.6829,2202262.8429],[4176313.5657,2202267.8143],[4176328.7171,2202268.5914],[4176358.0057,2202273.34],[4176370.6257,2202277.9143],[4176382.7257,2202285.9543],[4176395.3686,2202294.9429],[4176408.8514,2202303.4943],[4176423.3171,2202311.5457],[4176436.34,2202314.84],[4176449.5171,2202314.5229],[4176463.2057,2202308.4543],[4176467.5343,2202303.8971],[4176466.2143,2202288.8171],[4176463.0286,2202265.8571],[4176468.0286,2202254.2229],[4176476.6743,2202242.8143],[4176491.56,2202220.34],[4176502.0971,2202195.7229],[4176510.82,2202169.7486],[4176519.3286,2202158.4114],[4176530.2057,2202149.3714],[4176537.2057,2202145.5486],[4176552.1914,2202144.2857],[4176582.1914,2202152.0229],[4176595.6714,2202158.2743],[4176621.66,2202173.5886],[4176632.6371,2202185.7571],[4176642.3429,2202199.8229],[4176654.1486,2202209.2486],[4176667.6314,2202217.8],[4176681.1171,2202224.0629],[4176708.3486,2202235.3657],[4176730.82,2202248.0857],[4176755.1086,2202262.1714],[4176768.9914,2202267.1429],[4176784.2657,2202270.3343],[4176798.0057,2202270.7943],[4176810.7486,2202269.6343],[4176822.7714,2202266.7371],[4176835.92,2202262.0086],[4176848.6543,2202256.2514],[4176874.0886,2202242.82],[4176880.1171,2202239.5029],[4176897.4686,2202240.5429],[4176913.8657,2202241.9171],[4176927.6086,2202242.3629],[4176942.7371,2202243.3286],[4176956.8629,2202238.0914],[4176969.9829,2202228.9514],[4176982.9943,2202221.9971],[4176995.7057,2202214.1257],[4177026.3257,2202197.8171],[4177039.04,2202189.9457],[4177053.0229,2202184.7857],[4177067.2914,2202181.7743],[4177081.7314,2202179.5571],[4177095.0171,2202177.0571],[4177109.5829,2202174.9629],[4177134.1029,2202176.5286],[4177150.5,2202180.1943],[4177166.4943,2202182.8343],[4177196.9229,2202189.1086],[4177222.3086,2202196.9514],[4177233.5486,2202203.3171],[4177244.0829,2202212.3486],[4177253.0971,2202223.2286],[4177263.8057,2202241.2],[4177266.3943,2202256.6743],[4177266.3171,2202271.2343],[4177265.3914,2202286.4143],[4177264.3171,2202299.3714],[4177263.9114,2202300.6514],[4177265.6571,2202316.5657],[4177269.6486,2202332.3629],[4177274.74,2202344.2314],[4177280.8143,2202355.5886],[4177287.7257,2202366.5114],[4177295.4657,2202376.9857],[4177306.4143,2202384.7457],[4177321.1371,2202389.2943],[4177335.4314,2202390.6971],[4177351.26,2202389.0],[4177366.3857,2202387.6686],[4177381.38,2202388.7057],[4177396.0971,2202388.6457],[4177408.4057,2202386.6571],[4177410.6571,2202386.5543],[4177423.3714,2202380.9829],[4177438.1943,2202373.0857],[4177459.3,2202361.9114],[4177472.8714,2202355.72],[4177498.0886,2202356.9143],[4177505.6429,2202356.3457],[4177519.3457,2202350.2743],[4177533.32,2202342.8057],[4177547.4486,2202337.5686],[4177562.2943,2202331.7829],[4177576.8257,2202327.5686],[4177591.8143,2202324.0086],[4177604.1257,2202319.72],[4177616.0029,2202314.6],[4177631.26,2202307.5314],[4177647.6057,2202300.0714],[4177660.7514,2202295.3457],[4177673.4886,2202289.5914],[4177684.9629,2202285.7371],[4177698.1114,2202281.0143],[4177725.1486,2202281.2714],[4177748.5686,2202291.3743],[4177774.12,2202303.56],[4177781.2686,2202306.56],[4177795.8571,2202306.58],[4177809.5714,2202307.2171],[4177835.9343,2202312.2543],[4177851.9286,2202314.8971],[4177868.8714,2202317.2229],[4177896.9143,2202321.3857],[4177912.0429,2202322.3543],[4177926.6286,2202322.3743],[4177941.3286,2202324.8],[4177955.9114,2202324.8229],[4177989.18,2202307.1286],[4178008.1857,2202298.2943],[4178020.88,2202280.1686],[4178028.6743,2202269.3829],[4178036.7571,2202257.2],[4178056.88,2202244.2314],[4178068.7571,2202239.1114],[4178086.4286,2202240.8829],[4178103.9457,2202243.9771],[4178132.4171,2202251.2743],[4178147.2857,2202258.0486],[4178176.76,2202269.2514],[4178221.0714,2202282.8171],[4178232.7114,2202287.9057],[4178244.38,2202295.1143],[4178252.9343,2202300.74],[4178268.6886,2202311.3086],[4178281.8829,2202321.2543],[4178292.7086,2202331.1943],[4178302.7,2202341.5771],[4178313.2429,2202352.9086],[4178325.0486,2202362.3343],[4178337.1457,2202370.38],[4178351.0286,2202377.6571],[4178378.4,2202388.8943],[4178390.5829,2202392.6429],[4178399.2886,2202392.36],[4178412.58,2202387.5629],[4178426.1314,2202381.56],[4178438.8714,2202375.8057],[4178454.0057,2202376.7857],[4178469.54,2202378.7771],[4178485.94,2202377.8571],[4178502.7486,2202375.6514],[4178516.06,2202375.2686],[4178529.2086,2202372.8457],[4178552.9886,2202362.4],[4178562.2171,2202358.66],[4178580.12,2202350.2171],[4178631.8486,2202322.74],[4178646.2457,2202316.3086],[4178668.2143,2202306.8086],[4178685.16,2202309.1457],[4178707.7943,2202326.2114],[4178724.96,2202344.0086],[4178735.9,2202351.7629],[4178749.24,2202355.7914],[4178757.22,2202356.06],[4178767.8371,2202350.5314],[4178775.94,2202342.7686],[4178780.2457,2202336.1],[4178779.9371,2202322.6371],[4178775.6829,2202310.3314],[4178770.4486,2202298.5371],[4178763.1143,2202286.78],[4178755.2314,2202274.0686],[4178739.5971,2202253.1686],[4178725.7857,2202231.3229],[4178720.12,2202216.3971],[4178723.2743,2202201.2886],[4178731.3657,2202189.12],[4178741.3971,2202178.2257],[4178758.1371,2202159.24],[4178772.7886,2202140.0971],[4178781.7086,2202127.4829],[4178797.1486,2202101.38],[4178804.4,2202089.6457],[4178813.8629,2202077.98],[4178824.62,2202068.8343],[4178836.5029,2202061.4171],[4178860.1257,2202048.94],[4178871.8914,2202043.6971],[4178885.18,2202041.2],[4178898.0629,2202039.9743],[4178911.3771,2202041.8914],[4178926.1029,2202044.1457],[4178953.7343,2202051.8829],[4178966.3514,2202056.4657],[4178980.2629,2202063.5657],[4178993.7457,2202072.12],[4179004.9857,2202080.7886],[4179016.3571,2202089.3857],[4179026.76,2202098.4886],[4179037.1543,2202107.5943],[4179047.72,2202118.7371],[4179058.5486,2202128.6743],[4179069.0886,2202140.0057],[4179079.0743,2202150.3829],[4179100.8714,2202170.1971],[4179112.2514,2202181.0914],[4179122.6714,2202192.3114],[4179135.3371,2202205.7171],[4179147.2857,2202219.6686],[4179156.8457,2202229.2114],[4179167.6743,2202239.1629],[4179177.6657,2202247.2371],[4179183.5429,2202249.8429],[4179184.8114,2202250.24],[4179202.1886,2202251.1114],[4179230.1571,2202236.1886],[4179239.6514,2202226.6429],[4179247.8514,2202214.58],[4179250.0571,2202199.8086],[4179252.3771,2202185.1371],[4179257.3543,2202169.0943],[4179263.5971,2202153.4514],[4179269.86,2202139.9229],[4179277.6543,2202126.8286],[4179286.98,2202112.9486],[4179293.5286,2202103.8686],[4179296.04,2202100.2629],[4179305.5343,2202088.42],[4179316.7029,2202077.9943],[4179328.9886,2202069.2971],[4179343.5514,2202064.9086],[4179357.7,2202064.0943],[4179372.26,2202064.2943],[4179401.2743,2202067.96],[4179415.4286,2202067.14],[4179430.0114,2202067.1571],[4179434.48,2202067.1314],[4179445.5486,2202069.1629],[4179458.8429,2202064.3657],[4179469.6029,2202055.2229],[4179480.4771,2202043.8914],[4179489.9714,2202032.0514],[4179491.6486,2202028.8771],[4179496.2371,2202018.52],[4179504.3971,2201989.4886],[4179512.9657,2201959.1829],[4179518.3657,2201943.98],[4179523.7743,2201928.7714],[4179531.8571,2201914.2943],[4179542.1857,2201904.3086],[4179554.4714,2201895.6114],[4179567.1943,2201890.0571],[4179588.6171,2201881.9143],[4179597.5543,2201879.5629],[4179614.7886,2201878.1971],[4179640.18,2201883.7514],[4179666.4029,2201888.8686],[4179696.4057,2201896.6229],[4179712.1257,2201905.0714],[4179728.2657,2201912.2543],[4179757.7371,2201921.1657],[4179773.7086,2201924.0029],[4179790.2514,2201927.6114],[4179821.1086,2201937.0429],[4179835.0143,2201944.1371],[4179847.6657,2201953.14],[4179859.6057,2201967.0971],[4179865.9429,2201974.9486],[4179878.0114,2201980.8857],[4179893.3114,2201988.4971],[4179922.4543,2201984.1314],[4179935.1743,2201978.5771],[4179947.0543,2201973.4514],[4179972.3743,2201959.9257],[4179985.0943,2201952.0629],[4179998.1057,2201942.8171],[4180003.6743,2201934.2514],[4180006.9714,2201919.0743],[4180011.8343,2201905.22],[4180020.06,2201895.2714],[4180029.5543,2201885.7286],[4180040.4343,2201874.4],[4180050.3314,2201861.28],[4180062.0086,2201832.5457],[4180071.5514,2201804.0371],[4180081.4743,2201793.0314],[4180093.6229,2201784.4114],[4180104.5257,2201777.4943],[4180116.8429,2201773.2086],[4180143.04,2201771.62],[4180157.6029,2201771.8229],[4180184.6629,2201771.9086],[4180197.12,2201772.1514],[4180224.7486,2201779.8971],[4180252.9343,2201786.3],[4180284.0571,2201789.9286],[4180311.2857,2201798.9514],[4180338.8971,2201802.2829],[4180353.0514,2201801.4686],[4180366.7686,2201799.8143],[4180398.5429,2201791.9543],[4180426.6857,2201785.9857],[4180441.3914,2201783.8286],[4180455.54,2201783.0171],[4180471.1029,2201784.8257],[4180485.6857,2201787.1571],[4180493.3829,2201788.8057],[4180510.3571,2201793.26],[4180523.0971,2201792.1143],[4180533.5914,2201784.18],[4180536.9229,2201775.7229],[4180534.7714,2201761.0829],[4180533.1971,2201751.8086],[4180531.7714,2201747.0714],[4180530.0286,2201731.16],[4180528.8543,2201716.0114],[4180530.6343,2201702.6943],[4180537.0429,2201691.3914],[4180547.0886,2201682.8114],[4180557.9914,2201675.8943],[4180571.1429,2201668.88],[4180583.7457,2201663.2057],[4180596.6086,2201659.88],[4180608.08,2201656.0257],[4180618.9886,2201649.12],[4180627.64,2201640.0086],[4180639.24,2201628.1314],[4180656.3657,2201601.1743],[4180666.2657,2201588.0571],[4180677.1457,2201576.7314],[4180696.1429,2201557.6514],[4180706.0371,2201544.5371],[4180715.3943,2201530.46],[4180722.6143,2201516.6114],[4180730.7029,2201502.14],[4180742.9514,2201478.7771],[4180753.5,2201454.1743],[4180759.3371,2201439.8029],[4180763.3629,2201426.3886],[4180776.3514,2201415.0314],[4180790.4486,2201405.3857],[4180801.3571,2201398.4829],[4180813.0971,2201391.1314],[4180828.9286,2201387.1486],[4180846.5743,2201384.52],[4180872.7743,2201382.9229],[4180897.1629,2201384.58],[4180922.9571,2201386.56],[4180938.5229,2201390.68],[4180952.8429,2201396.5057],[4180966.2971,2201398.3543],[4180969.3771,2201397.8086],[4180979.4743,2201398.0514],[4180994.5857,2201396.9143],[4181015.8829,2201394.5114],[4181026.7886,2201387.5971],[4181030.1143,2201379.1457],[4181028.1343,2201371.1514],[4181013.7486,2201343.9343],[4181013.18,2201343.1743],[4181007.1143,2201329.5143],[4181000.18,2201316.48],[4180993.6829,2201301.9886],[4180987.4771,2201288.4],[4180982.7914,2201272.9543],[4180982.1486,2201248.5057],[4180983.6629,2201240.9943],[4180987.5571,2201235.6029],[4181001.12,2201227.3171],[4181015.7,2201225.04],[4181031.2714,2201229.16],[4181056.5343,2201242.74],[4181068.1914,2201249.9486],[4181095.16,2201267.08],[4181116.3629,2201279.4171],[4181146.0086,2201297.2829],[4181159.6057,2201303.6571],[4181174.6171,2201304.5229],[4181187.4829,2201301.1886],[4181199.2486,2201295.9629],[4181210.7057,2201290.0057],[4181222.4657,2201284.7714],[4181235.62,2201277.7571],[4181248.7486,2201268.62],[4181259.0771,2201258.6486],[4181268.1457,2201248.2657],[4181273.8857,2201244.0514],[4181278.6229,2201238.22],[4181282.3743,2201230.6],[4181286.14,2201222.9886],[4181291.5457,2201207.7886],[4181297.38,2201191.12],[4181303.6286,2201175.48],[4181314.8829,2201145.9171],[4181325.26,2201114.6714],[4181334.2857,2201089.6229],[4181339.1686,2201083.7286],[4181345.5971,2201079.1429],[4181352.1829,2201076.7886],[4181366.3314,2201075.9657],[4181380.0771,2201076.4371],[4181412.16,2201077.4514],[4181417.3514,2201076.8771],[4181424.36,2201075.3571],[4181437.6514,2201072.8714],[4181450.54,2201071.6514],[4181476.7457,2201072.3657],[4181478.0114,2201072.7743],[4181490.4886,2201072.8229],[4181521.76,2201080.9971],[4181545.0657,2201093.2971],[4181566.8686,2201113.1171],[4181575.7514,2201132.0343],[4181578.5914,2201139.4057],[4181571.4086,2201170.22],[4181563.24,2201201.5429],[4181563.4029,2201205.8829],[4181564.4371,2201216.5057],[4181572.6257,2201238.0829],[4181577.5486,2201243.3171],[4181589.7571,2201251.4686],[4181604.5143,2201255.84],[4181610.2543,2201256.2229],[4181624.24,2201248.7657],[4181636.9629,2201240.92],[4181650.9486,2201233.4629],[4181665.4886,2201226.9686],[4181692.6286,2201214.7971],[4181700.9114,2201211.3857],[4181707.6029,2201206.84],[4181717.96,2201198.98],[4181724.3486,2201187.8686],[4181733.9229,2201159.18],[4181742.5171,2201133.2857],[4181745.8086,2201107.8657],[4181745.12,2201076.8971],[4181745.2229,2201062.1543],[4181745.7314,2201046.1457],[4181746.7943,2201033.3771],[4181749.9743,2201020.3914],[4181753.7114,2201008.3714],[4181762.9,2200987.6629],[4181773.7829,2200978.6371],[4181785.12,2200970.2714],[4181796.86,2200962.9229],[4181808.7429,2200957.8029],[4181822.8743,2200952.58],[4181837.3057,2200948.2743],[4181853.1371,2200944.2914],[4181883.2314,2200937.3086],[4181899.0657,2200935.6286],[4181912.3771,2200935.2571],[4181926.54,2200934.4429],[4181939.8286,2200931.96],[4181942.08,2200931.8571],[4181958.4571,2200928.8229],[4181974.7229,2200927.9857],[4181990.6914,2200928.5343],[4182018.3057,2200931.8743],[4182051.2743,2200938.9829],[4182066.8371,2200940.8086],[4182082.8314,2200943.4657],[4182098.9486,2200946.2371],[4182112.26,2200948.1629],[4182140.9,2200957.52],[4182153.3829,2200962.1914],[4182166.0286,2200968.8914],[4182188.6314,2200986.1571],[4182203.5286,2200997.3514],[4182228.24,2201009.9943],[4182237.0686,2201009.8286],[4182249.3829,2201005.5543],[4182259.4514,2200999.0771],[4182269.9286,2200989.0343],[4182279.7143,2200978.1057],[4182304.32,2200965.1457],[4182318.9057,2200965.1686],[4182334.0371,2200966.1514],[4182364.3343,2200972.5371],[4182389.0286,2200983.0629],[4182414.5543,2200990.8457],[4182441.24,2201001.2314],[4182456.94,2201005.2771],[4182482.3057,2201008.7314],[4182490.7257,2201007.5371],[4182504.2914,2201001.5543],[4182517.8714,2200993.08],[4182530.4286,2200983.1886],[4182541.1971,2200971.7514],[4182549.4029,2200957.4114],[4182555.2457,2200943.0429],[4182563.7629,2200929.42],[4182573.5314,2200916.38],[4182583.1629,2200906.7657],[4182594.4771,2200898.5886],[4182618.1114,2200883.8343],[4182623.4229,2200881.0743],[4182638.44,2200881.9429],[4182659.7371,2200884.1457],[4182675.4486,2200890.4943],[4182689.4943,2200899.82],[4182704.66,2200907.5229],[4182719.5429,2200916.4143],[4182743.8543,2200932.6343],[4182751.0029,2200935.64],[4182758.5571,2200932.7829],[4182770.7514,2200928.3857],[4182780.8057,2200919.8057],[4182788.0571,2200905.7771],[4182802.0429,2200860.2771],[4182814.1543,2200832.4029],[4182825.5514,2200809.6686],[4182834.2114,2200798.26],[4182844.14,2200789.56],[4182850.7171,2200787.2114],[4182866.8314,2200789.9857],[4182895.8743,2200800.38],[4182923.2486,2200811.64],[4182948.66,2200821.6229],[4182962.9543,2200825.34],[4182977.2543,2200826.7571],[4182991.8343,2200826.7886],[4183005.1514,2200826.4171],[4183018.4714,2200828.3429],[4183030.2829,2200837.7886],[4183039.0029,2200850.0686],[4183047.1743,2200859.0943],[4183055.8943,2200869.0743],[4183066.2914,2200878.1857],[4183078.5057,2200886.34],[4183092.4143,2200895.7486],[4183106.8714,2200903.8086],[4183134.9429,2200912.4086],[4183148.8086,2200912.9943],[4183163.2286,2200906.3857],[4183174.9743,2200896.7429],[4183181.7943,2200886.4771],[4183188.6429,2200876.0257],[4183199.2029,2200851.4314],[4183207.1457,2200837.0286],[4183217.0543,2200823.9171],[4183227.5343,2200813.8771],[4183239.6857,2200805.2657],[4183244.8771,2200802.3943],[4183252.2914,2200797.3029],[4183276.9029,2200784.3429],[4183289.5086,2200778.6771],[4183304.2114,2200776.5314],[4183319.3486,2200777.5143],[4183345.1686,2200783.92],[4183359.16,2200776.4771],[4183376.36,2200768.6],[4183397.22,2200757.4171],[4183448.0,2200730.5057],[4183455.5486,2200729.94],[4183479.6743,2200732.8029],[4183494.0971,2200728.5029],[4183516.9143,2200716.2943],[4183538.7314,2200704.7886],[4183555.2743,2200706.1086],[4183571.2743,2200708.7714],[4183600.7257,2200715.5886],[4183606.8971,2200716.8057],[4183622.44,2200714.2257],[4183636.8629,2200709.9143],[4183651.86,2200706.3771],[4183667.8114,2200702.5143],[4183682.8,2200698.98],[4183698.6343,2200694.9943],[4183709.1086,2200689.5543],[4183721.0229,2200684.26],[4183737.42,2200685.6457],[4183752.5571,2200688.9286],[4183767.2857,2200688.8943],[4183794.3314,2200691.4857],[4183820.9657,2200693.0486],[4183846.36,2200696.3086],[4183872.9914,2200697.8714],[4183900.4686,2200698.9971],[4183913.4943,2200700.0229],[4183929.3514,2200700.4571],[4183954.5571,2200697.2714],[4183961.1343,2200694.9229],[4183977.3714,2200687.3743],[4183988.2857,2200680.4657],[4183999.7629,2200674.3314],[4184014.16,2200665.6143],[4184029.8314,2200657.3029],[4184042.5571,2200649.4543],[4184056.5543,2200642.0114],[4184068.7286,2200633.2171],[4184081.4543,2200625.3686],[4184095.4257,2200615.8143],[4184121.5943,2200597.2714],[4184135.0229,2200589.0571],[4184146.48,2200580.8086],[4184156.4086,2200572.1143],[4184170.08,2200551.4],[4184178.3114,2200541.46],[4184187.4,2200533.2029],[4184198.3114,2200526.3057],[4184209.6514,2200520.2343],[4184222.7886,2200511.1143],[4184235.3657,2200501.0429],[4184243.4571,2200488.88],[4184252.1257,2200477.4857],[4184264.28,2200468.8771],[4184277.0057,2200461.0286],[4184287.9143,2200454.1229],[4184313.2514,2200440.6229],[4184328.6514,2200435.8057],[4184341.1343,2200438.1714],[4184352.3657,2200442.2543],[4184367.5,2200443.2429],[4184382.0914,2200443.2829],[4184395.3886,2200440.8029],[4184406.3229,2200436.0086],[4184417.78,2200430.06],[4184427.7029,2200423.6657],[4184436.7971,2200413.1057],[4184444.6057,2200402.3343],[4184455.4771,2200378.4657],[4184467.8514,2200355.2343],[4184473.6943,2200340.8714],[4184480.3857,2200326.0829],[4184494.8914,2200304.9257],[4184509.5429,2200283.7057],[4184521.9886,2200271.4057],[4184534.7114,2200261.2629],[4184544.62,2200250.4543],[4184553.5714,2200239.9714],[4184561.8029,2200230.0343],[4184570.04,2200220.1057],[4184588.8829,2200192.1029],[4184595.2943,2200185.4057],[4184607.9029,2200177.4486],[4184623.0143,2200174.0257],[4184647.8343,2200174.2371],[4184664.6286,2200169.9429],[4184680.3229,2200163.7486],[4184707.4686,2200149.2971],[4184736.6057,2200140.5486],[4184751.5771,2200137.2],[4184767.0057,2200134.4971],[4184779.3,2200128.1171],[4184789.7829,2200118.08],[4184806.8057,2200091.0229],[4184822.1514,2200064.8371],[4184830.7971,2200053.6314],[4184844.3229,2200028.3886],[4184856.9914,2200003.7629],[4184864.1029,2199989.8143],[4184874.1029,2199962.1657],[4184884.6857,2199937.3829],[4184887.9629,2199909.8571],[4184886.96,2199903.6571],[4184894.0543,2199885.2943],[4184899.4657,2199872.4],[4184912.5886,2199850.7229],[4184934.2286,2199823.58],[4184944.5629,2199811.3114],[4184956.2886,2199799.5629],[4184966.0829,2199788.6429],[4184976.1343,2199780.0743],[4184987.9057,2199772.5486],[4184999.7914,2199767.4371],[4185014.3629,2199765.3686],[4185026.8629,2199769.8486],[4185047.8229,2199792.4114],[4185056.1143,2199801.5514],[4185065.6714,2199811.1],[4185086.4857,2199829.1286],[4185093.8229,2199843.1971],[4185100.8657,2199858.6486],[4185106.1143,2199872.5571],[4185110.9114,2199885.8057],[4185115.4029,2199890.1943],[4185128.3143,2199893.4086],[4185140.7943,2199893.4771],[4185156.7743,2199894.0314],[4185173.1829,2199893.1314],[4185200.2486,2199895.5343],[4185213.9771,2199893.9029],[4185228.1171,2199890.9857],[4185241.7,2199887.12],[4185253.8829,2199878.3257],[4185282.1,2199848.82],[4185291.46,2199837.0686],[4185299.12,2199821.7686],[4185306.2143,2199805.7029],[4185318.9057,2199780.8971],[4185323.4857,2199766.1371],[4185329.2086,2199762.1143],[4185335.3743,2199761.0371],[4185361.4457,2199759.5371],[4185388.4971,2199759.8371],[4185402.22,2199755.8971],[4185414.8343,2199750.2486],[4185429.1143,2199747.26],[4185444.1114,2199746.0286],[4185457.86,2199746.4971],[4185470.7657,2199749.7],[4185478.9029,2199752.2114],[4185486.66,2199764.8057],[4185494.9714,2199778.3686],[4185508.4543,2199786.9371],[4185524.5943,2199794.14],[4185537.9371,2199798.1886],[4185551.4,2199800.0486],[4185564.9829,2199796.18],[4185575.4657,2199786.1457],[4185583.1257,2199773.1429],[4185587.5657,2199758.4571],[4185586.4086,2199743.32],[4185584.6743,2199727.4143],[4185584.2057,2199711.9086],[4185584.7229,2199695.9029],[4185590.7971,2199669.2286],[4185596.2143,2199654.0343],[4185603.3286,2199640.0857],[4185613.8086,2199630.04],[4185624.7229,2199623.1514],[4185650.8971,2199609.2143],[4185716.6657,2199574.3943],[4185727.0114,2199562.1343],[4185738.1886,2199549.4314],[4185748.12,2199538.4429],[4185757.6029,2199526.8057],[4185766.5543,2199516.3257],[4185774.3657,2199505.5543],[4185785.1114,2199492.02],[4185797.2857,2199480.9229],[4185820.9314,2199468.4857],[4185834.5229,2199462.32],[4185841.5286,2199460.8114],[4185848.6571,2199459.4114],[4185860.1371,2199455.58],[4185871.9143,2199450.3657],[4185888.1629,2199445.12],[4185904.9743,2199440.6514],[4185920.9514,2199441.2057],[4185935.5371,2199441.2429],[4185949.2486,2199435.2029],[4185959.0171,2199422.1743],[4185961.78,2199408.36],[4185962.8343,2199380.7486],[4185962.0771,2199366.6343],[4185968.4371,2199336.2743],[4185974.02,2199325.4171],[4185987.2829,2199308.28],[4185994.2743,2199304.6543],[4186008.84,2199297.9857],[4186029.8457,2199291.34],[4186044.1714,2199294.88],[4186068.8686,2199305.42],[4186091.2,2199315.9486],[4186102.4371,2199322.3314],[4186129.5457,2199339.4086],[4186153.26,2199350.4629],[4186168.56,2199355.7914],[4186183.72,2199358.8971],[4186209.3657,2199358.8657],[4186223.1143,2199357.04],[4186235.4371,2199355.0714],[4186250.4343,2199349.2457],[4186264.0029,2199340.9686],[4186275.18,2199330.5771],[4186282.4371,2199316.5571],[4186283.7914,2199302.4029],[4186279.1371,2199291.38],[4186269.6943,2199281.9429],[4186259.1629,2199272.9114],[4186239.6943,2199236.12],[4186234.76,2199220.6457],[4186232.1857,2199205.1771],[4186232.5457,2199182.5257],[4186233.7086,2199155.0314],[4186230.1629,2199140.0657],[4186226.32,2199126.4971],[4186223.7543,2199111.0257],[4186222.0229,2199095.12],[4186224.8857,2199066.5714],[4186235.8829,2199042.8257],[4186246.6571,2199031.4029],[4186258.8171,2199020.5029],[4186294.7771,2199001.5],[4186306.4143,2198994.0514],[4186328.9057,2198982.2429],[4186332.8514,2198980.1714],[4186345.4629,2198972.2171],[4186357.6229,2198963.6171],[4186371.2086,2198957.4543],[4186382.5343,2198949.2857],[4186394.3914,2198927.2171],[4186396.9086,2198921.3171],[4186407.7657,2198895.3457],[4186421.5829,2198874.5714],[4186428.2686,2198862.0771],[4186431.0257,2198848.2657],[4186430.8486,2198834.92],[4186430.8114,2198820.26],[4186430.06,2198803.8486],[4186430.0029,2198787.0743],[4186432.7686,2198770.9629],[4186440.2886,2198755.7371],[4186447.6829,2198746.24],[4186457.6257,2198737.56],[4186468.94,2198729.3857],[4186481.1257,2198720.5971],[4186494.4029,2198713.7143],[4186507.9914,2198707.5543],[4186522.5657,2198705.4886],[4186536.5857,2198702.4686],[4186547.5029,2198693.2714],[4186557.4343,2198684.5829],[4186575.0486,2198673.1571],[4186584.5714,2198668.0457],[4186589.1714,2198657.7],[4186617.5829,2198647.2286],[4186645.72,2198636.8657],[4186629.4943,2198597.6029],[4186613.4286,2198558.7343],[4186610.0943,2198551.7886],[4186606.7914,2198544.9143],[4186583.0029,2198504.9857],[4186559.4514,2198465.4571],[4186558.5971,2198464.0343],[4186527.8229,2198413.42],[4186479.6971,2198364.76],[4186473.4771,2198357.2229],[4186557.8171,2198317.6257],[4186983.1314,2198083.46],[4187456.3486,2197846.1457],[4191258.1714,2195889.0286],[4192791.7171,2195115.1114],[4193695.2257,2194645.7857],[4197257.0114,2192831.2171],[4200354.0286,2191253.4257],[4202324.7857,2190239.8257],[4202937.5886,2189924.6514],[4203736.5629,2189509.8429],[4203752.2,2189501.7229],[4203752.5086,2189502.3286],[4203834.9857,2189461.7514],[4205919.6229,2188446.4314],[4207072.5886,2187886.1457],[4210829.2514,2186071.0171],[4212968.6029,2190288.3886],[4213239.3829,2190817.7571],[4213732.1229,2190559.0229],[4214676.4057,2190066.7],[4217262.8457,2188710.5],[4221023.46,2186738.62],[4221300.6486,2186593.2714],[4221832.7543,2186310.44],[4222228.6743,2186099.9971],[4223560.2457,2185403.4971],[4224631.3743,2184835.5457],[4224735.1371,2184782.2086],[4224740.12,2184779.6257],[4224749.0971,2184769.9943],[4224754.1229,2184772.3714],[4224974.9314,2184657.7343],[4225678.9771,2184288.6686],[4228744.72,2182684.7371],[4227951.8,2181026.9771],[4233913.4571,2178062.1],[4234052.9829,2177987.08],[4234343.5857,2177845.3057],[4233255.8886,2175636.5114],[4232133.2629,2173361.5943],[4231976.1857,2173043.8943],[4231744.5971,2172575.4914],[4231159.3571,2171391.8029],[4231078.2743,2171227.8086],[4230560.02,2170179.9343],[4230544.02,2170147.5829],[4230457.1857,2169972.0143],[4230199.12,2169450.2171],[4230117.4714,2169279.6543],[4230090.6229,2169223.0143],[4230014.0057,2169061.3829],[4230000.0629,2169031.9714],[4229986.0857,2169002.4857],[4229642.6886,2168278.0686],[4230572.82,2167727.8171],[4230412.2771,2167328.1686],[4230908.5143,2167062.2971],[4230966.34,2167031.3171],[4231230.7143,2166889.6714],[4232440.9314,2166241.2657],[4232317.6657,2165903.0143],[4232265.6257,2165760.2143],[4232079.8829,2165250.5229],[4232612.5229,2164952.2514],[4232613.4057,2164942.8629],[4234468.4829,2164067.9486],[4234541.9829,2164033.1714],[4234663.48,2163975.3771],[4234882.7714,2163870.7857],[4235027.9286,2163801.9171],[4234974.1314,2163697.7343],[4234852.3,2163462.8029],[4234694.9343,2163159.2486],[4234642.7143,2163058.5143],[4233253.7714,2160343.4143],[4233716.3714,2160130.0086],[4233597.8457,2159908.3743],[4233374.38,2159490.5],[4232444.9686,2157799.7057],[4232446.0714,2157799.1943],[4234673.62,2156762.0257],[4236158.5714,2156249.8257],[4236279.7314,2156166.2571],[4237328.1771,2155443.1343],[4237677.2943,2155193.2457],[4237870.6943,2155060.7657],[4238448.4686,2154758.7114],[4239306.4229,2154310.18],[4240110.7029,2153850.7971],[4240953.6829,2153451.7486],[4241450.9143,2153580.7514],[4241451.2886,2153581.5229],[4242069.8629,2153699.3743],[4242229.0057,2153731.8114],[4243778.1,2154044.9371],[4245044.5086,2154311.8629],[4245949.78,2154520.8057],[4246587.4286,2154810.26],[4247425.2286,2154954.38],[4247425.6486,2154954.4514],[4248279.3057,2155114.7971],[4250432.8257,2155401.2429],[4251356.6686,2155306.5171],[4252612.4829,2155137.1857],[4252738.3057,2155120.22],[4253204.4514,2155101.9486],[4253797.1714,2154948.7514],[4253903.3914,2154910.1486],[4254231.1486,2154768.0771],[4254783.4343,2154139.7743],[4255582.1971,2153769.8286],[4255786.2429,2153508.3371],[4255954.2,2153471.7886],[4256343.2943,2153255.9743],[4256346.5057,2153253.2543],[4256461.3286,2153156.9571],[4256451.2543,2153138.0829],[4256666.6657,2152766.6343],[4257374.5286,2152573.7257],[4257556.98,2152285.2229],[4258054.38,2151498.7029],[4258168.0029,2151441.0857],[4258834.9171,2151081.8629],[4259251.9571,2150857.0571],[4259394.5171,2150781.1343],[4260528.9029,2150187.8457],[4260628.4543,2150135.7829],[4260852.4886,2150021.0486],[4260852.9257,2150021.9486],[4260893.4543,2150105.5886],[4261083.3857,2150491.5971],[4261083.8914,2150491.3343],[4261349.0171,2150992.4743],[4261413.8057,2150961.6171],[4263111.6343,2150210.2686],[4263756.36,2149924.9571],[4263914.8029,2149840.1486],[4264935.7029,2149982.1829],[4265698.1314,2149519.7143],[4265701.1229,2149517.9],[4266676.9829,2148953.0429],[4266983.1886,2148775.7971],[4268051.2771,2148105.9029],[4271559.1743,2145509.3543],[4271893.0829,2145330.4943],[4273148.2514,2144663.3486],[4274594.0029,2143894.9],[4275883.8571,2143231.3686],[4277117.0914,2142596.9629],[4277566.02,2142423.8914],[4278085.6114,2142216.9943],[4278431.2257,2142064.2914],[4279908.3771,2141283.74],[4279999.3743,2141239.96],[4281377.3571,2140595.0914],[4282544.0343,2140005.8571],[4283392.0629,2139577.56],[4283969.6343,2139290.7343],[4284537.2886,2139057.84],[4284542.3486,2139029.6829],[4284556.6943,2139006.9971],[4284607.5657,2138957.2857],[4284631.6171,2138940.4],[4284703.8829,2138906.1286],[4284756.2143,2138858.4771],[4285180.0057,2138663.4743],[4286957.5229,2137845.58],[4288435.2086,2137222.9057],[4288472.6943,2137297.5657],[4288581.7543,2137515.6343],[4289283.1029,2138794.7029],[4289545.84,2139257.1657],[4289725.3286,2139542.5914],[4290177.32,2140336.0171],[4290231.7657,2140452.3743],[4290285.2229,2140570.2486],[4290584.98,2141315.7714],[4291182.88,2142553.2543],[4291633.9314,2143519.2829],[4291852.6314,2143987.6857],[4292805.3886,2146028.2343],[4293737.2686,2148024.0743],[4294663.0057,2150005.8686],[4294770.28,2150240.3257],[4294855.5086,2150428.5971],[4295143.7686,2151076.7857],[4295906.9057,2152743.2286],[4296004.3171,2152972.8029],[4296058.7914,2153075.2829],[4297590.2543,2156122.9714],[4298293.8771,2157523.2229],[4298292.8543,2157523.74],[4298433.9686,2157808.36],[4299298.4486,2159598.3429],[4299347.2543,2159700.7171],[4299629.4457,2159966.8457],[4300119.26,2159782.5229],[4300460.42,2159853.8171],[4300745.8457,2160042.4229],[4300752.86,2160047.0686],[4300911.5829,2160269.88],[4301048.2029,2160461.6629],[4301416.0257,2160571.4343],[4301943.1143,2160571.4829],[4302446.6343,2161106.8286],[4303360.0543,2161317.8514],[4303831.1857,2161397.14],[4304166.3686,2161453.5457],[4304183.9714,2161456.5086],[4304549.0857,2161517.9229],[4304793.9343,2161531.6314],[4306294.0029,2161615.6257],[4307912.4771,2161511.2857],[4308336.9314,2161399.4943],[4309014.9743,2161215.0829],[4309648.3171,2160953.3629],[4310882.2343,2159500.3629],[4311830.8057,2158905.1743],[4311992.6429,2158931.2486],[4312698.9771,2159045.0457],[4312826.6429,2159065.9],[4312988.7314,2159227.7171],[4313142.0657,2159380.3371],[4313268.6486,2159507.8686],[4313351.8686,2159588.3257],[4313438.9229,2159672.4857],[4313440.7571,2159968.5714],[4313440.76,2159990.4114],[4313855.3457,2160139.4486],[4314757.6714,2159925.7371],[4315716.2971,2159897.0343],[4315769.8686,2159895.0571],[4316147.1171,2160072.9143],[4316467.2371,2160217.9571],[4316725.54,2160750.3857],[4316730.16,2160788.6143],[4316848.9457,2161814.0086],[4316802.9086,2162034.8486],[4316703.5543,2162511.4171],[4316194.2229,2163204.1486],[4315353.1286,2164348.1057],[4315915.0457,2164948.3514],[4317050.4857,2164611.0229],[4317514.8,2163997.9429],[4318393.8057,2163927.8114],[4319089.7343,2164174.1914],[4319932.3429,2164756.84],[4320522.6086,2165738.9771],[4321002.7686,2166535.0143],[4321486.9171,2167337.6657],[4321782.0257,2168290.9743],[4322454.42,2168560.8714],[4322845.5743,2168641.04],[4323224.8543,2169008.0257],[4323482.2743,2168521.5914],[4323619.4029,2168451.3686],[4324240.3343,2168133.3857],[4325059.2886,2168220.6229],[4325536.24,2167892.7543],[4326673.6829,2167048.6286],[4327114.3429,2166513.7514],[4327762.4657,2166100.9714],[4328373.6314,2166199.9314],[4328704.7229,2166884.4571],[4328706.0314,2167409.9429],[4328805.2029,2168057.6514],[4328808.2686,2168131.3086],[4328828.0171,2168682.62],[4329204.4343,2168990.0657],[4329883.04,2170112.7829],[4329709.8686,2170872.9286],[4329617.04,2170856.44],[4329111.4029,2170765.3971],[4328109.6771,2171696.5257],[4328377.1971,2172124.9286],[4328461.5143,2172846.6771],[4328229.0743,2173348.3886],[4327960.1629,2173740.1114],[4327973.9229,2173781.7171],[4328021.5371,2173925.2457],[4328094.1914,2174144.2429],[4328496.5086,2174353.4571],[4329679.0886,2174700.1257],[4330579.5771,2175363.0229],[4330939.8914,2176073.2971],[4331421.3886,2177106.8686],[4331427.1,2177119.1314],[4331439.5057,2177123.0086],[4331462.8171,2177135.3286],[4331474.0343,2177141.7771],[4331491.5714,2177151.6514],[4331504.1486,2177162.8457],[4331514.9943,2177175.04],[4331528.4229,2177185.8286],[4331533.7829,2177187.44],[4331562.4714,2177199.2657],[4331569.1029,2177201.3171],[4331579.3457,2177205.12],[4331588.7543,2177211.2114],[4331592.8943,2177218.9629],[4331592.7914,2177233.6114],[4331594.2714,2177238.4714],[4331600.8657,2177259.6543],[4331603.6343,2177264.7657],[4331613.7571,2177286.3514],[4331620.7571,2177299.5171],[4331624.8629,2177309.5514],[4331633.1314,2177323.1486],[4331642.1771,2177333.9486],[4331646.7086,2177342.7286],[4331657.3914,2177365.0943],[4331653.66,2177377.1343],[4331646.9143,2177391.8343],[4331641.3829,2177400.3886],[4331632.1857,2177408.6086],[4331623.4886,2177413.1229],[4331618.7086,2177419.06],[4331614.5429,2177432.3571],[4331613.5514,2177449.6886],[4331610.7486,2177465.6286],[4331612.5429,2177485.9857],[4331611.7571,2177490.8771],[4331611.5514,2177491.08],[4331614.18,2177502.5257],[4331668.8,2177740.4371],[4331715.6,2177954.9171],[4331765.2886,2178204.1914],[4331753.1114,2178243.7457],[4331579.8229,2178802.6286],[4331552.62,2178890.0486],[4331537.1457,2178939.7686],[4331280.6171,2179457.8571],[4331152.34,2179790.4857],[4331556.9029,2180654.2314],[4331613.7086,2180775.5143],[4331758.5057,2181234.7543],[4331831.5371,2181466.3914],[4331946.7829,2182272.4743],[4331887.0771,2182544.0943],[4331844.1286,2182739.48],[4331292.7143,2182712.72],[4330497.6429,2182377.6229],[4330164.2257,2182428.22],[4329894.8114,2183323.8086],[4329420.3143,2183707.2114],[4328791.9571,2183552.0457],[4328137.9486,2183345.5171],[4327676.2857,2183652.1029],[4327765.9629,2184023.1429],[4327612.02,2184496.52],[4328458.06,2184802.4029],[4329060.5457,2184929.3686],[4329291.24,2185364.2943],[4329201.4371,2185658.5571],[4329483.4257,2185991.0229],[4329561.8657,2186031.3371],[4329600.8771,2186051.3857],[4329880.8057,2186195.2571],[4330205.4086,2186244.54],[4330380.7429,2186271.16],[4330765.2914,2186565.0657],[4331239.5886,2186705.0971],[4331816.4257,2187049.9086],[4332354.8029,2186702.4371],[4332880.3743,2186534.6429],[4333010.6486,2186827.24],[4333187.9486,2187225.4543],[4332803.1886,2187775.4057],[4332161.9857,2188209.7571],[4331832.4971,2188841.6914],[4332175.9429,2190083.1857],[4332436.0057,2190616.78],[4332710.5429,2191020.5],[4333172.9086,2191799.1743],[4333591.9314,2192476.8943],[4333938.7371,2192822.7943],[4334574.5743,2193225.9771],[4335080.3714,2193123.7543],[4335485.0114,2193209.64],[4335875.1657,2193613.2114],[4336077.3943,2194276.6857],[4336236.1971,2195322.4514],[4336308.4029,2195668.6286],[4336395.0429,2196130.2029],[4336394.9743,2196519.6714],[4336235.8829,2197024.4829],[4336235.7971,2197500.5],[4336293.5029,2198091.9057],[4337030.4829,2198725.9057],[4337276.1229,2199071.9429],[4337738.5,2199764.0429],[4337637.0257,2201401.2371],[4337449.0571,2201732.9057],[4336870.7914,2201789.5429],[4336523.8286,2201933.3229],[4336249.1229,2202279.3229],[4336075.6314,2202452.2714],[4335743.1257,2202306.9971],[4335020.2743,2201900.6057],[4333791.4429,2201334.1629],[4333328.8229,2201101.8514],[4333111.9743,2201144.7657],[4332952.9257,2201389.8886],[4332752.6771,2201806.4429],[4332446.6314,2202443.3457],[4331853.6257,2203071.18],[4332936.8171,2204615.7629],[4333276.4714,2205064.7286],[4333967.8257,2205172.0629],[4334749.6114,2205865.0771],[4334991.7,2206481.3714],[4335011.1629,2206804.5743],[4335013.5714,2206844.5743],[4335035.5514,2206965.64],[4334870.1657,2207174.6971],[4334945.0,2207581.5286],[4335204.0914,2207538.0457],[4335449.4714,2208245.5029],[4335467.9429,2208505.5371],[4335478.32,2208649.7314],[4335290.6571,2209183.7229],[4334828.34,2209356.4686],[4334467.1971,2209688.2114],[4334192.74,2209976.7229],[4334192.8914,2210337.56],[4334352.14,2210914.8657],[4334309.0514,2211564.3686],[4334121.4771,2212307.6571],[4334006.0429,2212769.5057],[4334468.7971,2213028.9229],[4334570.0971,2213303.1343],[4334281.3114,2213938.1143],[4334006.9343,2214457.62],[4333974.4571,2214882.6771],[4333891.2457,2215971.6429],[4333789.4457,2217282.6029],[4333730.8857,2218020.5429],[4333672.5543,2218526.9714],[4333136.9743,2219091.5029],[4333641.9629,2219829.6057],[4334161.5629,2219310.04],[4334421.2514,2219715.2629],[4334579.9857,2219917.8914],[4334695.5,2219932.4714],[4335330.7771,2220207.8314],[4335922.6314,2220671.1543],[4335458.7886,2221893.9029],[4335140.0057,2222617.44],[4334714.9057,2223398.3714],[4334690.9857,2223442.3114],[4334401.3314,2223934.3543],[4334155.2543,2224194.9057],[4333663.3229,2224209.88],[4332968.3571,2225150.6286],[4334051.12,2225824.0914],[4334455.4114,2225925.7114],[4334715.2743,2226085.0286],[4334671.6886,2226302.0714],[4334425.2829,2226938.7714],[4334627.1314,2227401.8343],[4334901.1,2227995.1429],[4335305.1714,2228487.2514],[4335766.8543,2229181.9286],[4336214.2143,2229731.9314],[4337094.8286,2230340.1343],[4338209.3629,2230664.3343],[4339015.1914,2230898.7371],[4340401.3743,2230900.2114],[4341455.4343,2231103.7057],[4341945.8114,2232029.8714],[4341786.38,2232435.0429],[4341540.0286,2233013.8714],[4341206.84,2233679.5429],[4341090.6714,2234200.4514],[4340786.4257,2234837.1714],[4340554.88,2234996.4657],[4340453.4343,2235242.4629],[4340583.2886,2235430.6086],[4340537.4829,2235507.8514],[4340467.4286,2235625.9771],[4340351.5857,2235799.6486],[4340322.3286,2236146.9114],[4340365.38,2236450.7714],[4340206.08,2236711.2657],[4339945.4829,2237044.1571],[4339713.9829,2237087.7686],[4339308.5371,2237695.6086],[4339062.1057,2238361.2457],[4339018.4629,2238636.1657],[4339026.6229,2238673.1057],[4339076.0114,2238896.62],[4339292.52,2239099.2886],[4339638.8771,2239504.5657],[4340259.66,2239895.6029],[4342425.4,2240772.5486],[4343087.0971,2240810.4971],[4343490.8086,2240833.6486],[4346020.8086,2240978.7314],[4346786.0057,2240596.6086],[4347623.3971,2241002.3086],[4349529.3629,2241394.6343],[4350236.8543,2241626.6886],[4350467.86,2241742.5943],[4350944.3543,2241685.2886],[4351680.7371,2241476.5171],[4352416.3686,2240162.8057],[4352863.8714,2239816.5143],[4355317.9943,2241590.34],[4356068.7629,2241952.5771],[4356501.4457,2242777.4371],[4357223.3457,2243096.2657],[4357511.5171,2242244.4343],[4358724.22,2242983.0971],[4358853.8371,2243431.6657],[4358997.9571,2243822.3657],[4359344.4343,2244046.8371],[4359503.2543,2243974.7543],[4359994.0743,2243614.0543],[4360167.2543,2243816.6914],[4360368.7829,2244612.5286],[4360830.1343,2245683.36],[4361147.7714,2245539.1914],[4362418.3314,2245005.8571],[4362851.48,2245179.8029],[4363573.44,2245310.6686],[4363846.5086,2245563.4714],[4363943.6171,2245653.7943],[4364450.7943,2245641.2143],[4364831.3371,2245368.7343],[4365394.5886,2245979.7943],[4365638.2943,2246681.8829],[4363448.9086,2250536.7914],[4366508.2714,2251459.1543],[4366797.6229,2252146.0343],[4366189.38,2252940.1714],[4366144.0829,2253916.8257],[4365863.0514,2255137.7343],[4366395.7714,2255238.2371],[4367306.3571,2255404.88],[4367321.4686,2255494.1429],[4367354.9171,2255588.2657],[4367344.2743,2255648.6371],[4367269.9943,2255773.88],[4367253.6914,2255836.12],[4367262.7543,2255839.2286],[4367152.1114,2256098.8686],[4366521.7629,2256818.7771],[4366431.7657,2257373.8171],[4368593.7143,2258813.1771],[4368510.2514,2259348.8343],[4368233.7457,2261123.3629],[4368834.3171,2261873.2886],[4368143.9886,2263193.2886],[4366643.0857,2264062.7943],[4366643.1914,2264902.8686],[4368324.6829,2265592.1829],[4368895.1971,2265952.0029],[4370156.3143,2266491.5029],[4370066.2886,2266791.52],[4369105.9,2269191.6057],[4369556.3314,2269791.56],[4371087.6971,2270571.0086],[4371598.1743,2271110.9171],[4372739.1771,2271320.3086],[4373880.1771,2271229.4829],[4374180.4829,2270658.6286],[4374420.74,2270117.8314],[4374841.1314,2269667.0886],[4375952.1114,2269366.1]]]}},{"type":"Feature","properties":{"CARUID":"5904","CARENAME":"Kootenay","LANDAREA":57672.9551},"geometry":{"type":"Polygon","coordinates":[[[4556246.5257,2001695.9629],[4556130.6371,2001399.0143],[4556318.9886,2001428.0229],[4556851.4371,2001496.9257],[4557104.9857,2001547.6743],[4557286.0971,2001366.6171],[4557496.1771,2001417.3571],[4557829.4171,2001670.9629],[4558495.8857,2001620.3629],[4558503.1486,2001250.9829],[4558662.5286,2000946.7914],[4558655.2914,2000838.1514],[4558829.1514,2000765.7429],[4559249.3171,2000831.0086],[4559633.2629,2000649.9771],[4559908.5457,2000613.8],[4560089.6571,2000331.3429],[4559959.2829,1999932.9971],[4559988.2714,1999672.2543],[4560082.4571,1999411.52],[4560278.0543,1999201.4914],[4560039.0229,1998846.6086],[4559756.5257,1998651.08],[4559325.5371,1998234.6486],[4559311.0686,1997879.7543],[4559325.5657,1997604.5314],[4559332.8229,1997307.5743],[4559195.2114,1996815.0714],[4559542.9314,1996829.6171],[4559832.7029,1996713.7629],[4560289.1086,1996032.9657],[4560832.4286,1995670.8771],[4560948.3429,1995439.1143],[4561035.2857,1995120.4314],[4561292.4543,1995102.3657],[4561393.8743,1995095.1371],[4561343.1714,1994993.74],[4561451.8457,1994711.2771],[4562082.1,1994262.2771],[4562625.42,1993943.6457],[4562828.26,1993987.1429],[4563342.6,1993777.1571],[4563560.9743,1993479.8829],[4563683.0914,1993313.64],[4564219.1686,1992958.7914],[4564215.5914,1991926.7],[4564376.2514,1990675.2343],[4564385.8914,1990588.2629],[4564403.0371,1990559.6743],[4564399.9257,1990547.0],[4564391.6229,1990541.54],[4564402.8743,1990449.8143],[4565547.4143,1989095.0514],[4565699.5343,1989174.72],[4565989.2914,1989218.1571],[4566351.4886,1989218.1257],[4566644.8657,1988953.6886],[4566862.1829,1988823.2743],[4566876.6714,1988366.8714],[4566949.1114,1988004.6429],[4566666.5971,1987830.76],[4566471.0114,1987642.3971],[4566398.5743,1987432.3029],[4566514.4771,1987287.4086],[4566340.6229,1986910.6886],[4566318.8914,1986780.2886],[4566304.4029,1986251.4371],[4566263.4257,1985903.1],[4566260.94,1985881.9657],[4566203.1743,1985751.9829],[4566202.9886,1985751.5629],[4566054.4857,1985689.9743],[4565815.4371,1985552.3171],[4565656.0714,1985523.3286],[4565438.7543,1985581.26],[4565192.46,1985639.1914],[4564902.7057,1985660.8971],[4564728.8514,1985566.7086],[4564547.7514,1985595.6657],[4564497.0457,1985537.7086],[4564417.3629,1985320.3714],[4564410.1171,1985117.5257],[4564149.3371,1984806.0029],[4563939.2629,1984545.1943],[4563511.8714,1984414.7657],[4563033.7743,1984262.6],[4562852.6771,1984248.0971],[4562903.3829,1983755.4657],[4562983.0657,1983385.9943],[4563026.5286,1983313.5486],[4563280.0686,1983241.0857],[4563446.6771,1982755.7],[4563417.7,1982502.14],[4563529.9829,1982324.6457],[4564189.1771,1982085.5371],[4564008.08,1982013.08],[4563964.6171,1981947.88],[4563906.6657,1981781.2543],[4563790.7629,1981592.8943],[4563638.64,1981274.1314],[4563515.4943,1980861.1943],[4562914.2486,1980426.4914],[4562943.2257,1980114.9771],[4562907.0057,1979861.4171],[4562776.6143,1979535.4143],[4562769.3714,1979252.8743],[4562863.5429,1979013.8057],[4562968.5771,1979031.9029],[4563084.48,1978843.5457],[4563084.48,1978763.8543],[4563380.62,1978672.2943],[4563482.8971,1978640.6714],[4563453.92,1978575.4714],[4563620.5314,1978539.2371],[4563721.9457,1978539.2286],[4564018.9457,1978589.9114],[4564279.7257,1978481.2257],[4564410.1171,1978394.2857],[4564533.2629,1978227.6571],[4564678.1429,1978147.96],[4564924.4343,1977879.9029],[4565112.7771,1977698.7857],[4565315.6057,1977575.6171],[4565344.5829,1977416.24],[4565286.6314,1977169.9229],[4565112.7771,1976930.8486],[4565330.0943,1976785.9457],[4565590.8771,1976698.9971],[4565742.9971,1976575.8343],[4565804.5714,1975999.8943],[4565797.3286,1975869.4914],[4565848.0343,1975550.7286],[4565790.0829,1975413.0829],[4565739.3771,1975130.5457],[4565645.2057,1975065.3429],[4565659.6943,1974717.6029],[4565804.5714,1974500.2657],[4566014.6457,1974304.6543],[4566195.7429,1974261.1714],[4566514.4743,1974181.4629],[4566586.9143,1974051.06],[4566572.4257,1973804.7457],[4566492.7429,1973391.8057],[4566637.6229,1973065.7971],[4566659.3543,1972797.7514],[4566637.6229,1972544.1943],[4566608.6457,1972421.0343],[4566717.3057,1972363.0714],[4566833.2086,1972392.04],[4567028.7943,1972377.5343],[4567101.2314,1972326.8171],[4567369.2571,1972167.4257],[4567709.72,1972102.2],[4567876.3286,1971892.1029],[4567948.7686,1971942.8057],[4568021.2057,1972123.8857],[4568064.6714,1972558.4829],[4568166.0857,1972739.5657],[4568347.1829,1972833.7143],[4568510.1714,1972931.4943],[4568582.6114,1972895.2657],[4568560.8771,1972779.3543],[4568539.1457,1972518.5514],[4568553.6343,1972207.0371],[4568597.0971,1971989.7],[4568684.0257,1971953.4714],[4568857.88,1971917.2371],[4569017.2457,1971866.5143],[4569220.0743,1971721.6143],[4569350.4657,1971678.14],[4569654.7086,1971656.38],[4569857.54,1971663.6086],[4569929.98,1971591.16],[4570096.5886,1971576.6571],[4570255.9543,1971591.1314],[4570379.1029,1971663.56],[4570458.7857,1971627.3314],[4570473.2714,1971446.22],[4570610.9057,1971228.88],[4570581.9314,1971011.5429],[4570567.4429,1970750.74],[4570596.42,1970526.16],[4570705.0771,1970323.3086],[4571165.0657,1970341.38],[4571469.3114,1970334.1086],[4571541.7514,1970247.1743],[4571628.6771,1970015.3457],[4571621.4343,1969834.2343],[4571585.2143,1969660.3657],[4571845.9943,1969667.5857],[4572150.24,1969370.5486],[4572541.4114,1969624.0457],[4572867.3857,1969739.92],[4572932.5829,1969863.0543],[4573149.9,1969855.7914],[4573591.7771,1969848.5086],[4573910.5114,1969928.1657],[4573903.2657,1969826.74],[4573816.34,1969594.9143],[4573910.5114,1969457.2629],[4573979.3286,1969200.0857],[4574001.06,1968939.28],[4574044.5229,1968598.7857],[4573979.3286,1968381.4514],[4573885.1571,1968171.3571],[4573870.6686,1967939.5314],[4574500.8886,1967830.82],[4574863.0857,1967881.4943],[4575109.38,1967569.9714],[4575102.1343,1967417.8371],[4575319.4514,1967403.3314],[4575464.3314,1966946.9229],[4575732.3543,1966896.1914],[4576094.5514,1966990.3314],[4576601.6257,1967135.1629],[4577014.5286,1967352.44],[4577159.4057,1967272.7429],[4577260.8229,1967171.3171],[4576768.2343,1966990.1743],[4576695.7971,1966772.8371],[4576435.0143,1966606.2],[4576442.26,1966229.4857],[4576199.5886,1965972.2943],[4575815.66,1965979.5057],[4575395.5143,1965979.4686],[4575279.6114,1965972.2171],[4575221.66,1965791.1029],[4575192.6829,1965552.0314],[4575192.6829,1965378.1629],[4575141.9771,1965240.5143],[4575178.1971,1965001.4457],[4575170.9514,1964842.0657],[4575040.5629,1964769.6143],[4574902.9257,1964740.6257],[4574902.9257,1964197.2857],[4574960.8771,1963921.9943],[4575076.78,1963798.8343],[4575214.4143,1963588.7371],[4575257.88,1963393.1343],[4575525.9029,1962943.9657],[4575649.0514,1962712.14],[4575830.1486,1962538.2629],[4576290.1371,1962751.9171],[4576623.3571,1962107.1457],[4576500.2114,1962005.7143],[4576261.16,1961875.3029],[4576123.5257,1961744.8943],[4576116.2829,1961563.7829],[4576232.1857,1961513.0629],[4576413.2829,1961317.4543],[4576543.6743,1961005.9371],[4576732.0143,1960766.8629],[4577304.2857,1960390.1229],[4577441.92,1960462.5486],[4577630.26,1960549.4571],[4577789.6286,1960534.9543],[4577905.5314,1960476.9914],[4578086.6286,1960411.78],[4578191.8343,1960427.7114],[4578325.6771,1960447.9914],[4578427.0914,1960498.6971],[4578586.4571,1960621.8457],[4578890.7029,1960766.7229],[4579151.4829,1960824.6743],[4579361.5571,1960904.3571],[4579354.3143,1960527.6743],[4579336.2086,1960496.8943],[4579281.8743,1960404.5257],[4579079.0457,1960172.7229],[4579026.8571,1960033.5571],[4579013.8486,1959998.8686],[4578995.74,1959625.8057],[4579002.9829,1959270.8543],[4579227.5457,1958684.0971],[4579350.6914,1958488.5114],[4579444.8629,1958336.3886],[4579430.3743,1957974.1943],[4579611.4714,1957583.0229],[4579618.1743,1957422.1543],[4579618.7171,1957409.1686],[4579669.4229,1957307.7514],[4580075.0829,1957199.0943],[4580147.4143,1957214.7343],[4580343.1086,1957257.0457],[4580524.2057,1957213.5829],[4580577.6543,1957046.1143],[4580632.8657,1956873.1171],[4580763.2543,1956807.9229],[4580929.8657,1956605.0943],[4580904.5114,1956442.1057],[4581071.1229,1955724.9571],[4580991.4371,1955377.2486],[4581005.9257,1955123.7114],[4581121.8286,1954689.0771],[4581339.1457,1954428.2943],[4581592.6829,1954370.3429],[4581476.78,1954044.3686],[4581484.0257,1953566.2686],[4581321.0371,1953236.6714],[4581378.9886,1952628.1829],[4581545.5971,1952287.7171],[4581784.6457,1951686.4743],[4581719.4514,1951498.1314],[4581284.8171,1950969.3257],[4581350.0114,1950418.7886],[4581636.1457,1949980.5314],[4581969.3657,1949357.5543],[4581810.0,1949082.2857],[4581158.0486,1948908.4314],[4581013.1686,1948524.5029],[4580593.0229,1948285.4543],[4580687.1943,1947763.8914],[4580846.56,1947401.6943],[4580897.2657,1947169.8914],[4581103.7171,1946919.9743],[4581473.1571,1946680.9257],[4581835.3543,1946550.5343],[4581820.8657,1946318.7314],[4582110.6229,1946159.3629],[4581987.4771,1945789.9229],[4582110.6229,1945507.4114],[4582277.2314,1945384.2657],[4582212.0371,1945224.9],[4582298.9657,1944754.0429],[4582226.5257,1944420.8229],[4582284.4771,1944297.6771],[4582407.6229,1943776.1143],[4582067.16,1943768.8714],[4581661.5,1943645.7257],[4581143.56,1943569.6629],[4580890.0229,1943779.7371],[4580506.0943,1944308.5429],[4580353.9714,1944388.2257],[4579796.1914,1944344.7629],[4579622.3371,1943888.3971],[4579368.8,1944134.6886],[4578753.0657,1944149.1771],[4578242.3714,1943645.7229],[4577474.5143,1943993.4314],[4577373.1,1943949.9686],[4577097.8314,1944015.1629],[4576902.2457,1943884.7743],[4576445.88,1943870.2857],[4575946.0486,1943920.9943],[4575750.4629,1943790.6029],[4575605.5857,1943377.7],[4575475.1943,1943124.1629],[4575569.3657,1942986.5286],[4575569.3657,1942856.1371],[4575449.84,1942758.3429],[4575580.2314,1942193.3171],[4575594.7171,1942062.9286],[4575515.0343,1941925.2943],[4575377.4,1941794.9029],[4575242.2371,1941008.5],[4575218.0686,1940867.6657],[4575044.32,1940483.6914],[4575044.3886,1940201.1486],[4575109.6486,1939954.8286],[4575363.2657,1939744.7171],[4575580.6457,1939628.7857],[4575732.8857,1939172.3686],[4575979.24,1939150.6086],[4576153.1371,1939208.54],[4576406.7371,1939179.5343],[4577439.2886,1939762.54],[4577555.2371,1939907.4],[4577823.3571,1939632.0886],[4578185.6486,1939458.1886],[4578497.2314,1939240.8314],[4578758.1114,1938951.0314],[4579200.12,1938653.9714],[4579417.5543,1938241.0171],[4579424.8371,1938081.6343],[4579649.5429,1937538.2743],[4579729.2514,1937458.5771],[4579642.4143,1937118.0743],[4579769.2714,1936773.9486],[4579602.7143,1936643.5343],[4579508.6314,1936303.0343],[4579052.4229,1935839.3514],[4578922.08,1935701.6943],[4578929.3657,1935527.82],[4579125.0371,1935252.5143],[4579125.0743,1935093.1314],[4579023.7086,1934933.7457],[4578915.1543,1934520.7971],[4579038.3514,1934346.9171],[4579190.5143,1934281.7029],[4579320.96,1934100.58],[4579288.4486,1933756.4571],[4579230.5657,1933488.4029],[4579397.2286,1933343.5],[4579549.42,1933104.42],[4579694.3343,1933140.6229],[4580013.1486,1933126.1],[4580172.5743,1932937.7314],[4580223.3657,1932604.4743],[4580078.6143,1932104.5857],[4580238.0457,1931887.2371],[4580259.8314,1931669.8971],[4580767.1371,1930887.4514],[4580912.0629,1931003.3343],[4581013.5543,1931300.3],[4581332.3686,1931401.68],[4581491.7771,1931329.22],[4581825.1,1931068.3914],[4581962.7886,1930901.7571],[4582014.5429,1930806.7086],[4582118.6143,1930615.5886],[4582197.02,1930308.7657],[4582205.6114,1930275.0914],[4582183.8571,1930173.6857],[4582364.8029,1929514.5571],[4582589.2,1928797.4857],[4582523.9886,1928761.2714],[4582284.8514,1928464.3114],[4582089.1657,1928058.6943],[4582103.5114,1927399.5629],[4582346.1257,1927352.5],[4582490.96,1927207.6457],[4582657.4971,1926917.92],[4582686.4429,1926794.7857],[4582939.9229,1926765.8343],[4583164.4371,1926802.0771],[4583330.9971,1926932.4886],[4583519.2914,1927048.4143],[4583635.1686,1927041.18],[4583722.0743,1927012.2143],[4583779.9971,1926889.08],[4583837.9229,1926794.9229],[4583924.8314,1926758.7114],[4584033.4629,1926787.6971],[4584084.1229,1926577.6429],[4584171.0086,1926418.2971],[4584250.6657,1926331.3829],[4584475.1771,1926374.8686],[4585054.5629,1926316.9743],[4585162.1086,1925602.8914],[4585289.64,1924756.0657],[4585383.6286,1923923.0971],[4585492.2543,1923850.6714],[4585586.4029,1923807.2171],[4585666.0571,1923705.8171],[4585723.9714,1923546.4686],[4585731.1914,1923430.5771],[4585586.2657,1923278.4743],[4585557.2629,1923148.0943],[4585586.2029,1922995.9914],[4585622.3886,1922843.8829],[4585593.3886,1922735.2343],[4585462.9629,1922648.3257],[4585383.2086,1922336.8686],[4585049.9143,1922336.9],[4584890.4914,1922134.0943],[4584875.9743,1922003.72],[4584745.4886,1921590.86],[4584658.5314,1921489.4571],[4584644.02,1921380.8086],[4584745.38,1921163.5143],[4584995.24,1921116.4543],[4585342.8714,1921073.0229],[4585451.5029,1921015.0857],[4585596.32,1920783.3086],[4585856.98,1920298.02],[4585972.5943,1920163.1086],[4586030.7771,1920095.2143],[4586282.6086,1920119.4629],[4586407.3743,1920131.4714],[4586407.8171,1920130.9371],[4586791.1686,1919667.9229],[4587109.82,1919849.0571],[4587102.4943,1920211.2857],[4587739.8171,1920363.4743],[4587841.1571,1920674.9943],[4588007.7314,1920653.28],[4588304.6657,1920566.3857],[4588724.7057,1920783.7486],[4588840.5829,1920783.76],[4589079.58,1920841.7343],[4589325.7914,1920573.7457],[4589601.0,1920566.5286],[4589999.3229,1920428.9343],[4590057.2571,1920385.4771],[4590326.26,1920445.8514],[4590326.18,1920444.42],[4590411.2371,1920505.1771],[4590544.9,1920444.42],[4590812.2257,1920079.8857],[4590897.2857,1920067.7343],[4591091.7057,1920140.64],[4591359.0314,1920140.64],[4591492.6943,1920322.9086],[4591602.0543,1920310.7571],[4591784.3229,1920164.9429],[4591832.9257,1919970.5257],[4591893.6829,1919897.6171],[4591905.8343,1919618.14],[4591529.1457,1919205.0],[4591431.9371,1919168.5457],[4591419.7857,1919071.3371],[4591504.8457,1918646.0457],[4591480.5429,1918147.8457],[4591529.1457,1917783.3114],[4591662.8114,1917218.28],[4591784.3229,1917145.3743],[4591954.44,1917036.0143],[4592100.2514,1916792.9886],[4591674.9629,1916501.36],[4591322.5771,1916185.4314],[4591188.9143,1915359.1514],[4591225.3686,1914642.2286],[4591261.82,1914010.3686],[4591298.2743,1913603.3029],[4591444.0886,1913153.7086],[4591444.0886,1912874.2314],[4591213.2171,1912789.1743],[4591091.7057,1912667.6629],[4591237.52,1912230.22],[4591152.46,1912157.3114],[4591128.1571,1911877.8343],[4591225.3686,1911464.6943],[4591407.6371,1911197.3686],[4591298.2743,1911124.46],[4591164.6114,1911221.6714],[4590812.2286,1911197.3686],[4590265.4229,1910443.9943],[4590022.4,1910395.3914],[4589657.8657,1910699.1714],[4589354.0857,1910844.9829],[4589086.76,1910820.6829],[4588503.5029,1911051.5543],[4588406.2914,1911015.1],[4588503.5029,1910699.1714],[4588394.14,1910298.18],[4588199.7229,1910237.4257],[4588151.1171,1910043.0057],[4588187.5714,1909872.8886],[4588454.8971,1909611.64],[4588770.8286,1909441.5229],[4589013.8514,1909429.3714],[4588880.1886,1909307.86],[4588685.7686,1908846.1143],[4588637.1657,1908554.4857],[4588649.3171,1908165.6486],[4588588.56,1908031.9857],[4588625.0143,1907788.96],[4588758.6771,1907533.7857],[4588831.5829,1907509.4829],[4588904.4914,1907339.3657],[4589013.8514,1907290.7629],[4589123.2114,1907327.2171],[4589269.0257,1906877.6229],[4589256.8743,1906355.12],[4589524.2029,1905875.1486],[4589730.7714,1905741.4857],[4589913.04,1905705.0314],[4589973.7943,1905559.2171],[4590241.1229,1905413.4029],[4590557.0514,1904514.2171],[4590751.4714,1904246.8886],[4591030.9486,1904259.04],[4591298.2743,1904161.8314],[4591383.3343,1903712.2371],[4591456.24,1902715.84],[4591322.5771,1902715.84],[4591030.9486,1902557.8743],[4590751.4714,1902679.3857],[4590435.54,1902363.4571],[4590751.4714,1901810.5771],[4590775.7743,1901628.3086],[4590690.7143,1901506.7971],[4590715.0171,1901032.9],[4590751.4714,1900814.18],[4590593.5057,1900376.7371],[4590642.1114,1900255.2257],[4590459.8429,1900012.2],[4590277.5743,1899987.9],[4590107.4571,1899368.1886],[4590459.8429,1898614.8143],[4590447.6914,1898298.8829],[4590702.8657,1898146.9943],[4590775.7743,1897624.4943],[4590933.74,1897029.0857],[4591079.5543,1897004.7829],[4591094.6257,1897018.6343],[4591529.1486,1897417.9229],[4592355.4286,1897345.0171],[4592598.4514,1897624.4943],[4592853.6257,1897709.5514],[4593181.7086,1898086.2371],[4592975.1371,1898754.5543],[4593108.8,1899301.3571],[4593218.1629,1899386.4143],[4593449.0343,1899374.2629],[4593679.9086,1899313.5086],[4594141.6514,1899398.5657],[4594445.4314,1899653.74],[4594785.6657,1900261.3],[4596255.9571,1900370.66],[4596559.7371,1899957.52],[4596804.8743,1899948.0629],[4597514.9286,1900019.0686],[4597704.2743,1899640.3743],[4598556.3371,1899072.3314],[4598745.6829,1899238.0114],[4599976.44,1899498.3629],[4601182.7257,1900168.5257],[4601272.94,1900218.6429],[4601467.5486,1900326.7571],[4602177.6029,1899900.7257],[4602650.9686,1899096.0],[4602650.9686,1898693.6371],[4602929.0743,1897601.9343],[4603242.68,1897921.4571],[4604455.6857,1897948.0829],[4605035.56,1898178.8514],[4605526.68,1898178.8514],[4605585.8514,1898060.5086],[4605792.9486,1897806.0743],[4605579.9343,1896903.7143],[4605432.0057,1896578.2743],[4605455.6743,1896152.2429],[4605609.52,1895527.9886],[4605550.3486,1895344.56],[4605615.4371,1895196.6314],[4605692.36,1894599.0057],[4605697.2029,1894563.1257],[4605787.0314,1893897.8286],[4605911.2914,1893672.98],[4605923.1257,1893424.46],[4605858.0371,1893282.4514],[4606218.98,1892596.0657],[4606349.1571,1891983.6486],[4606295.9029,1891681.8743],[4606195.3114,1891403.7714],[4606313.6543,1889951.1229],[4606307.7371,1889767.6943],[4606396.4943,1889619.7657],[4606485.2486,1889424.5029],[4606503.0,1889258.8229],[4606420.1629,1888338.7143],[4606520.7514,1887948.1857],[4606520.7514,1887794.34],[4606521.6629,1887783.8886],[4606544.42,1887522.1543],[4606662.7629,1887439.3143],[4606662.7629,1887291.3857],[4606716.0171,1886477.7857],[4606816.6086,1886294.3543],[4607112.4629,1886022.1686],[4607153.8829,1885921.58],[4607035.54,1885312.1171],[4607207.1371,1884974.8429],[4607011.8714,1884676.0286],[4606970.4514,1884474.8486],[4607165.7171,1884202.66],[4607124.2971,1883812.1314],[4607260.3914,1883563.6143],[4607485.24,1882856.52],[4607426.0686,1882465.9914],[4607538.4943,1882164.22],[4607550.3286,1882045.8771],[4607431.9857,1881679.0171],[4607461.5714,1881566.5943],[4607763.3429,1881211.5686],[4607994.1114,1880610.9829],[4608005.9457,1880261.8743],[4608065.1143,1880031.1057],[4608426.06,1879439.3971],[4608514.8143,1879427.5629],[4608609.4886,1879451.2314],[4608745.5829,1879534.0686],[4608982.2657,1879510.4029],[4609443.8,1879519.2771],[4609402.38,1879241.1743],[4609189.3657,1878507.4543],[4609289.9543,1878170.18],[4609319.54,1877939.4114],[4609698.2343,1877761.9],[4609810.66,1877516.34],[4609715.9857,1877220.4829],[4609502.9714,1877179.0657],[4609307.7057,1876942.38],[4609047.3543,1876344.7543],[4609065.1057,1876060.7314],[4609112.4429,1876031.1486],[4609159.78,1875853.6343],[4608733.7486,1875750.0857],[4608526.6486,1875300.3857],[4608420.1429,1875152.4571],[4608467.48,1875075.5343],[4608479.3114,1874750.0943],[4608502.98,1874542.9971],[4608650.9086,1874395.0686],[4608781.0857,1874205.7229],[4608911.26,1874122.8829],[4609142.0286,1874146.5514],[4609343.2086,1873998.6229],[4610053.26,1873847.7371],[4610390.5371,1873332.9486],[4610863.9029,1873510.4629],[4610934.9086,1873486.7943],[4610893.4886,1872463.1371],[4610970.4114,1872190.9486],[4611118.34,1872125.8629],[4611213.0143,1872034.1457],[4611124.2571,1871892.1371],[4611159.76,1871619.9486],[4611065.0857,1871477.94],[4610715.9771,1871389.1829],[4610360.9514,1870832.9743],[4610650.8886,1870708.7171],[4611112.4229,1870744.22],[4611207.0971,1870019.3743],[4611420.1114,1869688.0171],[4611414.1943,1869569.6743],[4611609.4571,1869475.0],[4611786.9714,1869054.8857],[4611923.0657,1868942.4629],[4612189.3343,1869196.8971],[4612372.7657,1869267.9029],[4612414.1829,1869321.1571],[4612556.1943,1869173.2286],[4612585.78,1869220.5657],[4613035.48,1869054.8857],[4613124.2371,1868972.0486],[4613307.6657,1868507.5543],[4613059.1486,1867844.84],[4613153.8229,1867614.0743],[4613029.5629,1867548.9857],[4612875.7171,1867519.4],[4612650.8686,1867418.8086],[4612538.4429,1867312.3],[4612408.2686,1867170.2914],[4612313.5943,1867111.12],[4612230.7543,1867119.9943],[4610846.1543,1866717.6314],[4610538.4629,1866333.02],[4610443.7914,1866285.6829],[4610366.8686,1866321.1857],[4610230.7743,1866309.3514],[4610165.6857,1866327.1029],[4610094.68,1866285.6829],[4610088.7629,1866208.7629],[4610059.18,1865912.9057],[4610112.4314,1865847.82],[4610319.5314,1865324.1543],[4610378.7029,1865099.3057],[4610479.2914,1864898.1257],[4610698.2257,1864762.0314],[4610828.4029,1864294.58],[4610526.6286,1863951.3886],[4610491.1257,1863791.6257],[4610479.2914,1863480.98],[4610218.94,1862907.02],[4610230.7743,1862694.0057],[4610502.96,1862581.58],[4610822.4857,1862682.1714],[4611065.0857,1862705.84],[4611414.1943,1862185.1343],[4611881.6457,1862001.7029],[4611822.4743,1861383.3686],[4611526.62,1860744.32],[4611532.5371,1860549.0571],[4611189.3457,1860146.6943],[4611218.9314,1860060.8971],[4611224.8457,1859800.5429],[4611177.5114,1859433.6829],[4611065.0857,1859226.5857],[4610609.4686,1859226.5857],[4609958.5886,1858699.9629],[4609502.9714,1858040.2057],[4609497.0543,1857957.3686],[4609437.8829,1857904.1143],[4609437.8829,1857738.4343],[4609360.96,1857602.3429],[4609071.0229,1857460.3314],[4608960.2714,1857279.6314],[4608958.5971,1857276.9],[4609000.0171,1857259.1486],[4608994.1,1857105.3057],[4609047.3543,1856892.2886],[4609000.0171,1856732.5286],[4608934.9286,1856720.6943],[4608834.34,1856614.1857],[4608834.34,1856507.6771],[4609083.0714,1856157.0457],[4609149.9629,1856125.2743],[4609050.32,1855915.4943],[4608894.7429,1855587.9686],[4608845.6143,1855506.0857],[4608894.7429,1855375.0743],[4609205.8943,1855031.1714],[4609287.7771,1854457.9971],[4609484.2943,1854089.5286],[4609533.4229,1853778.3771],[4609410.6,1853348.5],[4609001.1914,1853111.04],[4609271.4,1852750.76],[4609426.9771,1852652.5029],[4609500.6686,1852537.8686],[4609525.2343,1852193.9657],[4609197.7057,1851588.04],[4609289.5457,1851312.1943],[4609305.66,1851223.5657],[4609339.2,1851039.1029],[4609369.66,1850871.5743],[4609402.4114,1850691.4314],[4609386.0343,1850494.9171],[4609484.2943,1850314.7771],[4609500.6686,1850232.8943],[4609656.2457,1849938.12],[4609525.2343,1849610.5914],[4609443.3514,1849536.9],[4609459.7286,1849266.6886],[4608993.0029,1848816.3371],[4608690.04,1848628.0086],[4608649.0971,1848423.3057],[4608518.0886,1848120.3429],[4608313.3829,1847972.9543],[4608489.1143,1846966.9629],[4608400.0857,1846927.3943],[4608223.8143,1846650.64],[4607999.1143,1846062.9686],[4607884.4914,1845750.0314],[4607852.6543,1845669.0657],[4607823.5429,1845077.7571],[4607711.6486,1844820.3114],[4607573.3743,1844703.8686],[4607449.6543,1844581.9686],[4607395.0714,1844494.6371],[4607362.3229,1844299.96],[4607023.0029,1843895.1429],[4606810.1314,1843642.2429],[4606702.7857,1843462.1229],[4606387.1171,1843019.0943],[4606181.5257,1842982.7086],[4606208.8171,1842873.5429],[4606296.1486,1842733.4486],[4606368.0143,1842210.3686],[4606442.6114,1842037.5229],[4606769.1943,1841750.9657],[4606825.5971,1841621.7886],[4606825.5971,1841547.1914],[4606701.8771,1841161.4771],[4606719.16,1841047.7657],[4606893.8229,1840818.52],[4607155.82,1840471.0114],[4607184.02,1840330.0057],[4607214.9486,1840018.8886],[4607189.4771,1839875.1543],[4607233.1429,1839769.6286],[4607243.1514,1839679.5686],[4607341.4,1839528.5571],[4607252.2486,1839111.9114],[4607113.9714,1839000.9286],[4607261.3457,1838915.4143],[4607340.4886,1838872.66],[4607416.9029,1838787.1457],[4607456.9314,1838550.6229],[4607442.3771,1838170.3657],[4607415.9943,1837914.74],[4607375.9686,1837896.5457],[4607423.2714,1837738.2571],[4607456.02,1837465.3457],[4607409.6257,1837160.5943],[4607254.9771,1836780.3371],[4607380.5171,1836611.1314],[4607608.8514,1836340.9486],[4607734.3914,1836118.9829],[4607698.0029,1835816.96],[4607733.4829,1835745.0943],[4607899.0486,1835608.6371],[4608306.5971,1835572.2486],[4608653.1943,1835383.94],[4608704.1371,1835336.6343],[4608929.7429,1835391.2171],[4608829.6771,1835300.2457],[4608696.86,1835192.9029],[4608565.8629,1835060.0857],[4608463.9743,1834850.8514],[4608395.7457,1834498.7971],[4608328.4286,1834358.7029],[4608148.3057,1834100.3457],[4608126.4743,1834040.3057],[4607529.7086,1834003.9171],[4607368.6886,1833990.2714],[4607370.5086,1833784.6771],[4607405.0771,1833615.4743],[4607474.2143,1833506.3086],[4607506.9657,1833344.38],[4607708.92,1833142.4257],[4607842.6457,1833030.5314],[4607917.2429,1832775.8143],[4607540.6229,1832491.9857],[4607516.9714,1832428.3086],[4607646.1486,1832279.1171],[4607759.8629,1832159.9457],[4607759.8629,1832083.5286],[4607878.1257,1831617.76],[4607708.92,1831444.9171],[4607638.8714,1831356.6743],[4607495.14,1830634.3686],[4607472.3971,1830520.6571],[4607075.7657,1830189.5229],[4606895.6429,1829809.2657],[4606640.0171,1829460.8486],[4606407.1314,1829258.8943],[4606259.76,1829100.6057],[4606224.28,1828910.4771],[4606239.9543,1828727.6314],[4606240.6543,1828719.44],[4606337.0829,1828683.0514],[4606708.2429,1828284.6],[4606763.7371,1828218.1914],[4606798.3057,1828149.0543],[4606821.9571,1827641.44],[4606746.4514,1827509.5314],[4606620.9114,1827362.16],[4606569.9686,1827262.0914],[4606397.1257,1826974.6257],[4606377.1114,1826792.6829],[4606316.16,1826595.2771],[4606257.94,1826462.46],[4606279.7714,1826164.0771],[4606189.7114,1825841.1314],[4605693.0114,1825389.9171],[4605602.9514,1825177.9571],[4605515.62,1825250.7343],[4605433.7457,1825250.7343],[4605028.0171,1825205.2486],[4604614.1029,1825526.3743],[4603879.06,1825762.8971],[4603731.6886,1825761.0771],[4603469.2114,1825103.0886],[4603466.0543,1825095.1743],[4603134.9229,1824578.46],[4602085.1229,1823481.3571],[4601979.5971,1823441.3286],[4602056.0114,1823306.6943],[4602056.0114,1823263.0286],[4602119.8286,1822912.04],[4602101.4971,1822708.1086],[4601868.6114,1822435.1971],[4601504.7286,1821216.1914],[4601517.4657,1820672.1886],[4600942.5314,1819638.7629],[4600831.5486,1819134.7857],[4600635.0514,1818949.2057],[4600547.72,1818861.8743],[4600409.4457,1818628.9886],[4600460.3886,1818192.3314],[4600538.6229,1817575.5514],[4600494.9571,1817502.7743],[4600644.1486,1817299.0],[4600920.7,1816644.0114],[4600991.6571,1816285.5886],[4600798.7971,1815838.0143],[4600798.7971,1815692.46],[4600827.9086,1815463.2143],[4600755.1314,1815201.22],[4600591.3857,1814935.5857],[4600542.2629,1814817.3257],[4601099.0029,1814467.9971],[4601120.8343,1814333.3629],[4601069.8914,1814165.9743],[4600975.28,1814053.1714],[4600749.6743,1813594.68],[4600789.7029,1813416.3771],[4600731.48,1813238.0771],[4600958.9057,1812548.52],[4600977.1,1812042.7229],[4600918.88,1811580.5943],[4600989.8371,1811007.48],[4601179.0543,1810676.3457],[4601222.72,1810206.9371],[4600813.3543,1809721.1571],[4600558.6371,1809633.8257],[4600391.2514,1809517.3829],[4600311.1971,1809313.6086],[4600347.5857,1809004.3086],[4600318.4743,1808491.2343],[4600327.5714,1808212.8657],[4600109.2429,1808005.4514],[4600112.88,1807878.0943],[4600134.7143,1807728.9029],[4600091.0486,1807503.2943],[4599949.1343,1807237.66],[4599832.6914,1806950.1943],[4599821.7743,1806811.92],[4599900.0086,1806369.8029],[4599765.3743,1805860.3657],[4599856.3429,1805729.3686],[4599816.3171,1805652.9543],[4599350.5486,1805423.7086],[4599135.8571,1805128.9629],[4598791.9886,1804635.9029],[4597980.5314,1804261.1057],[4597496.5686,1804184.6914],[4597452.9029,1803693.4486],[4597616.6486,1803456.9257],[4597771.3,1803324.1086],[4597654.8571,1802942.0314],[4597800.4114,1802752.8143],[4597888.26,1802261.5],[4597898.6571,1802203.3514],[4597909.5743,1801810.36],[4597780.3971,1801699.3743],[4597514.7629,1801601.1286],[4597576.6229,1801077.1371],[4597674.8714,1801062.5829],[4597933.2257,1800818.78],[4598042.3914,1800309.3457],[4597862.2686,1799936.3657],[4597600.2743,1799692.5657],[4597312.8086,1799430.5714],[4597349.1971,1799106.7143],[4597021.7029,1798768.3057],[4596723.32,1798808.3314],[4596439.4914,1798706.4457],[4596377.6314,1798604.5571],[4596259.3686,1798482.6571],[4595083.2857,1798116.6829],[4594967.8886,1798105.76],[4594492.5771,1798060.8743],[4593946.0143,1797701.5714],[4593627.4486,1797474.3686],[4593604.48,1797265.3486],[4593822.3229,1797066.1257],[4593941.0657,1796759.2143],[4593692.5,1796362.1686],[4593592.2114,1796070.8514],[4593653.3657,1795926.5],[4593567.8171,1795674.8343],[4593666.6086,1795163.2314],[4593385.4171,1795153.7743],[4593166.4714,1794919.1486],[4593127.58,1794610.08],[4593237.0629,1794497.1686],[4593230.1543,1794499.7057],[4593354.4743,1793976.6686],[4593625.5629,1793662.1771],[4593553.4971,1793362.5771],[4593178.1886,1792792.9571],[4592739.12,1792121.3686],[4592634.3029,1791914.3057],[4592585.3629,1791817.4914],[4592526.92,1791671.3457],[4592288.8086,1791518.9057],[4592138.2343,1791338.2143],[4591949.6171,1791143.7857],[4591718.28,1791878.2714],[4591288.3057,1791765.1914],[4591222.4686,1791578.1171],[4591101.2886,1791537.6486],[4590666.4229,1791545.8057],[4590551.0171,1791328.1486],[4590398.6229,1791305.6857],[4590194.9914,1791283.1486],[4590124.2257,1791093.5943],[4590092.2086,1790962.9571],[4590089.2229,1790963.4543],[4589928.08,1790990.3486],[4589700.7086,1791028.2943],[4589705.68,1791083.5971],[4589719.5171,1791237.5257],[4589728.7457,1791311.8086],[4589754.9714,1791739.3543],[4589683.6743,1791851.3286],[4589683.6914,1791851.3771],[4589628.8257,1792005.5486],[4589516.2,1791974.2571],[4589435.1943,1791951.7771],[4589379.3571,1791856.3171],[4589171.6086,1791857.7057],[4589211.3114,1791586.1514],[4588961.3114,1791395.4371],[4588684.3114,1791397.2886],[4588435.2029,1791523.7686],[4587990.5457,1791142.1657],[4587685.4686,1791020.2429],[4587297.8914,1791147.4886],[4585899.0914,1791170.6429],[4585619.5143,1790625.2229],[4585119.8229,1790312.2486],[4585317.0943,1790059.1857],[4585434.2714,1789908.8743],[4585349.5086,1789595.52],[4585237.9857,1789431.8629],[4585277.9429,1789201.1171],[4585645.9571,1788526.0486],[4585207.9314,1786877.4943],[4585191.6743,1786442.0],[4585370.4457,1786432.58],[4585713.6286,1786179.46],[4585531.7829,1785742.7657],[4585599.96,1785566.4229],[4585694.9771,1785199.4886],[4586024.9914,1784931.8229],[4586147.8229,1784510.3657],[4586047.6771,1784241.02],[4585981.0171,1784056.5543],[4586189.2829,1783378.2057],[4586369.5514,1783170.9971],[4586495.6143,1782449.22],[4586951.7886,1782798.9714],[4587131.1829,1783063.9486],[4587356.58,1783107.2314],[4587643.6143,1783162.3514],[4587726.2543,1783178.2229],[4587976.0886,1782943.1143],[4588073.7686,1782665.4],[4588947.7371,1782182.2171],[4589227.6743,1781277.8257],[4589242.0914,1781261.7657],[4589589.2571,1780874.9314],[4590296.6371,1780682.2943],[4591015.8257,1781075.5457],[4591293.2314,1781006.8314],[4591585.6714,1780631.1457],[4591641.5286,1780519.6886],[4591959.8743,1780632.48],[4592001.1829,1780702.42],[4592180.9743,1780800.7686],[4592415.2457,1781136.6],[4592692.42,1781137.6286],[4592967.8371,1781557.4029],[4593120.8114,1781432.36],[4593383.3914,1781600.8686],[4593578.1543,1781434.0743],[4593980.28,1781393.6657],[4594491.6029,1781716.74],[4594842.9543,1780712.14],[4594996.3971,1780516.9829],[4595202.6657,1780452.2143],[4594890.0629,1779811.3886],[4594926.8829,1779516.0629],[4594714.2714,1779372.2543],[4594762.9,1779073.96],[4594646.8543,1778470.7914],[4594653.5286,1778276.8],[4594252.1229,1777899.7486],[4594058.3657,1777415.7457],[4594076.6486,1777266.5457],[4593982.5686,1777057.38],[4593757.5943,1777021.02],[4593533.1657,1776817.5057],[4593100.6971,1776849.2571],[4593054.0714,1776604.4],[4592682.4657,1776084.1371],[4592055.9057,1775634.8571],[4591860.6486,1775568.6857],[4591654.0114,1775305.5371],[4591494.2286,1775263.3314],[4591534.8714,1775035.1],[4591536.1857,1775027.72],[4591400.7086,1774663.3457],[4591406.9914,1774460.4914],[4591401.4,1774263.5771],[4591259.4086,1774185.6257],[4591135.0429,1774197.2114],[4591028.5686,1774125.32],[4590999.4657,1773767.2743],[4591052.9857,1773582.4886],[4590999.9743,1773328.8086],[4590810.48,1773008.4229],[4590780.8229,1772993.5943],[4590715.7,1772961.0314],[4590644.6143,1772759.62],[4590520.2114,1772007.2914],[4590407.66,1771805.88],[4589927.8286,1771657.7857],[4589785.6543,1771400.0971],[4589756.0371,1771169.0686],[4589750.1114,1770843.2571],[4589589.5629,1770508.7743],[4589536.8543,1770398.9657],[4589122.1857,1770321.9571],[4589098.4886,1770179.7857],[4589311.7486,1769889.5171],[4589175.5,1769418.5714],[4588968.1657,1769347.4829],[4588802.2971,1769353.4086],[4588470.56,1768920.9657],[4588577.1914,1768689.9371],[4588594.9629,1768559.6114],[4588713.44,1768227.8771],[4588500.18,1767789.5114],[4588334.3114,1767673.9971],[4588322.4657,1767508.1286],[4588214.0886,1767342.7143],[4588209.9114,1767336.3371],[4588322.4657,1766903.8971],[4588310.6171,1766743.9543],[4588198.0657,1766406.2943],[4587895.9486,1766009.3971],[4588032.1971,1765046.7714],[4587860.4057,1764549.1657],[4587789.32,1764098.9543],[4587824.8629,1763980.4771],[4587830.7343,1763977.9971],[4587922.4057,1763794.6486],[4587922.4057,1763603.1257],[4588305.4543,1763340.4657],[4588442.2543,1763302.1629],[4588562.64,1763077.8057],[4588704.9143,1762982.0429],[4588409.4229,1762757.6886],[4588529.8086,1762144.8143],[4588693.9714,1761860.2657],[4588650.1943,1761499.1086],[4588962.1029,1761433.4429],[4589356.0943,1761225.5029],[4589733.6686,1761233.7114],[4589974.44,1761053.1314],[4590226.1571,1760998.4114],[4590817.1429,1761014.8286],[4591074.3314,1760645.4629],[4591342.4629,1760284.3029],[4590839.0314,1760076.3629],[4590806.1971,1759945.0343],[4590986.7771,1758880.7114],[4590817.1429,1758667.3],[4590762.4229,1758399.1686],[4590839.0314,1758245.9486],[4591205.66,1757895.7371],[4591435.4886,1757917.6257],[4591944.3943,1757873.8486],[4592201.5829,1757323.9029],[4592264.8914,1757293.7543],[4592546.3229,1757159.74],[4592896.5371,1756415.5371],[4592909.7714,1756244.3171],[4592910.4971,1756234.9114],[4592911.2257,1756225.5029],[4592940.3143,1755849.1743],[4592830.8714,1755493.4886],[4592863.7057,1755269.1314],[4592611.9886,1754481.1514],[4592601.0429,1754377.1829],[4592694.0686,1754057.0657],[4592557.2686,1753996.8714],[4592349.3286,1753974.9829],[4591878.7286,1754013.2886],[4591616.0686,1753914.7914],[4591566.82,1753767.0429],[4591583.2343,1753613.8257],[4591440.96,1753356.6371],[4591413.6,1753187.0029],[4591298.6857,1753039.2571],[4591375.2971,1752809.4286],[4591659.8457,1752530.3514],[4591933.4486,1752568.6571],[4592075.7229,1752626.1143],[4592223.4714,1752522.1429],[4592387.6314,1752029.6543],[4592436.8829,1751772.4657],[4592655.7657,1751416.78],[4592902.0086,1751252.6171],[4593027.8686,1751247.1457],[4593280.7057,1750453.6629],[4593280.7114,1750453.6457],[4593285.0543,1750440.0143],[4593257.6943,1749794.3057],[4593334.3029,1749465.98],[4593399.9686,1749249.8343],[4593093.5314,1748970.7571],[4593011.4514,1748669.7914],[4592792.5686,1748527.5171],[4592777.0457,1748449.9057],[4592770.68,1748418.0771],[4592809.6143,1748340.2029],[4592825.4,1748308.6343],[4592823.3171,1748294.0543],[4592792.5686,1748078.8057],[4592409.52,1747112.9829],[4592387.6314,1746981.6514],[4592414.9943,1746883.1543],[4592393.1057,1746773.7114],[4592772.8971,1746654.3486],[4592967.6743,1746593.1343],[4592989.5629,1746423.5],[4593175.6143,1746221.0314],[4593501.8,1746008.7514],[4593520.3543,1745996.6743],[4593881.5143,1745969.3143],[4594133.2286,1745824.3057],[4594592.8857,1745703.92],[4594850.0743,1745309.9286],[4594954.0429,1745293.5114],[4595101.7886,1745112.9343],[4595249.5371,1745101.9886],[4595402.7543,1744877.6343],[4595638.0543,1744718.9429],[4595829.5771,1744650.5429],[4596010.1571,1743922.7543],[4596404.1457,1743676.5086],[4596407.1029,1743595.1943],[4596415.0914,1743375.5457],[4596081.2943,1743260.6314],[4595506.7257,1743285.2543],[4595134.6229,1743241.4771],[4594767.9914,1743279.7829],[4594603.8286,1743263.3657],[4594543.6371,1743132.0371],[4594424.2857,1742901.5686],[4594384.9457,1742825.6],[4594346.64,1742541.0514],[4594242.6714,1742338.5829],[4594242.6714,1742064.98],[4594177.0057,1741783.1657],[4593897.9286,1741717.5],[4593755.6543,1741635.42],[4593777.5429,1741509.5629],[4594062.0914,1741175.7629],[4594285.5343,1740987.08],[4594291.92,1740959.6171],[4594346.64,1740724.3171],[4594111.34,1740571.0971],[4593914.3457,1740395.9914],[4593766.6,1740335.7971],[4593547.7171,1740292.02],[4593651.6857,1739908.9743],[4594045.6771,1739342.6143],[4594155.1171,1739331.6686],[4594275.5029,1739047.12],[4594839.1286,1738581.9943],[4595632.5829,1738382.2629],[4595822.3657,1738192.4829],[4595933.5486,1738081.2971],[4595894.2571,1737950.3257],[4595884.3,1737917.1343],[4595928.0743,1737654.4743],[4596045.7,1737440.2286],[4596081.2943,1737375.3971],[4596376.7857,1737025.1829],[4596650.3914,1736811.7714],[4596863.8029,1736825.4514],[4597153.8229,1736913.0057],[4597471.2057,1737203.0257],[4597586.12,1737192.0829],[4598045.7743,1736934.8943],[4598445.2371,1736891.1171],[4598751.6743,1736795.3543],[4598822.8114,1736658.5543],[4598850.1714,1736302.8686],[4598861.1171,1736012.8457],[4598992.4457,1735766.6029],[4599255.1057,1735591.4971],[4599594.3771,1735399.9714],[4599703.8171,1735192.0343],[4599922.7029,1734975.8857],[4600152.5286,1734625.6714],[4600152.5286,1734286.4029],[4599988.3657,1734023.7429],[4599971.9514,1733832.22],[4600037.6143,1733722.7771],[4600541.0486,1733539.4629],[4600781.82,1733648.9029],[4601372.8057,1733583.24],[4601460.36,1733402.66],[4601536.0629,1733370.0029],[4601739.4343,1733282.2743],[4601832.46,1733030.5571],[4602062.2886,1732858.1857],[4602357.7829,1733033.2943],[4602527.4171,1733104.4314],[4602675.1629,1733295.9543],[4603167.6514,1733668.0571],[4603195.0114,1733465.5886],[4603490.5057,1733241.2343],[4603917.3286,1733167.36],[4604355.0943,1733468.3257],[4604957.0257,1733222.08],[4604957.0257,1732729.5914],[4605071.9371,1732598.2629],[4605022.6886,1732330.1314],[4604946.08,1731960.7629],[4604967.9686,1731369.7771],[4605154.02,1731139.9514],[4605422.1514,1730767.8486],[4605745.0057,1730587.2686],[4605991.2486,1730475.0914],[4606828.48,1729610.5],[4607173.22,1729391.6171],[4607288.1343,1729216.5114],[4607282.6629,1728931.9629],[4607507.02,1728461.3629],[4607775.1457,1728139.6086],[4607751.0943,1728107.9914],[4607657.5486,1727985.0143],[4607610.42,1727833.3114],[4607695.9543,1727596.2657],[4607857.3514,1727283.3371],[4608104.0971,1726894.5143],[4608184.88,1726666.9514],[4607844.5457,1726533.8743],[4607560.9086,1726486.12],[4607069.2714,1726438.06],[4606814.0,1726390.3429],[4606710.0914,1726248.0771],[4606757.7171,1726030.0086],[4606824.3943,1725726.6114],[4606768.1914,1725271.52],[4606872.6,1725091.34],[4606825.6543,1724797.4286],[4606882.6,1724702.5943],[4606996.7686,1724285.4086],[4607167.5971,1724010.3943],[4607092.2486,1723725.9514],[4606903.5371,1723280.2914],[4606804.6829,1722872.5914],[4606521.1171,1722682.7486],[4606351.0,1722540.42],[4606256.62,1722341.2886],[4606218.9914,1722161.1429],[4606390.34,1721459.5257],[4606599.4514,1720852.6971],[4606666.1514,1720530.3343],[4606856.1257,1720084.6743],[4606979.5143,1719876.0457],[4606989.5514,1719439.92],[4607018.0914,1719335.6257],[4607672.5943,1718609.9657],[4607800.5886,1718543.4829],[4607829.1543,1718420.2286],[4607820.04,1718150.02],[4607915.1371,1717837.1314],[4608057.5657,1717547.9143],[4608071.9629,1717396.2171],[4608204.8514,1717163.8829],[4608399.42,1716841.4543],[4608591.5371,1716590.1143],[4608795.4457,1716400.3629],[4609037.2143,1716267.4229],[4609274.2057,1716219.7314],[4609544.3714,1716228.8029],[4609653.3914,1716195.5029],[4609644.2314,1715958.4771],[4609749.0686,1715432.2714],[4609896.2114,1715162.0114],[4610062.3257,1714868.0371],[4610126.52,1714654.7029],[4610150.4229,1714474.5629],[4610197.8771,1714398.6971],[4610268.9943,1714346.5],[4610306.9914,1714256.42],[4610198.4886,1713995.66],[4610146.7971,1713711.2257],[4610114.0829,1713388.8714],[4610115.56,1712258.2686],[4610262.6314,1712051.9914],[4610118.5971,1711838.6057],[4610089.0343,1711804.8714],[4609952.4543,1711653.48],[4609607.58,1711312.4829],[4608857.7343,1710743.8114],[4608503.6571,1710459.3229],[4608243.3143,1710346.0029],[4608164.2286,1710259.5343],[4608170.5743,1710170.4429],[4608127.1743,1710086.1314],[4608102.5571,1709975.96],[4608141.0571,1709774.3657],[4608207.8571,1709522.3457],[4604200.5314,1711045.5771],[4600538.6914,1712431.9943],[4597848.4257,1713456.1229],[4591424.6029,1715893.26],[4588742.3571,1716899.1029],[4587786.8086,1717267.9114],[4584786.0457,1718398.9743],[4581584.1143,1719572.4571],[4580041.8229,1720125.6714],[4579211.2771,1720443.5429],[4578724.4429,1720623.46],[4578227.0229,1720803.3771],[4570945.6771,1723491.5514],[4569231.1714,1724137.1343],[4566848.8086,1724942.3886],[4566730.5943,1725000.44],[4566507.0114,1725092.1686],[4563104.5514,1726353.9429],[4560548.1429,1727301.9657],[4559167.66,1727824.3143],[4558033.3943,1728253.5],[4553815.54,1729849.4543],[4551374.8257,1730772.9714],[4548488.9429,1731864.9343],[4545963.8971,1732820.3629],[4544365.3629,1733430.2771],[4541080.9171,1734683.4371],[4540574.58,1734876.6286],[4540460.5286,1734920.2971],[4540222.64,1735011.38],[4538718.2829,1735587.3686],[4535606.6714,1736778.74],[4532738.7086,1737876.8314],[4532680.1743,1737899.2429],[4532005.5171,1738157.5571],[4531948.6314,1738179.3371],[4531255.4657,1738444.7371],[4530141.8657,1738871.1114],[4527939.9571,1739714.18],[4526654.46,1740209.1971],[4526300.8943,1740346.1657],[4525111.1171,1740807.0771],[4523071.7229,1741597.1286],[4522236.2,1741920.8057],[4513335.9,1745368.7286],[4511288.5686,1746161.8543],[4510227.5171,1746587.9029],[4510149.4486,1746619.2514],[4510061.6857,1746732.0886],[4509304.9314,1747016.0743],[4509304.9257,1747015.9029],[4509304.9086,1747015.3971],[4508888.1457,1747180.1543],[4506820.1257,1747997.6943],[4503042.6257,1749491.0343],[4500161.1629,1750630.1457],[4498322.2514,1751357.1143],[4496043.9029,1752257.8029],[4492666.0,1753593.1714],[4488728.7657,1755149.6571],[4488601.96,1755199.7886],[4480700.6429,1758323.3743],[4477292.8371,1759670.5657],[4476225.7143,1760092.4257],[4475539.5457,1760363.6857],[4475308.8143,1760454.8971],[4474385.1371,1760820.0514],[4474347.8486,1760728.8429],[4474347.5571,1760728.96],[4472198.5486,1761590.7314],[4471875.0086,1761721.2171],[4467531.5914,1763462.5857],[4464152.7457,1764817.24],[4464096.0886,1764842.8629],[4457461.3571,1767508.5829],[4453895.7714,1768954.7429],[4453357.5343,1769173.8343],[4452121.7286,1769674.2714],[4450217.64,1770446.8114],[4445225.4629,1772472.2771],[4442718.2229,1773488.2171],[4442322.86,1773648.7486],[4442293.2371,1773660.5857],[4442280.3686,1773665.8057],[4442255.3057,1773675.9714],[4442230.4143,1773686.18],[4442210.6943,1773694.2686],[4442022.3343,1773771.6743],[4441721.7571,1773895.1971],[4437663.68,1775562.8686],[4434674.7914,1776785.2829],[4429952.8571,1778722.0886],[4428780.8943,1779205.8457],[4428758.2114,1779212.1029],[4428758.1857,1779212.1086],[4424969.7314,1780769.28],[4420205.1971,1782746.9886],[4414978.8257,1784912.5057],[4414978.8514,1784912.5286],[4414276.82,1785203.4],[4412920.8029,1785765.2343],[4410715.7314,1786679.9829],[4410645.1343,1786709.1143],[4408434.7771,1787629.1771],[4407409.5914,1788055.9114],[4406948.34,1788249.4],[4405872.6686,1788700.4114],[4405241.4057,1788965.1543],[4400561.5771,1790927.8057],[4399616.7857,1791324.0371],[4399308.3886,1791453.3743],[4399087.3457,1791546.0771],[4399047.6171,1791562.74],[4397722.9629,1792118.2771],[4396467.4714,1792644.8114],[4394948.2829,1793281.9371],[4390327.8114,1795225.5114],[4388237.0057,1796121.5743],[4388217.4943,1796129.9371],[4387439.1,1796463.5371],[4386855.6143,1796713.6029],[4385429.7943,1797333.5457],[4384951.6314,1797541.06],[4384740.5086,1797632.5886],[4384726.6629,1797638.3771],[4384614.4486,1797686.3829],[4383001.6971,1798372.7143],[4380103.4143,1799625.7857],[4378989.6229,1800107.3343],[4377218.7486,1800853.7314],[4376794.5886,1801040.0571],[4375416.5743,1801626.3857],[4375124.2771,1801751.98],[4374752.2429,1801911.7057],[4373102.7829,1802619.8714],[4372960.14,1802680.6743],[4371091.5086,1803483.6657],[4370466.3629,1803751.9514],[4370449.7543,1803758.9086],[4368463.4857,1804612.4657],[4368403.8971,1804638.5114],[4368344.2029,1804664.14],[4366369.2886,1805512.0486],[4366339.4,1805524.88],[4366325.4314,1805530.8771],[4366267.9657,1805555.6257],[4366125.7229,1805616.5486],[4365976.08,1805680.64],[4365878.1143,1805722.6],[4365590.8171,1805845.6171],[4362951.2257,1806972.9514],[4359819.4686,1808312.8029],[4358009.8343,1809085.6457],[4357402.1457,1809345.5971],[4357393.6457,1809349.2343],[4357366.9171,1809360.6657],[4354265.9971,1810693.7886],[4354217.4943,1810715.22],[4352777.72,1811335.3057],[4352454.2114,1811474.6343],[4352444.9629,1811478.6229],[4352280.6829,1811549.4714],[4351518.4171,1811877.82],[4350786.3429,1812193.1629],[4349254.2229,1812853.1314],[4348792.1943,1813052.4771],[4345700.5314,1814389.4143],[4345479.0114,1814485.26],[4345022.0229,1814682.9857],[4341140.46,1816359.4314],[4341014.1657,1816413.9771],[4339881.9171,1816905.9143],[4339493.7457,1817074.4257],[4338014.48,1817716.5971],[4336984.4514,1818161.6343],[4336982.5057,1818165.28],[4336968.4571,1818171.3886],[4335554.8686,1818786.0943],[4334113.6714,1819418.2971],[4333246.2114,1819791.3143],[4332050.3514,1820312.5629],[4331432.34,1820582.1971],[4330783.9057,1820864.6429],[4328323.6514,1821942.8086],[4328259.4971,1821970.88],[4327993.8057,1822088.0371],[4327992.1971,1822088.7457],[4327954.1514,1822105.2629],[4327952.3,1822106.0657],[4327913.5429,1822122.8886],[4327911.4457,1822123.8],[4327111.0143,1822475.72],[4326594.4829,1822702.7971],[4326074.6371,1822932.0],[4326039.9457,1822941.2314],[4326033.9086,1822943.8857],[4325988.1771,1822964.0086],[4325945.4857,1822982.7914],[4325875.9714,1823013.38],[4325798.6286,1823047.4114],[4325787.1914,1823051.8029],[4325731.5029,1823073.1771],[4325724.36,1823078.1629],[4325718.8429,1823082.0143],[4325715.3286,1823086.8229],[4325710.7943,1823093.0286],[4325707.1571,1823105.3086],[4325707.2343,1823105.7086],[4325708.04,1823109.8771],[4324760.9571,1823513.6171],[4323033.8286,1824268.4114],[4322610.9886,1824455.0629],[4321756.0971,1824832.2686],[4321174.4371,1825089.4057],[4320831.0114,1825241.2286],[4320341.2771,1825457.1686],[4320211.42,1825514.64],[4319693.44,1825743.8914],[4318627.7514,1826215.5343],[4317549.0114,1826692.5857],[4316600.0286,1827111.7857],[4315900.88,1827410.2143],[4314005.8829,1828249.1086],[4313730.0029,1828381.52],[4312997.0829,1828695.6943],[4312310.9457,1828999.44],[4312279.82,1829013.22],[4311966.6371,1829151.86],[4311387.6714,1829424.9029],[4311016.5457,1829589.9829],[4309332.1971,1830319.8971],[4309135.0086,1830405.3914],[4307753.1229,1831017.1371],[4307641.1086,1831066.7257],[4307573.4886,1831096.98],[4307496.5971,1831131.38],[4307436.2314,1831158.3857],[4307388.8029,1831179.6057],[4307323.7829,1831208.6943],[4307305.9943,1831216.6543],[4306258.6286,1831685.24],[4306243.9829,1831691.7943],[4305369.9086,1832082.8571],[4305363.3629,1832085.7857],[4305351.5429,1832091.0714],[4304598.98,1832427.7657],[4303858.1257,1832759.2229],[4301558.6,1833788.0257],[4301557.8229,1833788.3743],[4300554.3086,1834237.3457],[4300552.1171,1834238.3257],[4300182.76,1834416.5429],[4299874.5286,1834554.0886],[4299870.3086,1834555.9714],[4299691.2371,1834635.8686],[4297065.02,1835811.4057],[4295601.0857,1836466.2143],[4295415.0486,1836550.1714],[4294495.1514,1836963.4657],[4293934.8229,1837215.2229],[4290956.8143,1838554.48],[4290926.22,1838568.24],[4290209.2657,1838890.6571],[4290176.46,1838905.4114],[4290062.4543,1838956.82],[4289617.8171,1839157.8114],[4289618.0229,1839156.48],[4289576.9486,1839174.9143],[4289576.94,1839175.3057],[4289531.68,1839195.68],[4287633.92,1840049.9886],[4286909.7771,1840376.5571],[4285953.9657,1840807.5543],[4285413.4714,1841052.2314],[4284988.4314,1841243.7886],[4284258.98,1841572.8514],[4283769.1371,1841793.8257],[4283323.3114,1841995.2857],[4281561.6257,1842793.1629],[4277828.8371,1844476.6429],[4276676.1314,1845006.6857],[4274341.5257,1846056.2343],[4274279.1943,1846083.4086],[4273710.2114,1846331.4486],[4272913.3371,1846695.5114],[4272540.6486,1846865.78],[4272290.3343,1846980.14],[4268723.8371,1848609.5514],[4265530.58,1850068.4429],[4265161.0257,1850237.2771],[4264842.1914,1850382.94],[4262368.7343,1851512.98],[4262270.7886,1851557.7286],[4262227.4971,1851577.5057],[4261936.0743,1851710.6486],[4257636.0114,1853675.2],[4255341.1457,1854734.5686],[4254651.5429,1855052.9057],[4255003.1543,1855859.9314],[4254753.3971,1855983.0714],[4254586.9114,1856065.1571],[4254770.7657,1856458.26],[4255030.8086,1857038.0429],[4256457.9514,1860219.9743],[4257596.28,1862658.5],[4257600.8057,1862666.1286],[4258088.4657,1863475.5714],[4258088.2943,1863476.1429],[4258280.62,1863590.2771],[4258497.3314,1863854.2286],[4258707.5571,1863836.7029],[4258971.8657,1863777.4171],[4259110.2486,1863921.4171],[4259183.7371,1864353.0971],[4259347.2171,1864826.7886],[4259779.7943,1864995.2543],[4260062.1914,1864876.2086],[4260446.8886,1864625.84],[4260699.2,1864548.5914],[4260771.3629,1864608.6143],[4260830.0943,1865317.5371],[4260817.0771,1865330.2257],[4260864.88,1865438.7143],[4260960.6143,1865654.1229],[4261499.0971,1865839.5914],[4261648.6886,1865983.1943],[4261672.6257,1866270.3914],[4261594.8371,1866886.6714],[4261594.8371,1867473.0229],[4261558.9343,1867945.7086],[4261511.0686,1868226.9029],[4261600.82,1868352.5543],[4262348.7314,1868364.54],[4262923.1143,1868298.7229],[4263276.1314,1868298.7114],[4263422.3143,1868625.5],[4263557.3371,1868891.0514],[4263940.2743,1869381.68],[4264143.7057,1869477.4143],[4264424.9143,1869692.8114],[4264644.7771,1870028.42],[4264751.5686,1870212.6657],[4264986.7971,1870514.5343],[4265033.84,1870545.88],[4265490.3914,1870555.0886],[4266006.0657,1870565.4886],[4266919.4829,1871388.7514],[4267523.2086,1871525.9657],[4268056.0257,1871435.9886],[4268148.1057,1871466.2914],[4268749.7571,1872273.0057],[4268835.3514,1872340.3486],[4269353.5,1872453.4143],[4270371.4,1872199.2286],[4270868.4057,1871863.2143],[4270869.6371,1871863.8086],[4271689.0714,1872233.3657],[4271793.6743,1872563.4314],[4271977.2114,1872850.0914],[4272274.6086,1873066.0086],[4272502.9,1873182.4486],[4272353.1371,1873361.74],[4272364.5914,1873620.1171],[4271875.3714,1873679.2143],[4271474.2371,1873773.1629],[4271233.4486,1873854.0314],[4271112.4286,1873965.7429],[4270904.4629,1874323.9171],[4270738.3971,1874531.0657],[4270515.1886,1874841.6657],[4270409.2171,1875020.7629],[4270320.1514,1875386.5314],[4270244.5543,1875895.3629],[4270114.32,1876102.3486],[4269876.8914,1876571.8229],[4269674.7686,1877068.9857],[4269555.1771,1877429.8571],[4270358.1914,1878038.9],[4270610.3343,1878947.7743],[4270648.6229,1878988.4886],[4271248.5857,1879599.6771],[4271578.2857,1879699.9857],[4271949.6886,1880084.4057],[4272177.5486,1880455.92],[4272246.14,1880524.0171],[4272387.4571,1880672.1657],[4273309.6314,1881422.6029],[4273690.5771,1881517.6114],[4273919.0943,1881559.5971],[4274259.9971,1881658.1314],[4275141.8857,1881774.38],[4275406.4571,1881812.8114],[4275643.1086,1881886.5114],[4276117.2114,1882156.6971],[4276346.3457,1882301.6286],[4276579.2057,1882410.9229],[4276860.4914,1882576.1743],[4276965.8971,1882720.0914],[4276979.9371,1882855.6686],[4276915.78,1883019.3029],[4276495.9714,1883758.3057],[4275790.1657,1884729.9686],[4275579.6314,1885053.6943],[4275508.3571,1885265.1743],[4275554.1743,1885408.7914],[4275647.2171,1885520.8029],[4275877.6371,1885784.9086],[4276099.4229,1885993.2971],[4276346.4829,1886313.1971],[4276540.0257,1886493.5457],[4276623.6743,1886776.7771],[4276521.2343,1887000.3429],[4276436.1543,1887117.4086],[4276116.6571,1887507.9629],[4276019.5371,1887536.6629],[4275894.2029,1887509.4457],[4275772.96,1887502.1229],[4275607.2086,1887469.8371],[4275376.8429,1887479.18],[4275251.3457,1887522.7543],[4275109.4743,1887589.3029],[4275000.3286,1887602.0029],[4274874.9714,1887626.0286],[4274697.1543,1887617.1257],[4274543.4314,1887656.0486],[4274369.0457,1887745.1429],[4273793.9114,1888255.5057],[4273566.1057,1888420.9914],[4273356.5086,1888687.2686],[4273244.6429,1888870.3457],[4273185.5314,1889172.8486],[4273183.4743,1889253.2943],[4273196.1829,1889372.0143],[4273238.5371,1889427.3771],[4273357.4971,1889585.7143],[4273719.86,1890142.5886],[4273859.2714,1890290.86],[4273878.9371,1890311.8343],[4274117.3086,1890469.9343],[4274447.7571,1890681.1143],[4274491.1743,1890708.7514],[4274582.4914,1890799.9657],[4274648.2943,1890960.5086],[4274652.1629,1891292.5429],[4274626.7429,1891474.98],[4274605.0657,1891803.3657],[4274602.7657,1891802.1229],[4274613.5086,1892163.36],[4274577.3743,1892306.6086],[4274576.9629,1892473.7286],[4274570.5743,1892646.8171],[4274528.6629,1892706.5143],[4274139.9343,1893017.0943],[4274014.2,1893196.1971],[4273930.3171,1893345.4343],[4273786.6743,1893524.5486],[4273631.1314,1893679.8057],[4273523.4571,1893781.3257],[4273427.8343,1893793.36],[4273015.3114,1893555.4543],[4272728.4486,1893561.7514],[4272549.1457,1893609.6571],[4272489.2543,1893705.1743],[4272447.14,1893854.3943],[4272207.7343,1894152.9143],[4272471.28,1894733.5686],[4273176.6886,1896278.2143],[4273629.4514,1897269.64],[4273737.6429,1897506.5457],[4274571.0714,1899310.2314],[4274797.1343,1899799.4743],[4275019.3257,1900280.3371],[4275574.9457,1901482.7914],[4276288.6657,1903034.9657],[4277300.5343,1905258.8343],[4277515.9686,1905756.5029],[4277653.1057,1906061.5257],[4277653.1143,1906061.5543],[4277580.2314,1906069.5029],[4277596.0257,1906254.6771],[4277120.4486,1906477.2257],[4277412.2,1906632.46],[4277616.4314,1906762.7086],[4277827.68,1906995.0886],[4278140.3057,1907511.3486],[4278234.9857,1907620.2971],[4278409.4057,1907925.7314],[4278401.1457,1908136.8486],[4278171.7771,1908551.4029],[4278171.0714,1908711.5657],[4278243.5,1908900.7514],[4278227.9057,1909111.8714],[4278050.8029,1909300.6657],[4277726.7057,1909408.2286],[4277520.5114,1909399.44],[4277542.0486,1909501.3429],[4277577.72,1909723.3657],[4277686.7943,1909897.8629],[4277522.9257,1910458.2686],[4277571.7143,1911033.3771],[4277657.74,1911470.12],[4277947.0371,1912328.8257],[4277748.1086,1912422.5857],[4277652.0714,1912557.0514],[4277673.2286,1912746.3257],[4277934.9686,1913175.3229],[4278335.6314,1913611.0143],[4278400.9457,1913749.2314],[4278414.7743,1913938.5086],[4278338.62,1914579.1257],[4278332.7457,1914689.3743],[4278313.9743,1915076.0171],[4278301.1143,1915333.6943],[4278351.9514,1915682.1029],[4278432.2143,1915953.5],[4278695.3429,1916488.9686],[4278629.1314,1916635.6743],[4278328.0314,1916819.1086],[4278166.4829,1916885.1629],[4277865.4343,1916980.6],[4277806.6029,1917090.6314],[4277799.0486,1917251.9971],[4277901.4886,1917362.0371],[4278165.0571,1917450.1286],[4278406.6686,1917516.2143],[4278809.3343,1917677.6857],[4278961.7771,1917762.5771],[4279006.9857,1917787.7514],[4279219.2657,1917927.1571],[4279255.7171,1918073.8571],[4279277.4971,1918227.8914],[4279262.5543,1918429.6],[4279159.3886,1918789.0143],[4279122.24,1919141.0914],[4279165.9714,1919324.4657],[4279422.1943,1919456.5543],[4279531.9971,1919522.5914],[4279993.0086,1919992.0943],[4280325.4057,1920460.7171],[4280323.5943,1920463.4714],[4280332.1829,1920476.1143],[4280337.9971,1920478.4743],[4280500.9514,1920707.3057],[4280554.3771,1920908.0371],[4280513.2771,1921190.4743],[4280452.5629,1921707.0057],[4280376.1314,1922115.8314],[4280242.1343,1922621.4143],[4280142.46,1922896.6257],[4280126.0,1922923.9143],[4279994.3286,1923131.6714],[4279918.9771,1923395.6171],[4279946.7686,1923600.9114],[4280193.2857,1923879.5143],[4280402.6314,1924268.1],[4280596.8229,1924737.34],[4280813.1371,1925177.2457],[4280879.6143,1926005.32],[4281066.8971,1925871.7571],[4281343.0629,1925869.6971],[4281481.5114,1926028.4086],[4281803.8914,1926186.0143],[4282172.2771,1926343.3086],[4282724.6371,1926430.7314],[4283323.0114,1926494.9343],[4283392.4743,1926631.1771],[4283545.8571,1926621.0543],[4283583.88,1926618.8171],[4283784.3686,1926607.6743],[4283969.46,1926516.6371],[4284662.8829,1926633.0343],[4284987.6714,1926313.6857],[4285218.7943,1926337.2114],[4286314.6057,1926747.2771],[4286328.8229,1926752.6],[4286330.6286,1926752.4314],[4287801.1629,1927232.0571],[4288910.4914,1928079.0371],[4289314.4686,1928061.74],[4289646.9257,1928047.0886],[4290056.1343,1928028.8943],[4290654.42,1928865.3143],[4291034.1029,1929076.3914],[4291311.0943,1929230.3829],[4291472.2629,1929031.5657],[4291893.5286,1928511.8857],[4292619.0057,1927923.1829],[4293111.4,1927228.5743],[4293847.5457,1927389.6686],[4293993.5943,1927277.22],[4294312.1057,1927031.9943],[4294625.9857,1926790.3371],[4294867.2886,1926888.5857],[4295314.4514,1927070.6457],[4295626.8286,1927515.3257],[4295652.8514,1927884.0257],[4295679.3571,1928259.4943],[4295726.4314,1928283.7857],[4295952.2514,1928305.6829],[4295954.4114,1928307.8629],[4297000.1029,1928261.1571],[4297390.3486,1928067.2914],[4297633.5429,1927946.4771],[4297841.3743,1927844.2286],[4297908.5029,1927811.3343],[4297994.3714,1927769.3457],[4298127.9286,1927704.2171],[4298165.62,1927685.8743],[4298200.5029,1927668.9029],[4298226.7029,1927656.1657],[4298393.5,1927574.8371],[4298654.4143,1928191.2343],[4299118.9029,1927989.5771],[4299397.9943,1927868.4057],[4299700.7771,1928468.4343],[4299778.8857,1928631.4286],[4299887.98,1928859.1],[4300788.1857,1930726.1943],[4300915.7143,1931276.7029],[4300962.8657,1931482.8943],[4301292.6771,1931326.76],[4302218.3943,1930889.1629],[4302276.18,1930861.8514],[4302669.1743,1930367.92],[4302804.8914,1930197.7086],[4302855.5571,1930134.3086],[4302963.7171,1929783.9714],[4303023.7257,1929589.6],[4303057.2486,1929481.0257],[4303471.9971,1929459.3314],[4304212.3714,1929231.1743],[4304479.3771,1929268.82],[4305054.6371,1929349.08],[4305403.8657,1929403.0171],[4305434.5057,1929387.3429],[4305778.8543,1929197.6143],[4305869.8857,1929145.9257],[4306671.7086,1928717.7543],[4307553.78,1929428.5543],[4307961.5543,1929849.24],[4308287.0171,1929688.8486],[4309060.2029,1929338.2829],[4309877.4314,1928967.7514],[4310761.8114,1928566.7686],[4311579.4657,1928196.0457],[4312674.94,1927699.3571],[4312861.2514,1927614.8829],[4317361.0114,1925600.32],[4320508.5686,1924191.1457],[4322305.9657,1923385.0257],[4326321.8771,1921583.9143],[4327247.6257,1921168.72],[4328469.5743,1920620.2286],[4328942.2543,1920408.06],[4330394.7543,1919756.08],[4330629.0314,1919650.92],[4330643.4886,1919644.3571],[4330979.4857,1919493.7514],[4332679.4229,1918725.62],[4332938.3743,1918608.6086],[4333074.6829,1918547.5457],[4335575.5886,1917418.1829],[4335632.3914,1917392.5343],[4337917.7857,1916360.6857],[4338505.9114,1916100.7686],[4340767.6114,1915101.22],[4340876.8,1915052.1886],[4343658.88,1913800.3743],[4344323.2971,1913501.2629],[4346922.64,1912331.0686],[4347537.2257,1912054.3886],[4348845.1343,1911465.5829],[4351781.9543,1910143.4629],[4352006.18,1910038.4171],[4356065.0314,1908260.4914],[4356537.1771,1908058.4143],[4356636.6171,1908015.8143],[4356668.9657,1908001.7743],[4356906.3343,1907898.7286],[4357138.16,1907798.0914],[4357200.9829,1908049.22],[4357169.5657,1908221.8743],[4357163.36,1908228.46],[4357208.7657,1908409.3086],[4357180.6371,1908742.2743],[4357146.1371,1909150.6514],[4357144.3686,1909171.5657],[4356643.0857,1910231.12],[4354961.1943,1910247.5914],[4354168.7686,1910627.82],[4353571.6886,1910709.7229],[4353473.4114,1910797.0114],[4353333.9029,1910876.5514],[4353199.3743,1910921.2314],[4353104.7114,1911065.5314],[4353089.7657,1911389.0286],[4353134.6114,1911737.4086],[4353269.1457,1912155.4457],[4353279.1114,1912252.4943],[4353259.1829,1912396.82],[4353269.1514,1912680.5029],[4353418.6314,1912979.0771],[4353772.4,1913867.3771],[4354016.5486,1914300.2943],[4354225.82,1914464.4171],[4354380.28,1914688.3229],[4354574.6057,1915320.3543],[4354629.4171,1915591.5914],[4354549.6971,1915930.0114],[4354534.7543,1916079.3143],[4354569.6314,1916114.14],[4354783.8829,1916059.08],[4354993.1486,1916083.7514],[4355292.1057,1916083.4143],[4355416.6714,1916003.5257],[4355610.9943,1915948.4886],[4355740.54,1915968.2714],[4356089.3229,1916187.0371],[4356507.86,1916353.44],[4356697.2,1916512.6029],[4356727.0971,1916676.8371],[4356961.28,1916925.58],[4357235.3229,1917074.7],[4357464.5229,1917283.6171],[4357524.3143,1917413.0],[4357609.0171,1917557.3029],[4357489.4371,1917577.0971],[4357265.2257,1917721.2886],[4357165.58,1918062.1886],[4357041.0229,1918624.5657],[4356766.9914,1919502.9371],[4356747.0657,1919697.0371],[4356856.6829,1920040.4229],[4356911.4914,1920110.08],[4356906.5086,1920179.7543],[4356099.3457,1920193.7886],[4355820.3257,1920203.4371],[4355242.3571,1920322.3486],[4354734.1429,1920498.62],[4354549.7914,1920677.7],[4354201.0229,1921374.3743],[4354196.04,1921478.8857],[4354310.8486,1921659.4629],[4354394.8486,1921792.5429],[4354334.3486,1922009.28],[4354507.5886,1922328.1571],[4354894.5171,1922706.8229],[4355007.6857,1923145.28],[4355146.6057,1923269.84],[4355280.6486,1923344.5771],[4355439.2057,1923576.26],[4355446.9829,1924268.8257],[4355535.6971,1924562.7914],[4355494.6829,1924926.5086],[4355573.6743,1925143.2486],[4355697.64,1925287.7371],[4356000.4514,1925472.0857],[4356173.44,1925880.6486],[4356256.64,1926349.0029],[4356370.8171,1926418.7543],[4356474.2829,1926438.8943],[4356702.8943,1926482.9771],[4356920.5029,1926636.8029],[4357055.8114,1927315.2886],[4356985.0314,1927469.3514],[4356603.4371,1927767.1686],[4356487.3429,1927985.8171],[4356375.2086,1928385.9343],[4356289.9114,1928435.5286],[4356144.5429,1928435.1886],[4355893.8571,1928369.8114],[4355663.2714,1928379.2371],[4355422.6,1928308.8971],[4355266.98,1928193.8457],[4355081.4314,1928263.1371],[4354945.9571,1928342.4886],[4354543.7943,1928821.32],[4354408.7029,1928983.6829],[4354313.7114,1929157.9914],[4353983.2943,1930061.9229],[4353963.0943,1930226.2771],[4354017.4057,1930525.1057],[4354514.2114,1931262.1543],[4354558.7943,1931414.0571],[4354483.6257,1931668.0543],[4354503.5829,1931673.1914],[4354657.72,1931712.8257],[4354836.7857,1931657.9429],[4355702.3229,1931542.98],[4356095.2857,1931630.0057],[4356259.44,1931629.94],[4356329.0771,1931604.9971],[4356567.8486,1931599.9143],[4356672.28,1931535.0914],[4356786.5343,1931355.6314],[4356905.7771,1931186.14],[4357134.6,1931181.0629],[4357413.0886,1931350.3314],[4357641.8771,1931449.88],[4357715.7686,1931965.36],[4357710.3943,1932204.42],[4357495.2914,1932682.5286],[4357406.1543,1932848.8257],[4357180.16,1933269.7314],[4356860.3686,1933612.8771],[4356800.46,1933602.8257],[4356445.7171,1933965.8514],[4355796.5486,1934328.5486],[4355516.8743,1934519.9086],[4354982.2029,1935106.7486],[4354897.3143,1935151.46],[4354672.5143,1935355.3229],[4354512.4,1935663.76],[4354560.8229,1935766.8943],[4357092.3857,1934624.98],[4357504.0,1934441.6914],[4358805.7686,1933862.0171],[4360820.4429,1932964.8971],[4361248.3943,1933868.8229],[4361330.5086,1934042.2657],[4361654.7171,1934727.06],[4361763.1343,1934956.0571],[4362102.9829,1935702.5571],[4362166.9343,1935843.0286],[4362761.0,1937109.8486],[4362950.9314,1937514.8714],[4363536.1914,1937042.0114],[4363814.0086,1936940.3143],[4364107.16,1937407.3543],[4364575.2657,1937728.6543],[4364736.6657,1938049.7229],[4364970.5686,1938042.6971],[4365324.7943,1937881.4371],[4366855.6914,1937701.6257],[4367199.6743,1937802.8857],[4367692.12,1938025.38],[4367853.9771,1938005.3914],[4368360.3371,1937528.78],[4368731.5114,1937260.34],[4369223.9514,1937045.7829],[4369554.76,1936740.3514],[4369831.4657,1936532.3029],[4370222.7171,1936364.6857],[4370411.5486,1936351.4486],[4370634.1314,1936425.6771],[4370971.8886,1936829.7],[4371080.4943,1937156.1943],[4371037.2,1937498.5029],[4371047.5629,1937521.56],[4371087.5114,1937836.7257],[4371278.7971,1938284.7514],[4371320.3886,1938346.04],[4372269.2514,1939756.62],[4372079.4914,1940070.0771],[4372120.2057,1940233.52],[4373096.7314,1940468.3743],[4373530.7457,1940633.0943],[4373842.7057,1940878.8857],[4374236.1771,1941886.9743],[4374507.4343,1941969.56],[4374588.8086,1941956.3571],[4374948.5857,1942088.8086],[4375334.6714,1942229.6543],[4375985.5257,1942271.0457],[4376365.1857,1942407.0857],[4376500.7829,1942468.2657],[4376487.2,1943228.4486],[4376324.4657,1943757.8857],[4376310.8971,1944042.9514],[4376636.3229,1944097.5514],[4377341.4114,1944464.5343],[4377436.3257,1944613.8857],[4377721.0714,1944695.5686],[4378168.5343,1944641.82],[4378575.3171,1944845.7143],[4378683.78,1945375.1371],[4378941.4029,1945728.1714],[4379158.3543,1945782.6543],[4379172.5143,1945861.6429],[4379173.9943,1945869.9],[4379251.3029,1946309.7886],[4378961.7686,1947356.3143],[4379109.2486,1947707.34],[4378822.92,1947922.8629],[4378671.4657,1948422.48],[4379001.24,1950488.7171],[4379230.5514,1950636.7743],[4379311.0057,1950825.7857],[4379164.6829,1951081.4286],[4378982.6657,1951399.4286],[4379022.6657,1951547.9686],[4379332.6086,1951858.08],[4379426.3257,1952114.6171],[4379529.96,1953208.5457],[4379850.6,1954248.2686],[4380469.9971,1955017.2057],[4381008.6029,1955684.96],[4381453.9914,1955845.7714],[4381629.0429,1956061.6114],[4381517.4343,1956763.8657],[4381759.5314,1957141.7314],[4381852.2686,1957627.8943],[4382189.0771,1957992.0143],[4383295.7686,1958407.6057],[4383091.1486,1958596.3314],[4383008.6629,1958839.3771],[4383089.0057,1959055.4086],[4383318.32,1959203.4657],[4383371.5171,1959433.0343],[4383261.28,1959817.8829],[4382797.3429,1960289.8257],[4382620.0886,1960424.5371],[4382088.8571,1960557.9457],[4381680.2743,1960529.1943],[4380767.2686,1960999.6829],[4380331.4486,1960997.9457],[4380099.5029,1961227.1571],[4380095.9743,1961236.7571],[4379972.4914,1961572.9171],[4379920.9457,1961713.2314],[4379669.4429,1961949.3457],[4379648.1086,1961969.3743],[4379469.6086,1962441.94],[4379630.5171,1962819.96],[4379832.28,1963130.3457],[4380458.9771,1963544.5971],[4380870.8971,1963816.88],[4381733.5657,1964605.4229],[4382320.4286,1964832.7486],[4382529.8314,1964913.86],[4382731.5971,1965224.2457],[4383635.8314,1965572.8971],[4384094.8429,1965584.6086],[4384539.8029,1965941.6486],[4384782.6543,1965804.9343],[4385363.1114,1965680.5057],[4385849.1257,1965705.6686],[4386335.0029,1965527.3114],[4386523.8486,1965648.4457],[4386577.5571,1965756.44],[4386522.8886,1965837.4057],[4386059.62,1966052.3257],[4385268.6686,1966699.1086],[4385645.6771,1967171.2686],[4386077.0257,1967562.16],[4386373.1286,1967966.9314],[4386424.5,1968615.1914],[4386801.2257,1969168.4486],[4387029.9943,1969492.2857],[4387054.9686,1969978.4829],[4387284.4657,1970004.6743],[4387432.9457,1969963.3714],[4387675.38,1969677.1171],[4388039.8486,1969594.2543],[4389065.42,1969115.1143],[4389348.5714,1968883.1314],[4389345.96,1968875.1857],[4389763.92,1968635.9343],[4389970.2343,1968575.6343],[4390107.6829,1968569.1857],[4391167.2943,1968706.1829],[4391364.7629,1968999.5171],[4392186.4771,1969695.0057],[4392454.2686,1970318.5943],[4392545.4314,1970533.8686],[4392597.7771,1970705.84],[4392635.9514,1970831.2429],[4392777.7086,1971009.9086],[4392550.0629,1971085.1971],[4392016.7314,1971963.1229],[4392025.3114,1972163.8029],[4392420.5371,1972618.0343],[4392784.8429,1972694.0686],[4393178.8857,1972618.7857],[4393318.88,1972453.1343],[4393618.9571,1972098.0543],[4393917.4486,1971716.5886],[4394021.5257,1971709.8],[4394484.0514,1972283.0371],[4394952.6171,1972478.0857],[4395421.5029,1972787.9857],[4395883.0514,1973123.8],[4396082.1486,1973827.6886],[4396087.02,1973844.9114],[4395602.7457,1974158.6257],[4395322.3686,1975281.1857],[4395316.8686,1975290.1429],[4395070.6629,1975640.5943],[4395034.3857,1975754.3029],[4395026.6257,1975881.9371],[4395059.8286,1975996.6571],[4395069.04,1976103.0857],[4395057.1886,1976238.9314],[4395092.2171,1976401.54],[4395151.5829,1976511.7486],[4395227.5886,1976571.7429],[4395280.4943,1976581.9943],[4395412.2971,1976553.8886],[4395534.7457,1976552.3371],[4395584.4629,1976570.4057],[4395669.2086,1976633.2171],[4395779.2229,1976691.9286],[4395939.4914,1976726.3714],[4396005.9343,1976754.2943],[4396049.4543,1977106.7],[4395769.7771,1978071.7829],[4395349.4971,1978789.1829],[4395763.9571,1979166.4629],[4395934.1143,1979188.7543],[4396089.5257,1979314.52],[4396104.5914,1979565.9543],[4396171.2029,1979628.8343],[4396496.7257,1979569.9486],[4396563.3143,1979599.5629],[4396622.5971,1979732.6829],[4396689.2457,1979836.2257],[4396888.9971,1979806.8114],[4397066.5657,1979740.4371],[4397488.5371,1979223.6257],[4397621.7257,1979149.8371],[4398036.02,1979157.52],[4398339.4057,1979349.9114],[4398561.5657,1979697.5257],[4398569.2371,1979948.9571],[4398613.6771,1980022.9171],[4398968.7857,1980019.4743],[4399213.0086,1980226.6171],[4399597.92,1980648.24],[4399708.9029,1980692.6657],[4399723.7943,1980788.8],[4399532.32,1981343.4514],[4399651.3114,1982001.62],[4399821.4971,1982097.8286],[4400228.3943,1982075.9486],[4400487.3514,1982179.6057],[4400561.52,1982408.86],[4401005.4371,1982560.6829],[4401020.3,1982634.6343],[4400902.7057,1983189.2714],[4401206.3257,1983670.0143],[4401443.5286,1984269.0429],[4401406.6714,1984343.0029],[4401517.72,1984483.5371],[4401843.2686,1984616.8029],[4402006.0657,1984731.4857],[4401954.9,1985226.9571],[4401704.1171,1985559.7943],[4401638.0657,1985959.1314],[4401542.4771,1986373.2629],[4401705.7943,1987009.2514],[4401898.6829,1987648.9457],[4401706.8229,1987796.9114],[4401559.2029,1987848.7514],[4401101.5543,1987849.0771],[4400872.7629,1987974.8943],[4400813.8629,1988159.7743],[4400858.5,1988418.6029],[4400806.94,1988559.1143],[4400792.3371,1988714.4114],[4401132.8771,1989136.0171],[4401214.4971,1989420.7343],[4401207.5857,1989842.2514],[4401126.6914,1990182.4314],[4401149.12,1990411.68],[4401541.2286,1990478.4714],[4401572.3571,1990464.4743],[4401918.5743,1990308.8],[4402510.4257,1990309.22],[4402998.7514,1990523.9057],[4403472.2314,1990520.5486],[4403886.54,1990424.7829],[4403827.6571,1990624.4571],[4403791.0686,1990942.4429],[4403658.4629,1991282.6343],[4403370.72,1991571.1257],[4402809.8029,1991844.9943],[4402647.5514,1992081.6714],[4402455.6343,1992111.3686],[4402249.22,1992503.3429],[4401946.8343,1992932.3257],[4401784.5257,1993106.1543],[4401806.9714,1993350.1914],[4401895.7514,1993365.0371],[4402640.1514,1993970.58],[4402945.7286,1993654.6657],[4403394.3057,1993214.2629],[4404023.94,1992695.3114],[4404826.7857,1992176.5286],[4405157.4,1992050.9143],[4405869.7971,1991795.8086],[4406357.8457,1991599.5057],[4406837.9829,1991300.8286],[4407255.0571,1990852.5286],[4407278.6686,1990806.4229],[4407641.6657,1990683.1029],[4409304.4686,1990743.0514],[4409478.6743,1990728.8714],[4411177.0257,1990587.6543],[4411412.06,1989898.3629],[4411113.3629,1989398.1629],[4410829.5914,1988922.9543],[4410523.7,1987650.3514],[4411226.7029,1986977.4686],[4411695.1886,1986759.28],[4412249.8029,1986503.5143],[4412883.6457,1985581.34],[4413126.8429,1985227.1286],[4413272.7486,1985014.6257],[4413444.4057,1984756.4114],[4413225.8286,1983808.2971],[4413274.7429,1983133.4857],[4412970.7286,1982137.0114],[4411895.6057,1980117.9171],[4411803.1,1979733.9514],[4411238.7514,1977423.3857],[4411182.0771,1977237.0943],[4410372.5286,1974576.0886],[4410061.9257,1973562.1371],[4410130.2914,1972719.5743],[4410257.04,1972322.2229],[4410611.9371,1972192.7829],[4410583.1857,1972063.9171],[4410467.28,1971860.8543],[4410449.2571,1971553.1629],[4412082.54,1970734.3429],[4412346.78,1970589.9543],[4413657.9314,1969893.0514],[4413701.4914,1969870.2914],[4414909.8029,1969640.0571],[4415386.2171,1969449.6171],[4415304.6371,1969297.9771],[4415298.5514,1969289.0171],[4415275.5371,1969255.1314],[4415162.9771,1969089.3943],[4415161.6,1969087.3686],[4415099.4686,1968975.8886],[4415108.3514,1968972.0686],[4415117.24,1968968.2514],[4415126.1229,1968964.4286],[4415135.0057,1968960.6086],[4415143.8943,1968956.7914],[4415152.7771,1968952.9714],[4415161.6657,1968949.1514],[4415170.5486,1968945.3314],[4415179.4343,1968941.5143],[4415188.32,1968937.6943],[4415197.2029,1968933.8714],[4415206.0914,1968930.0543],[4415214.9743,1968926.2343],[4415223.8629,1968922.4143],[4415232.7457,1968918.5943],[4415241.6286,1968914.7771],[4415250.5171,1968910.9543],[4415259.4,1968907.1343],[4415268.2886,1968903.3171],[4415277.1714,1968899.4971],[4415286.0571,1968895.6771],[4415294.9429,1968891.8571],[4415303.8257,1968888.04],[4415312.7143,1968884.2171],[4415321.5971,1968880.4],[4415330.4857,1968876.58],[4415339.3686,1968872.7571],[4415348.2571,1968868.94],[4415357.14,1968865.12],[4415366.0229,1968861.3029],[4415374.9114,1968857.48],[4415383.7943,1968853.6629],[4415392.6829,1968849.8429],[4415401.5657,1968846.0257],[4415410.4514,1968842.2029],[4415419.3371,1968838.3829],[4415428.22,1968834.5657],[4415437.1086,1968830.7429],[4415445.9914,1968826.9257],[4415454.8771,1968823.1057],[4415463.7629,1968819.2857],[4415472.6486,1968815.4657],[4415481.5343,1968811.6486],[4415490.4171,1968807.8286],[4415499.3057,1968804.0086],[4415508.1886,1968800.1886],[4415517.0743,1968796.3714],[4415525.96,1968792.5514],[4415534.8457,1968788.7286],[4415543.7314,1968784.9114],[4415552.6171,1968781.0914],[4415561.5,1968777.2714],[4415570.3857,1968773.4514],[4415579.2714,1968769.6343],[4415588.1571,1968765.8143],[4415597.0429,1968761.9943],[4415605.9257,1968758.1743],[4415614.8143,1968754.3571],[4415623.6971,1968750.5343],[4415632.5829,1968746.7171],[4415641.4686,1968742.8971],[4415650.3543,1968739.0771],[4415659.24,1968735.2571],[4415668.1229,1968731.44],[4415673.7229,1968729.0314],[4417968.6086,1967688.3629],[4418051.2943,1967651.6029],[4419148.5057,1968927.7829],[4421127.1771,1967904.8086],[4421137.5714,1967904.8114],[4421769.8257,1968056.9886],[4422261.58,1968174.0514],[4422659.6543,1968209.2343],[4423174.8086,1968174.2943],[4425147.8143,1967362.2371],[4425545.9,1967455.8857],[4425920.56,1967455.9857],[4426377.1829,1967350.8771],[4426740.24,1967093.7629],[4427021.6514,1966567.76],[4427220.8171,1966345.6829],[4427630.7029,1966076.8857],[4428005.4257,1965878.2229],[4428871.9971,1965375.7143],[4429340.6143,1964861.4314],[4429347.06,1964411.3886],[4429417.5829,1964142.5343],[4429511.3314,1964013.96],[4429815.7543,1963932.1943],[4430190.5229,1963663.3914],[4430156.1914,1963102.3029],[4430285.0943,1962926.9714],[4430624.6343,1962868.6],[4430917.3486,1962786.8371],[4431362.2571,1962751.8771],[4431725.5057,1962284.3343],[4432123.6457,1962494.9229],[4432205.7343,1962658.6657],[4432252.8686,1962927.6657],[4432405.24,1963161.5943],[4432709.6943,1963313.6857],[4433154.74,1963641.2229],[4433986.4514,1962823.0629],[4434355.3829,1962536.7171],[4434321.3257,1961765.22],[4434345.5629,1961122.3029],[4434148.0543,1960187.1571],[4434464.7029,1959544.2629],[4434430.1057,1959181.8914],[4434547.4771,1958866.2829],[4434559.7743,1958410.3971],[4434665.4457,1958094.7857],[4434619.2371,1957673.9686],[4434777.44,1957457.7286],[4435093.6229,1957270.7486],[4435327.7914,1957212.3514],[4435573.7029,1957341.0429],[4435913.4886,1956931.9457],[4436253.0829,1956744.9714],[4436342.3857,1956434.0029],[4436347.0743,1956417.6714],[4436628.4314,1955938.4286],[4436571.0829,1955096.7914],[4436022.46,1954664.3543],[4436256.7257,1954453.9743],[4436702.0029,1953881.2343],[4437100.6,1953191.5886],[4437288.2629,1952794.16],[4437300.3571,1952490.2371],[4437482.1457,1952110.3429],[4437482.8114,1951607.7],[4437576.8629,1951233.6429],[4437740.8657,1951070.0114],[4437916.5486,1950929.76],[4438112.4686,1950539.1971],[4438125.94,1950512.3429],[4438127.6314,1950508.9571],[4438183.5657,1950706.1886],[4438319.5657,1951185.74],[4438419.7857,1951539.1229],[4438560.0429,1951866.9229],[4438709.1086,1951940.9629],[4439323.9686,1952246.3543],[4439194.2714,1952480.04],[4439398.2029,1953348.3343],[4439857.2714,1953604.02],[4440851.94,1953452.1229],[4441464.0429,1953580.3771],[4442050.6171,1953096.5886],[4442866.7514,1952867.9857],[4442994.2486,1952613.2314],[4443453.2143,1951517.74],[4445969.5257,1950485.9371],[4446000.8229,1950481.1057],[4446778.2571,1950289.0914],[4447432.9343,1950079.4171],[4448087.6086,1949799.6086],[4448672.1286,1949402.8714],[4448894.2314,1949122.66],[4449467.0686,1948854.4543],[4450215.2771,1948703.3257],[4451033.6286,1948657.4943],[4451425.2686,1948698.8686],[4452103.3314,1948804.8829],[4453108.7343,1948946.3571],[4453595.9657,1949128.2743],[4453611.4343,1949134.0514],[4453751.72,1949227.7829],[4454055.6771,1949251.5171],[4454371.3286,1949333.7371],[4454464.84,1949497.6486],[4454580.7571,1949639.5714],[4454675.2543,1949755.2657],[4454725.9343,1949795.3571],[4454863.16,1949905.6571],[4454883.6086,1949909.8629],[4454983.7629,1949927.8971],[4455142.04,1949978.4],[4455429.9229,1949964.74],[4455509.0714,1949936.2829],[4456014.4257,1949754.5743],[4457444.6914,1949811.0086],[4457846.5057,1950190.4229],[4458038.14,1951434.6286],[4457404.6714,1952096.1886],[4457540.6,1952755.7543],[4457138.0143,1953967.9857],[4457001.9543,1954142.9229],[4456916.86,1954245.6743],[4456683.5771,1954531.6257],[4456658.5343,1954670.2257],[4456552.1543,1955300.2171],[4456352.32,1955597.3],[4456250.2,1955778.24],[4455849.9886,1956326.4057],[4455618.6257,1956937.9286],[4455851.5657,1957444.0],[4455999.5457,1957507.1629],[4456802.8771,1957865.1314],[4457437.04,1958033.3371],[4458155.7543,1958222.5657],[4458895.6914,1958601.6943],[4459107.5086,1959107.7743],[4459699.6829,1959697.9971],[4459932.4514,1960056.4314],[4461898.2914,1960371.0343],[4461944.5343,1960406.5086],[4461946.9743,1960415.3543],[4462106.4086,1960429.84],[4462200.62,1960458.8257],[4462541.2229,1960611.0029],[4462816.6057,1960741.4429],[4463207.94,1960900.8657],[4463280.3771,1961292.2143],[4463497.7686,1961647.3257],[4463649.9429,1961879.2343],[4463736.8943,1962067.6629],[4463758.62,1962256.0886],[4463867.32,1962386.5371],[4463889.0457,1962553.2229],[4463831.0486,1962748.8971],[4463831.0286,1962944.5714],[4463762.1543,1963165.6114],[4463399.7314,1963354.0286],[4462950.3371,1963535.1886],[4462798.1114,1963730.8629],[4462566.1629,1963854.0571],[4462464.6514,1964303.3857],[4462399.3971,1964564.2829],[4462392.1371,1964709.2286],[4462406.6086,1964970.1286],[4462363.1029,1965165.8029],[4462247.1229,1965325.24],[4462138.3886,1965506.4171],[4462065.8914,1965731.0829],[4462015.1257,1966049.96],[4461891.9029,1966158.6657],[4462413.6857,1966194.8714],[4462536.88,1966260.0943],[4462649.1829,1966618.8314],[4462743.3771,1966857.9886],[4462808.5857,1967089.9],[4462859.2829,1967466.7543],[4463127.42,1967560.9571],[4463402.7943,1967836.3429],[4463612.9514,1967981.2829],[4464243.34,1969546.6771],[4464471.5971,1969963.3886],[4464478.8057,1970361.9857],[4464573.0086,1970550.4114],[4464616.48,1970695.3571],[4464594.7229,1970847.5486],[4464862.8543,1971064.9571],[4464993.2971,1971093.94],[4465188.9629,1971180.8971],[4465348.3886,1971369.3257],[4465471.5857,1971478.0286],[4465710.7343,1971507.0057],[4465870.1657,1971586.72],[4466007.8229,1972094.0229],[4466174.4886,1972354.9229],[4466471.6,1972710.0286],[4466384.5943,1973050.6486],[4466036.6629,1973376.7657],[4465645.2543,1973304.2629],[4465195.8514,1973557.9029],[4465029.14,1973579.6343],[4464652.2171,1973311.4457],[4464489.1314,1973315.06],[4464336.9171,1973286.0629],[4464162.9543,1973133.8457],[4463960.0,1973162.8257],[4463735.3029,1973133.82],[4463438.1171,1973220.7743],[4463097.4457,1973162.7743],[4462916.2371,1973177.2571],[4462778.5143,1973300.4571],[4462727.7514,1973641.0743],[4462655.2514,1973887.4829],[4462292.8086,1973365.6143],[4461915.8886,1973097.4257],[4461673.0686,1973028.5571],[4461390.3857,1973035.7886],[4461238.1686,1972948.8086],[4461114.94,1972832.8343],[4460752.5229,1972905.2914],[4460063.9343,1973021.2114],[4459860.9771,1973100.9229],[4459629.0343,1973064.6714],[4459389.8343,1973209.6086],[4459020.1686,1973325.5486],[4458784.5971,1973314.6629],[4458320.7,1973089.9543],[4458284.4343,1972800.0343],[4458175.7029,1972662.3171],[4457588.5829,1972394.1171],[4457073.9343,1971879.4914],[4456950.6886,1972234.6029],[4456928.9229,1972488.2571],[4456631.7286,1972814.3743],[4456327.2943,1972995.5457],[4455957.6229,1973212.9543],[4455834.3914,1973444.86],[4455740.1543,1973575.3086],[4455769.14,1973655.0286],[4455852.4714,1973760.1086],[4455808.9686,1973948.54],[4455729.2257,1974151.46],[4455736.4571,1974303.6514],[4455808.9229,1974405.1114],[4456004.5857,1974267.3943],[4456287.22,1974260.1286],[4456395.9171,1974397.8229],[4456555.3486,1974513.7743],[4457091.5914,1975216.7429],[4457446.6714,1975687.8057],[4457664.0714,1975912.4657],[4457917.7,1976253.08],[4458142.3429,1976542.9657],[4458258.2886,1976680.66],[4458301.76,1976832.8514],[4458178.5343,1976934.3086],[4458022.6886,1977090.12],[4457957.2371,1977286.4086],[4457935.6886,1977351.02],[4457950.1686,1977539.4486],[4458124.08,1977843.8286],[4458269.0,1978184.4457],[4458254.4886,1978343.8857],[4458145.7486,1978597.5371],[4458116.7257,1978930.9114],[4458138.4314,1979307.7657],[4458247.0943,1979858.5543],[4458355.7686,1980293.3886],[4458163.6657,1980702.8514],[4457815.7257,1981137.6771],[4457424.3057,1981471.04],[4457177.8629,1981413.0429],[4456800.94,1981695.6743],[4456779.1743,1981963.8229],[4457076.2457,1982753.7657],[4457076.2171,1983058.1486],[4457177.6686,1983224.8343],[4457018.2,1983348.0314],[4456779.0057,1983427.7429],[4456322.36,1983500.1943],[4456104.9057,1983637.8829],[4455753.3543,1983931.3857],[4455651.8514,1984300.9914],[4455688.04,1984815.5457],[4455637.2943,1984953.2429],[4455593.7686,1985359.0886],[4455600.9943,1985619.9857],[4455767.6686,1985721.4429],[4455883.6114,1985902.6229],[4456057.5229,1986214.2514],[4456390.8743,1986489.6343],[4457223.6914,1987078.2257],[4457288.2229,1987165.8914],[4457208.8486,1987258.4971],[4457192.9743,1987324.6429],[4457277.64,1987480.7457],[4457425.8057,1988009.9143],[4457454.9114,1988181.8943],[4457404.64,1988327.4143],[4457449.62,1988375.04],[4457605.7229,1988890.98],[4457581.9114,1989023.2714],[4457685.1,1989356.6457],[4457669.7457,1989500.82],[4457613.66,1989652.98],[4457550.16,1990007.5229],[4457550.16,1990452.0229],[4457477.5686,1990678.4914],[4457486.66,1990835.6714],[4457671.8686,1990965.3171],[4457796.2229,1991293.4],[4457629.6886,1991424.9457],[4457651.4057,1991693.0943],[4457634.8286,1991843.7343],[4457462.9257,1992062.7029],[4457397.6829,1992214.8914],[4457499.0971,1992794.6686],[4457361.3657,1993033.8257],[4457223.6457,1993128.0343],[4457187.3971,1993222.2486],[4457126.2971,1993376.7343],[4457180.1143,1993584.6114],[4457245.3314,1993715.06],[4457477.2314,1993852.7514],[4457799.72,1993914.3343],[4458307.0057,1994052.0086],[4458567.8943,1994124.4714],[4458785.2857,1994515.8171],[4459517.22,1994907.1429],[4459647.6543,1994711.4429],[4459785.3371,1994515.74],[4459908.5286,1994370.7771],[4460067.96,1994276.5457],[4460241.8857,1994211.3086],[4460723.8086,1994222.1514],[4460861.4971,1994077.1886],[4461086.1514,1994098.9171],[4461658.6629,1994106.1314],[4461810.8514,1994091.6286],[4461963.0314,1994229.32],[4462064.4743,1993990.1314],[4462231.1543,1993939.3914],[4462615.2429,1994026.34],[4463006.5714,1994243.7429],[4463223.96,1994635.0886],[4463368.8771,1995004.6943],[4463513.8057,1995222.1086],[4463600.7343,1995671.4371],[4463582.6,1995834.4971],[4463423.1371,1995827.2429],[4463198.4371,1995928.6943],[4463038.9657,1996095.3771],[4462857.7457,1996341.78],[4462857.7,1996856.3343],[4462756.2,1997196.9514],[4462589.4771,1997436.1086],[4462864.8571,1997595.5371],[4462934.1371,1997780.9971],[4463111.6771,1998253.2857],[4463169.8257,1998448.2543],[4463278.72,1998635.9286],[4463394.8229,1998758.5457],[4463496.3743,1998758.1886],[4463815.5771,1998561.1886],[4463902.6229,1998546.3857],[4464047.7714,1998733.9886],[4464410.4686,1998855.8543],[4464512.0371,1998790.2029],[4464845.7286,1998941.1171],[4464961.7914,1998911.7057],[4465063.3457,1998933.0857],[4465563.8886,1999170.3143],[4465774.2486,1999205.8029],[4466071.6486,1999154.0086],[4466340.0657,1999007.9857],[4466521.4029,1998985.6029],[4466789.96,1999375.3086],[4466877.1886,1999671.3771],[4466947.5429,2000026.6714],[4466940.6771,2000029.5829],[4466972.0,2000178.5171],[4467000.0657,2000387.0857],[4467064.52,2000586.56],[4467051.4543,2000745.2543],[4467024.68,2000885.8086],[4467102.5229,2000999.0857],[4467312.6714,2001116.5657],[4467408.6543,2001193.4971],[4467468.6057,2001406.58],[4467537.3457,2001524.4057],[4467850.12,2001548.3829],[4468019.08,2001588.7514],[4468443.8,2001728.2943],[4468599.6686,2002013.8171],[4468678.1371,2002313.0429],[4468664.9686,2002444.5343],[4468675.0143,2002702.9886],[4468686.8371,2002710.6914],[4469410.6629,2003182.2971],[4469682.4171,2003288.2371],[4470321.8543,2003554.3429],[4470550.9143,2003925.9343],[4471649.1114,2004133.76],[4471968.8857,2004300.8829],[4472750.4571,2004916.2857],[4472958.26,2004990.6143],[4473097.66,2005516.3029],[4473157.2914,2005400.6371],[4473241.7971,2005369.2686],[4473306.0429,2005156.2771],[4473417.2657,2005074.8],[4474137.1943,2004992.8714],[4474222.1229,2004936.4571],[4474221.0429,2004792.38],[4474251.9971,2004629.5057],[4474434.2543,2004544.8514],[4474816.8571,2004519.5143],[4474946.8886,2004569.4857],[4475128.7,2004519.2629],[4476401.7143,2005610.2143],[4476894.8086,2005522.1971],[4477764.0029,2005402.5971],[4478179.34,2005314.64],[4478643.2257,2005004.3714],[4479111.36,2004822.4629],[4480961.16,2004398.4971],[4481869.3829,2004253.8257],[4482505.2143,2004365.9943],[4482982.2543,2004566.8143],[4482981.5971,2004560.2314],[4483037.8686,2004577.2257],[4483263.5086,2004436.9914],[4483475.5943,2004377.4914],[4483678.5457,2004007.8029],[4483534.7371,2003778.34],[4483336.1486,2003559.4971],[4483331.0257,2003134.5686],[4483426.2057,2003117.5686],[4483833.7971,2002896.5914],[4484087.7686,2002556.6457],[4484245.2857,2002190.3857],[4484285.7057,2002091.4057],[4484282.7514,2002090.1829],[4484341.1943,2001926.5114],[4484347.4143,2001909.0914],[4484593.6429,2001429.3],[4485187.8857,2001071.6343],[4485057.2457,2000707.9914],[4485006.4,2000208.6857],[4484344.9829,1999527.7229],[4484342.58,1999267.9657],[4485336.9371,1998699.7686],[4485697.34,1998798.2029],[4486080.72,1998740.6943],[4486153.9114,1998550.2171],[4486152.1486,1998359.7314],[4486189.94,1998076.8886],[4486286.9229,1997990.3314],[4486155.3686,1997522.7857],[4485944.2686,1997251.5314],[4485699.0657,1997107.3114],[4485313.1029,1996763.9686],[4485119.3371,1996481.1629],[4485031.7886,1996435.0171],[4484530.4429,1996394.9057],[4484311.1543,1996256.0286],[4484302.7029,1996250.6743],[4484168.5171,1996308.5286],[4483748.5857,1996170.1886],[4483747.5457,1996057.6257],[4483589.86,1995953.7771],[4483525.5971,1996000.0371],[4483338.8286,1995901.9771],[4482913.1486,1996012.0029],[4482848.8886,1995965.8457],[4482760.3086,1995775.3714],[4482744.4114,1995349.1914],[4482737.2686,1995157.7343],[4482529.9486,1994638.2486],[4482604.2486,1994597.8686],[4482715.2371,1994121.6629],[4482736.2486,1993896.5429],[4482827.08,1993752.2514],[4483169.5057,1993469.5143],[4483357.5086,1993261.76],[4483592.0943,1993215.7057],[4483878.2257,1993221.6657],[4484198.6257,1993291.1943],[4484284.24,1993360.5771],[4484518.6914,1993262.5514],[4484661.7343,1993236.6486],[4484736.0086,1993282.9143],[4484856.0371,1993219.4657],[4484930.4143,1993202.1914],[4485095.8057,1993046.3829],[4485186.6829,1992907.8657],[4485266.7657,1992884.8171],[4485351.8514,1992740.5229],[4485408.8943,1992688.5886],[4485453.2371,1992492.3343],[4485498.8771,1992451.94],[4485485.9857,1992307.6314],[4485351.7514,1992238.4171],[4485269.5829,1992122.9857],[4485364.6514,1991799.7457],[4485570.64,1991765.2229],[4486388.9771,1991780.1943],[4486730.8171,1991405.08],[4486971.0457,1991324.3829],[4487045.26,1991266.6829],[4487102.3971,1991301.38],[4487239.7371,1991313.0257],[4487377.0686,1991295.7857],[4487880.3143,1991096.8629],[4487960.26,1991039.1686],[4488143.3171,1991091.2743],[4488263.4943,1991091.3514],[4488278.4686,1990837.3714],[4488230.7571,1990681.5229],[4488491.3857,1990202.4657],[4488651.6171,1990208.3429],[4489097.7429,1990052.6971],[4489142.9943,1989960.3486],[4489187.0257,1989729.4571],[4489517.5429,1989377.4314],[4489649.3886,1989202.58],[4489698.1914,1988976.2857],[4489834.7229,1988797.3743],[4489728.4629,1988572.2686],[4489646.84,1988560.7714],[4489530.22,1988589.7257],[4489378.6486,1988601.3743],[4489102.2229,1988139.6371],[4488868.3086,1987931.9],[4488763.3514,1987908.8657],[4488693.2971,1987949.3486],[4488279.3171,1987860.0914],[4488125.1029,1987450.2714],[4487570.5714,1987144.5486],[4487569.4514,1987023.3286],[4487260.2943,1986908.0171],[4487201.5714,1986821.4429],[4486880.2286,1986584.8829],[4486919.9171,1986515.6229],[4486534.92,1986368.5971],[4485909.6857,1985895.46],[4485820.8629,1985676.1229],[4485871.5314,1985543.3657],[4486002.5657,1985399.0914],[4485849.9286,1985179.7714],[4485828.1114,1984694.8971],[4485769.5971,1984637.1886],[4485612.1971,1984625.7371],[4485442.7314,1984495.9114],[4485430.0,1984368.9229],[4485463.18,1984213.0714],[4485462.4314,1984132.26],[4484855.2314,1983768.8229],[4484528.6457,1983867.2314],[4484474.0571,1983590.1629],[4484592.4571,1983301.5629],[4484647.6,1983024.4943],[4484529.6914,1982793.62],[4484295.2086,1982502.1657],[4483985.9486,1982357.9857],[4483869.1543,1982282.9857],[4483709.3457,1981896.26],[4483099.0857,1981056.5114],[4482637.5771,1980727.6371],[4482573.0029,1980635.2943],[4482534.7571,1980248.5486],[4482682.2057,1979994.5943],[4482737.2943,1979711.7543],[4482706.3686,1979492.4029],[4482963.1771,1979278.9057],[4483334.0543,1978958.6571],[4484736.1057,1978965.34],[4484793.1457,1979017.3771],[4484844.3743,1978953.8914],[4484918.7657,1978959.7171],[4484962.1657,1978659.56],[4484937.7857,1978523.9114],[4484399.0171,1977929.4914],[4484317.3971,1977941.0971],[4484293.3571,1977842.9657],[4484211.7314,1977825.6943],[4483787.4743,1977020.5171],[4483813.6714,1976731.9057],[4483789.6314,1976633.7771],[4483398.4714,1976403.0229],[4483315.74,1976218.3229],[4483257.4057,1976195.2571],[4483283.3886,1975883.5514],[4483419.0771,1975597.8429],[4483553.0371,1975112.98],[4483452.9571,1974934.0514],[4483418.6229,1974345.2771],[4483819.02,1974215.5886],[4484139.16,1974059.8686],[4484797.0029,1974256.7],[4485083.1229,1974233.78],[4485203.1286,1974164.56],[4485283.0114,1974095.3143],[4485309.9486,1973887.5114],[4485377.56,1973717.2371],[4485388.36,1973636.4257],[4485462.0829,1973509.4486],[4485592.4686,1973278.5771],[4485803.1514,1973030.4171],[4485805.4057,1973030.1457],[4485946.2086,1973013.1857],[4486025.7257,1972891.9829],[4486127.4486,1972672.6457],[4486303.8486,1972447.5657],[4486457.9714,1972326.4],[4486589.5829,1972309.1571],[4486944.3629,1972352.7086],[4487544.5686,1972047.0143],[4487612.8543,1971960.4457],[4487990.46,1971874.0571],[4488018.5943,1971799.02],[4488195.5257,1971654.7657],[4488286.6171,1971545.1143],[4488320.26,1971441.2171],[4488358.5229,1971210.3257],[4488392.44,1971138.1771],[4488339.7743,1971086.2371],[4488315.8429,1970999.6571],[4488337.5943,1970855.3514],[4488485.5686,1970670.6686],[4488565.6886,1970670.72],[4488731.3714,1970566.88],[4488724.9514,1970497.6143],[4488826.96,1970312.9143],[4488935.1514,1970185.9486],[4489038.1371,1970162.9143],[4489351.92,1969885.9371],[4489390.76,1969718.5429],[4489464.8657,1969643.5229],[4489406.2314,1969568.4943],[4489373.5229,1969155.7714],[4489441.8086,1969069.2029],[4489353.5657,1968919.1371],[4489311.8,1968780.6057],[4489366.9429,1968503.54],[4489184.9229,1968238.0457],[4489268.5171,1967920.5771],[4489272.9571,1967776.2686],[4489341.5943,1967753.2114],[4489409.64,1967634.8914],[4489408.8371,1967548.3057],[4489349.9314,1967438.6429],[4489201.0571,1966976.8686],[4489281.0829,1966936.4943],[4489313.4229,1966688.2857],[4489415.6143,1966526.6829],[4489564.2143,1966445.9257],[4489718.7257,1966446.0257],[4489890.3886,1966469.2429],[4490096.3171,1966405.8486],[4490386.9686,1966099.9886],[4490552.1257,1965909.5457],[4490849.7029,1965898.1857],[4490941.1514,1965947.3486],[4491021.24,1965924.3],[4491041.3457,1965601.0486],[4491132.5771,1965666.1657],[4491720.2229,1965519.2571],[4491871.3257,1964348.6286],[4492393.1143,1963629.6029],[4493461.36,1963642.1229],[4494153.8057,1963470.5629],[4494440.8914,1963262.8029],[4494617.1371,1962973.7486],[4494445.5371,1962507.4514],[4494416.4029,1962487.3286],[4494258.7457,1962348.0257],[4494124.5714,1962051.02],[4494117.34,1962035.0114],[4494300.3686,1961912.9971],[4494488.8143,1961727.3029],[4494559.34,1961170.9857],[4494639.3657,1961107.1143],[4494701.7229,1960976.6829],[4494608.1343,1960866.4743],[4494509.0143,1960808.3429],[4494123.56,1960454.3171],[4494105.3257,1960344.2114],[4494286.9571,1959996.3743],[4494320.2657,1959834.1086],[4494300.4829,1959532.7771],[4494459.0086,1959173.3857],[4494585.0429,1959161.42],[4494859.8914,1959258.6571],[4495043.2057,1959281.1571],[4495203.6086,1959263.3],[4495335.2143,1959187.7171],[4495417.5486,1959102.0371],[4495455.7543,1959063.0514],[4496279.3571,1959315.7314],[4496517.1314,1959274.8914],[4496592.6571,1959355.5686],[4496604.9229,1959534.32],[4496444.3886,1959787.9514],[4496352.6514,1959932.06],[4496528.6114,1960583.6029],[4496650.3914,1960577.62],[4496766.4229,1960632.2714],[4497016.0057,1960810.8086],[4497393.0543,1960659.9429],[4497400.4857,1960662.2686],[4497723.6571,1960763.3229],[4498264.9143,1961639.5257],[4498259.4829,1961726.0171],[4498318.0114,1961910.5229],[4498463.5143,1962146.8657],[4498591.2857,1962267.8657],[4498961.2257,1962302.3857],[4499086.0857,1962225.6571],[4499306.8486,1962215.72],[4499518.0657,1962291.8229],[4499988.4914,1962128.4514],[4500074.9257,1962176.0829],[4500506.9514,1962022.34],[4500739.5686,1962785.8057],[4500826.0429,1962852.5429],[4500789.48,1963272.4771],[4500780.6429,1963453.8143],[4501060.8,1964131.3486],[4501378.66,1964637.0314],[4502175.7829,1965080.0343],[4502473.9257,1965413.8857],[4502474.9486,1965671.5743],[4502609.6914,1965852.8371],[4502773.3943,1966100.8971],[4502364.9486,1966625.58],[4502367.0743,1967160.0486],[4502454.3771,1967465.4371],[4502426.9543,1967780.3886],[4502524.7343,1968319.6143],[4502233.3229,1969531.6457],[4502253.0943,1969693.8914],[4502273.2029,1969942.0343],[4502321.2486,1969980.1743],[4502350.6571,1970161.5057],[4502504.4057,1970285.4571],[4502811.5514,1970284.9343],[4503119.2,1969978.2657],[4503436.0257,1969862.9714],[4503666.3886,1969886.4771],[4503983.7057,1970220.3057],[4504079.9286,1970095.7514],[4504444.7371,1969980.3771],[4504934.2514,1970008.2257],[4505327.94,1969825.8429],[4505423.9857,1969883.0171],[4505762.8343,1970894.5943],[4505668.8314,1971285.88],[4505756.0286,1971562.6343],[4505795.1543,1971782.1429],[4505654.06,1972345.2114],[4505702.2857,1972440.6314],[4506278.3571,1972669.0257],[4507171.3171,1972280.1771],[4507306.0,1972442.3457],[4507738.2486,1972718.7229],[4508074.2,1972670.3457],[4508179.9257,1972574.5],[4508381.5371,1972641.0629],[4508612.1686,1972831.7571],[4508794.5971,1972754.9429],[4508934.9229,1972767.7029],[4509252.3229,1972423.92],[4510227.9714,1972179.2943],[4511488.3657,1972649.3486],[4513074.0286,1973240.2686],[4513480.7114,1973455.4171],[4513494.2829,1973468.8771],[4514023.0057,1974060.4886],[4514330.7229,1974183.7143],[4514601.12,1974074.3143],[4514770.9,1974004.7029],[4514800.2686,1973996.1543],[4514809.8829,1973988.6829],[4514866.7086,1973965.4114],[4514925.1029,1973941.4971],[4515375.1429,1973757.1971],[4516068.6914,1973469.0257],[4516517.5371,1973282.5314],[4517536.7114,1972861.2314],[4518314.1429,1972539.6171],[4519556.2,1972063.1257],[4520353.7571,1971753.6343],[4520454.1314,1971995.3257],[4520573.5057,1972279.0143],[4520966.92,1973193.2571],[4521797.2143,1972852.36],[4521868.7886,1972822.9743],[4522327.6857,1972628.1429],[4523262.5314,1972231.2343],[4523267.0514,1972235.8571],[4523311.5543,1972355.5829],[4523338.8429,1972314.1371],[4523562.5771,1972558.2286],[4523859.1629,1972362.9943],[4524241.2886,1972498.8971],[4525668.7086,1971692.8457],[4525665.0886,1971438.4714],[4525984.8743,1971261.4629],[4526237.7914,1971121.4343],[4526898.32,1970782.3171],[4527461.1629,1972297.4057],[4527491.22,1972285.4943],[4527598.8686,1972242.8314],[4528031.2771,1972071.4657],[4528200.9314,1972004.2314],[4528861.3943,1971718.3886],[4528997.6286,1971659.5257],[4529096.0914,1971617.3143],[4529155.8086,1971591.9686],[4529235.6,1971558.1057],[4529361.7114,1971505.1943],[4529459.3686,1971464.8971],[4529776.88,1971333.8743],[4529835.18,1971309.82],[4530157.4543,1971164.3171],[4530744.8571,1970899.1143],[4532575.9286,1970091.8229],[4532758.5086,1970011.3286],[4532911.0229,1969948.16],[4533157.06,1969847.7229],[4533314.9943,1969785.6143],[4535571.3114,1968918.0971],[4535579.5086,1968914.9829],[4535664.4229,1970443.76],[4535499.3629,1971707.38],[4535463.3371,1972107.6686],[4534970.5771,1972726.5229],[4534292.5829,1974473.4686],[4533640.3857,1975656.5314],[4533610.0143,1975690.1829],[4533623.6457,1975684.8629],[4533959.0029,1976495.34],[4533901.5229,1977077.12],[4533450.2,1977761.2343],[4533016.2486,1978419.0143],[4533101.0514,1979315.1057],[4532573.0543,1980093.5257],[4532742.2114,1980494.3143],[4533243.8029,1980676.5886],[4533799.1886,1980855.54],[4533982.7857,1980996.8914],[4534236.9943,1981109.4143],[4534382.6571,1981226.2457],[4534563.5829,1981328.6514],[4534649.5,1981347.6886],[4534814.2829,1981384.1657],[4534909.4686,1981423.6771],[4534991.1657,1981512.82],[4535049.2857,1981578.2229],[4535170.2829,1981688.1829],[4535299.42,1981719.6829],[4535548.5429,1981596.0857],[4535699.9257,1981491.1314],[4535704.2571,1981485.9314],[4536153.2371,1981663.42],[4536768.6629,1981625.1914],[4537261.7657,1981553.9914],[4538038.4143,1981419.6914],[4538773.5457,1981279.5914],[4538969.7971,1981276.7514],[4539245.5457,1981551.7686],[4539177.5914,1981600.4886],[4539083.76,1981693.8343],[4541632.4657,1983904.4571],[4542598.6771,1984390.4571],[4543903.7857,1984598.1543],[4545259.54,1985031.6143],[4546546.4857,1985620.9371],[4546502.7029,1985948.84],[4546970.7543,1986460.1886],[4547277.1829,1986726.28],[4547281.7286,1986730.2286],[4547502.2029,1986930.0714],[4547480.8514,1987249.96],[4547345.6057,1987592.7286],[4547194.6057,1987790.8143],[4547028.1714,1987905.1629],[4546816.6343,1988145.1743],[4546786.6486,1988236.5771],[4546726.2943,1988327.9943],[4546476.4057,1988343.5057],[4546340.4114,1988495.8971],[4546196.5371,1988511.2829],[4546144.3629,1988739.7829],[4546071.62,1989463.3371],[4546334.8571,1990427.7],[4546615.3057,1991218.3057],[4546477.02,1992007.9171],[4545739.8314,1992529.5114],[4545410.3771,1992735.0229],[4544280.0229,1992972.9943],[4544025.4029,1993625.9914],[4544060.7086,1993641.6486],[4544018.3457,1994039.8971],[4544034.9714,1994452.8943],[4544184.24,1994851.1714],[4544185.1857,1995057.6657],[4544303.9629,1995219.96],[4544305.8514,1995631.8257],[4544305.8514,1995632.9514],[4544310.1257,1995631.2914],[4544483.0371,1996126.2829],[4545241.28,1995897.7029],[4546010.7657,1996321.0657],[4547435.2486,1995035.7657],[4548508.7571,1994931.4514],[4550403.2171,1995401.4086],[4550494.9343,1995608.4771],[4550449.1914,1995759.6429],[4550483.2343,1995814.6971],[4550488.7971,1995823.6857],[4550617.7029,1995885.3971],[4551351.6886,1997542.56],[4550880.5114,1998582.4943],[4550627.6286,1999140.6286],[4549919.0314,2000344.9571],[4551530.6914,2003162.9771],[4551326.8971,2004611.6857],[4551580.28,2005761.1714],[4551999.6029,2007028.4257],[4551999.6514,2007083.6543],[4552018.0457,2007084.0943],[4553700.1371,2007124.3971],[4553728.9714,2006950.3457],[4553844.8829,2006798.2543],[4554062.2114,2006580.9857],[4553714.5457,2005682.8943],[4553931.8857,2005204.8829],[4553826.8686,2004744.9657],[4554254.2886,2004317.6743],[4554391.9343,2004064.18],[4554464.38,2003962.7857],[4554761.4029,2003542.7229],[4554877.3229,2003187.8286],[4554971.5029,2003028.4943],[4555500.3314,2002977.8714],[4555674.1971,2002789.5714],[4555949.4771,2002695.4457],[4556021.92,2002623.0257],[4555978.4657,2002427.4714],[4556130.6,2002173.9829],[4556174.08,2001782.8743],[4556246.5257,2001695.9629]]]}},{"type":"Feature","properties":{"CARUID":"5905","CARENAME":"Cariboo","LANDAREA":130954.5139},"geometry":{"type":"Polygon","coordinates":[[[4329993.0029,2673366.2286],[4330170.8114,2672242.2543],[4329933.5543,2671236.6286],[4329933.5029,2670467.5686],[4330229.96,2670290.4857],[4330941.4686,2670410.7629],[4331534.3914,2670234.3143],[4332838.82,2669940.9486],[4333787.4857,2669469.0486],[4334020.6343,2669003.9],[4333892.6771,2668961.4857],[4332485.4943,2666558.7543],[4333169.5743,2665697.1629],[4333436.4686,2663881.3314],[4334673.3143,2662210.2257],[4334990.0114,2661400.42],[4336435.68,2660331.1029],[4336045.7771,2659260.0514],[4337544.7343,2657746.26],[4338491.04,2657015.9086],[4339489.2657,2657228.1943],[4340170.4286,2657060.2343],[4341065.4457,2656839.54],[4343032.6143,2656597.2743],[4343874.6771,2656489.62],[4344477.9,2656121.5971],[4344610.2257,2654730.6457],[4345292.5171,2653732.9886],[4345948.3257,2653102.6286],[4346787.7857,2652262.1971],[4346631.3943,2651448.5971],[4344851.8486,2650632.9857],[4344642.8314,2650081.7886],[4345298.8943,2649110.3943],[4346085.6114,2648846.94],[4346191.7143,2647482.2371],[4345590.3229,2646445.3],[4346325.4257,2644975.3171],[4345646.8943,2642350.74],[4344940.2886,2642087.42],[4344365.3171,2640774.9943],[4343547.1486,2640281.8371],[4341486.8257,2639039.9657],[4341408.6686,2638593.8029],[4341462.5114,2637084.7571],[4342092.7143,2635693.5714],[4344086.6286,2633408.9943],[4346604.0429,2633875.9829],[4348072.5857,2633388.5743],[4349174.2514,2632469.1057],[4349019.0086,2634482.7029],[4349727.1086,2634848.0429],[4351405.3943,2634478.2171],[4352218.8686,2633323.0143],[4352167.4829,2632273.2429],[4351461.3057,2631301.7943],[4351305.8114,2629543.4229],[4351542.14,2629018.4486],[4351280.7057,2628519.6943],[4350914.4229,2628178.2314],[4350443.3771,2627941.5143],[4350103.4943,2627311.5],[4349423.78,2625998.9914],[4348193.74,2625603.7257],[4347566.1971,2624527.4086],[4347934.4743,2622992.0457],[4349088.5343,2622151.1857],[4350321.3029,2621205.3086],[4350374.2771,2620601.6857],[4349432.3171,2619866.0257],[4349145.8057,2618160.1086],[4348466.0457,2616900.0829],[4349281.0771,2613973.6543],[4350461.4286,2613001.6257],[4351375.8429,2612891.2286],[4351387.4657,2612889.8257],[4351488.9257,2612877.86],[4351562.5914,2612869.1686],[4352950.8571,2613054.0943],[4354234.3171,2613763.0429],[4355124.8743,2613135.5029],[4355360.4771,2611957.9429],[4355727.0571,2610728.0771],[4354050.1743,2610389.3971],[4353316.3714,2608662.4314],[4352923.1629,2607000.7771],[4350853.2171,2605798.3343],[4350645.9429,2605505.1629],[4349909.8714,2604464.0629],[4350381.0971,2602239.7886],[4350197.56,2601193.0629],[4349463.9257,2601141.4771],[4348494.4629,2601666.6429],[4347420.1343,2602873.5029],[4346154.2086,2602896.3514],[4346047.7,2602898.2743],[4346047.2257,2602898.2829],[4345874.2514,2602901.3029],[4345061.8714,2601827.9086],[4344904.5143,2600937.6686],[4344929.8943,2600803.0857],[4344930.6829,2600799.3686],[4344961.4486,2600654.4971],[4345194.3229,2599557.9229],[4343792.0857,2596997.5914],[4344308.7229,2596296.1229],[4348056.5286,2596163.8229],[4350869.7343,2595397.2886],[4351385.9057,2594721.8771],[4350029.4629,2594260.26],[4350178.9771,2593427.6943],[4350308.96,2593346.1],[4350392.0371,2593291.8686],[4351398.8429,2592634.62],[4351457.9086,2591883.2371],[4351520.1257,2590775.9514],[4352709.7257,2590532.54],[4353614.1771,2589265.2743],[4355372.7657,2586414.8943],[4354938.6429,2585228.0057],[4355529.6943,2583671.8829],[4356878.0314,2583335.6771],[4357624.1343,2582121.6371],[4359025.6714,2581640.7714],[4360878.5571,2582727.4857],[4361999.1371,2584396.7829],[4362687.4771,2585422.1886],[4363008.9057,2585898.6371],[4363161.5914,2585990.0],[4363173.2886,2585993.7171],[4363960.74,2586231.7914],[4363961.0,2586231.8714],[4364743.6886,2586497.2429],[4365316.1429,2586691.3343],[4366256.5714,2586725.7229],[4366786.7429,2586211.8886],[4367328.92,2584844.3571],[4367354.2257,2584792.92],[4367354.7657,2584776.6029],[4367407.42,2583188.46],[4367248.92,2582456.4343],[4368034.9771,2581092.2829],[4368175.1514,2579821.4257],[4368401.06,2579354.6771],[4368868.6971,2579171.6543],[4368999.9343,2578603.1314],[4368862.62,2577736.7543],[4368720.6229,2577339.2171],[4369400.4514,2576650.7171],[4369774.4343,2576271.9657],[4370185.8286,2574901.4457],[4370626.9314,2574422.34],[4370874.6629,2574000.8543],[4373490.5229,2573197.4257],[4373415.2,2569158.9829],[4373984.1686,2566661.0429],[4374094.0686,2564432.3371],[4374190.5657,2562475.4743],[4373500.6971,2561920.0486],[4373583.6086,2561369.1886],[4374675.1371,2560533.8257],[4375268.8657,2559466.2714],[4375486.54,2558731.3457],[4375989.6857,2558067.4657],[4375942.3143,2556231.8143],[4374958.8171,2556144.88],[4374043.9029,2556671.28],[4372597.6229,2555887.7343],[4371935.2743,2555040.1943],[4372097.8086,2553865.0686],[4372216.2143,2552506.5029],[4371295.8257,2550741.3486],[4371801.48,2550150.6143],[4372316.7743,2549924.6371],[4373169.1229,2550558.0914],[4374202.5857,2550324.0143],[4374909.7629,2549475.0486],[4375554.0686,2548846.1629],[4375841.04,2547248.5143],[4374991.3257,2546362.6029],[4374910.0486,2545371.3429],[4374502.0057,2544415.7657],[4374868.6114,2543863.0543],[4376090.7343,2542715.6886],[4377780.3429,2542688.2],[4377985.2057,2541659.7543],[4378151.0229,2540558.0343],[4378448.46,2538391.4],[4379415.7,2536954.2086],[4379403.8857,2534418.5629],[4379313.0657,2533135.0114],[4379662.4514,2532573.1343],[4379809.2143,2532337.1143],[4379916.5857,2532180.1914],[4380529.52,2531725.6371],[4381078.1571,2531433.2857],[4380945.3743,2530589.7343],[4380942.3771,2529778.6371],[4381684.2714,2529194.2514],[4381939.3543,2528091.1286],[4381852.7371,2527983.3486],[4381417.7486,2527442.0543],[4381963.1514,2526046.8543],[4381731.7771,2524846.4114],[4381791.9143,2523581.1],[4382146.1771,2523094.3143],[4382144.02,2522510.3257],[4383272.7943,2521536.4429],[4383170.6429,2520206.2429],[4383006.4771,2519654.6714],[4383134.3657,2519200.4371],[4383488.5343,2518681.2143],[4383324.4229,2518145.8629],[4382769.9543,2517367.0229],[4382249.44,2517236.8057],[4381468.64,2517462.7829],[4380980.1343,2517040.7686],[4380751.2914,2516554.0571],[4380975.3829,2515840.2543],[4382686.52,2515449.4343],[4382100.5086,2515027.34],[4381026.9829,2514799.2886],[4379725.8343,2514700.6457],[4379105.3029,2513564.94],[4379168.0686,2513013.3914],[4380844.5771,2511357.9857],[4382166.8657,2510221.7857],[4382294.5229,2509702.6657],[4381801.9114,2508015.5114],[4382350.5514,2507723.1543],[4382931.6286,2507916.9343],[4383576.2343,2508628.8743],[4384157.4029,2508531.0029],[4384673.6143,2508886.8086],[4386546.0629,2509435.62],[4386736.2571,2510568.6629],[4387898.6229,2510697.0171],[4389187.3829,2509106.7657],[4389313.8629,2508263.2171],[4389697.9314,2507014.0657],[4390165.3971,2506188.8257],[4390341.2714,2505878.3429],[4390922.3514,2505683.2229],[4390822.4657,2504969.4486],[4390463.34,2504352.9143],[4391171.3743,2503217.1571],[4392974.2514,2500523.7114],[4394264.2171,2499387.5371],[4394358.3086,2498543.9943],[4394128.0457,2497651.7571],[4394158.2971,2497067.7657],[4394964.4371,2496321.1714],[4394734.9257,2495639.8086],[4393984.4057,2494471.5943],[4393365.4257,2493854.8829],[4393622.0029,2493173.5086],[4394199.4371,2491680.9743],[4394236.9571,2491605.2114],[4394585.12,2490902.2229],[4394457.1886,2490788.1371],[4393966.3029,2490350.3771],[4393865.3457,2489344.6143],[4394218.0086,2488371.2314],[4394139.0514,2488091.82],[4394020.8857,2487673.6571],[4392912.0429,2486148.4086],[4391967.3629,2485239.5457],[4391023.9886,2485076.4629],[4390930.2943,2485082.7286],[4389592.7286,2485172.1314],[4388906.7371,2483874.1971],[4388385.5714,2483387.2943],[4387699.5771,2482089.3571],[4388234.6,2479767.4886],[4388241.5971,2479737.1114],[4388269.4514,2478504.2457],[4388008.9829,2478309.44],[4387938.1686,2476687.2457],[4388390.0143,2476459.8343],[4388777.4,2476329.7543],[4389196.88,2476069.9486],[4389583.8314,2475712.88],[4389028.7543,2474739.4057],[4389379.8114,2473311.8286],[4388467.9543,2472532.7229],[4388470.2171,2472523.5286],[4387545.8829,2472142.4914],[4387174.3657,2471787.0971],[4387276.44,2471417.0571],[4387674.1057,2471313.1114],[4388469.54,2471312.2429],[4389132.8229,2471175.6257],[4389327.7343,2470907.8029],[4390489.9657,2470582.3971],[4390780.3429,2470387.5629],[4390645.8343,2469073.58],[4389242.5257,2467159.0486],[4389053.5514,2466936.84],[4389392.3543,2466566.46],[4390811.4857,2466494.5257],[4391537.3457,2465947.0771],[4392021.9457,2464642.5457],[4392570.46,2464078.9343],[4393087.0714,2463048.2143],[4392620.3857,2462613.4429],[4393088.0543,2462613.6314],[4394152.4314,2462364.3314],[4394507.5029,2461784.5629],[4395378.3371,2461768.8029],[4396120.3343,2462349.2229],[4396717.4571,2463268.06],[4398168.9829,2463961.5314],[4399152.7714,2463682.4057],[4399262.1429,2463651.32],[4399926.1286,2463462.6029],[4400554.5114,2462890.7686],[4400989.5486,2462649.1714],[4401537.3657,2462536.4829],[4402165.7486,2462214.36],[4402487.9971,2461972.7486],[4402729.6857,2461521.6943],[4403180.8314,2461280.1],[4403599.7543,2461892.4914],[4404340.9229,2461650.9457],[4404630.9486,2461393.2171],[4405323.78,2460700.5629],[4405388.2343,2460217.2829],[4405065.9886,2460281.7886],[4405178.7771,2459927.3829],[4404856.54,2459460.2286],[4403051.9914,2457511.1114],[4402906.9857,2457124.4886],[4402874.7686,2455996.8314],[4403406.48,2455771.36],[4403364.1086,2455727.8571],[4402810.3314,2455159.2429],[4402343.08,2455046.5429],[4402069.1771,2454369.9571],[4402149.7457,2453918.8943],[4402020.8514,2453306.74],[4402149.62,2452646.0943],[4402391.2286,2452339.9371],[4402665.0057,2451695.4],[4402777.6743,2451099.2086],[4403454.0886,2449697.3457],[4403792.3743,2449536.2],[4404323.9371,2450027.5771],[4404484.9657,2450494.8],[4404871.5457,2450962.0143],[4405096.9371,2450043.5571],[4405354.5771,2449286.2314],[4405660.62,2448931.7314],[4406143.3971,2448985.3514],[4406143.6771,2448985.3829],[4406530.5543,2449028.2943],[4406981.6571,2449140.9886],[4408028.8629,2448963.5429],[4408273.8971,2448816.4514],[4408512.1829,2448673.4086],[4409043.8229,2448173.7857],[4409478.8086,2447940.06],[4410413.2371,2447569.2771],[4410880.4486,2447456.3971],[4411218.7714,2447198.5143],[4411428.2,2446940.6543],[4411589.2743,2446392.7229],[4411492.5514,2445828.68],[4412217.54,2445635.1857],[4412765.3086,2445618.9657],[4413570.8486,2445409.3371],[4414618.0543,2445288.2886],[4415133.6,2445336.5229],[4415407.4829,2445513.6914],[4415600.7743,2446093.6086],[4416647.9,2447801.1029],[4416970.1171,2447833.2657],[4417646.7657,2447446.4143],[4418242.8571,2447059.58],[4419145.0657,2446898.2771],[4419741.1657,2446865.9314],[4420095.58,2446334.1],[4420079.4429,2446011.7914],[4419891.4257,2445762.2857],[4420154.9171,2444787.5714],[4420654.5857,2444301.26],[4420711.3686,2443886.5343],[4420553.6571,2443428.8971],[4419652.1257,2443056.84],[4419041.6943,2442319.3771],[4419043.8886,2442312.2],[4418785.6857,2441441.9686],[4418301.9171,2440668.4086],[4417898.6714,2439765.94],[4417720.92,2438613.6943],[4418026.5514,2437533.9686],[4417720.0914,2436857.1143],[4417864.9857,2436647.6057],[4417913.0371,2436002.9943],[4418219.0086,2435809.5829],[4418750.44,2435503.3343],[4419056.4257,2435390.4857],[4419346.3114,2435487.1029],[4419620.0571,2435728.7143],[4419877.7171,2435889.7829],[4420457.4943,2435970.2343],[4420972.8571,2435905.6886],[4421858.3743,2434729.2171],[4422112.5857,2434186.3857],[4422263.1429,2433865.4743],[4422647.7343,2433045.6914],[4422792.8143,2432320.8286],[4423012.3857,2430741.3714],[4422765.1629,2429199.14],[4422645.4543,2428713.0971],[4422571.8829,2428607.2914],[4422116.2857,2428502.82],[4421423.8971,2428583.3857],[4420860.3771,2428921.7486],[4420377.3229,2429034.54],[4419894.2743,2428857.3086],[4419749.6286,2428293.3886],[4419733.9943,2427528.0629],[4419476.6143,2426915.8029],[4419686.5886,2426110.2],[4419010.3429,2425787.9629],[4417915.4143,2425530.1771],[4417094.24,2425207.94],[4416627.2771,2425207.9457],[4416063.7029,2425127.3857],[4415902.8,2424821.2571],[4416241.6743,2424063.9914],[4417031.6657,2424128.4457],[4417338.1457,2423661.1971],[4417725.7229,2422299.7257],[4418112.7514,2421929.1514],[4418660.9057,2421929.1543],[4419789.4657,2421896.94],[4420128.1371,2421526.3629],[4420676.6514,2420543.5286],[4421611.9629,2421429.7114],[4421805.5171,2421155.8029],[4422289.2029,2420994.6857],[4422515.0114,2420688.5571],[4422676.6486,2419882.9543],[4422516.2057,2418803.4457],[4422339.4257,2418094.5114],[4422340.0429,2417103.62],[4422388.6343,2416700.8171],[4422054.2114,2416110.86],[4422050.7057,2416104.6686],[4422115.5171,2415524.6343],[4421890.3714,2414880.1514],[4421165.8286,2414509.58],[4420843.9714,2413977.88],[4421344.1857,2412914.4829],[4421441.0657,2412592.2429],[4420990.7514,2411343.5571],[4420298.4029,2411021.3171],[4420025.22,2409893.4743],[4418817.5971,2409490.6771],[4418415.4057,2408588.4029],[4419222.3371,2406630.7857],[4419109.8314,2406195.76],[4419239.0029,2405776.8457],[4419175.2771,2404616.7743],[4419482.1486,2403472.82],[4420643.3457,2402103.2943],[4420998.0429,2402183.8571],[4421115.2286,2402147.8229],[4421410.7571,2402056.9543],[4421626.5686,2401990.4971],[4422480.0657,2401909.8714],[4423349.4457,2400951.0914],[4423848.3143,2399903.7086],[4423944.6,2399178.6057],[4424148.6029,2399038.2429],[4424459.86,2398824.0886],[4425474.3514,2398388.9714],[4426827.0571,2398195.52],[4427149.0314,2397792.6743],[4427809.0343,2396874.1914],[4428114.9714,2396664.7029],[4429129.2029,2395431.9943],[4429724.8514,2394690.7629],[4430175.7371,2394497.3743],[4431077.5314,2394706.7657],[4432542.9686,2394529.4171],[4433412.5029,2394045.9743],[4433927.7143,2393538.3829],[4434765.1,2393377.1943],[4435280.3914,2393135.4657],[4435715.0857,2392668.1629],[4437760.2114,2392039.6229],[4438785.5714,2391957.1371],[4439658.6914,2392131.1457],[4439915.8829,2391897.5629],[4439939.7571,2391453.8486],[4439870.6057,2390729.8971],[4439964.6314,2390192.7686],[4439498.6171,2389678.9171],[4439289.2257,2389141.7743],[4439154.8971,2388737.0514],[4439074.94,2388498.2257],[4439011.2686,2388307.26],[4438939.3771,2388091.4543],[4439149.6886,2386527.3057],[4438612.9629,2385616.8114],[4437469.3714,2384939.7086],[4436559.14,2384986.2829],[4436378.7714,2385505.0086],[4435988.4657,2385226.7629],[4435972.3429,2384968.9686],[4435537.2829,2384356.7229],[4434747.7371,2385001.2371],[4434361.0114,2384308.4286],[4433893.72,2383647.8429],[4433684.2543,2383680.0743],[4433410.3286,2383970.1029],[4432524.0743,2385726.3771],[4430397.1486,2384260.2229],[4428631.24,2382534.2486],[4428608.5829,2382512.1029],[4427690.0771,2380159.7771],[4428953.7657,2379541.0971],[4429236.9914,2379402.6143],[4430140.0,2378702.0257],[4430446.4114,2378379.8943],[4430478.8743,2378009.4114],[4429706.5143,2376575.84],[4429706.82,2376092.6],[4429933.32,2374642.8771],[4430511.1257,2374389.5457],[4430594.3086,2374353.0543],[4430900.3743,2373966.5429],[4431593.0857,2373547.9229],[4431963.6143,2373451.3914],[4432624.1229,2373620.8229],[4432994.6171,2374120.5343],[4434218.9286,2375103.96],[4435459.3686,2375894.0],[4435496.6829,2375909.1057],[4436973.6914,2376506.8714],[4437569.76,2376410.42],[4438552.3829,2375122.0429],[4438536.0486,2373495.3086],[4437698.0343,2372545.1543],[4437681.8314,2371868.6914],[4437746.16,2370998.9543],[4437069.2629,2369863.5343],[4436988.5771,2368961.5829],[4436118.3771,2368430.2571],[4435715.5,2368108.2029],[4435522.06,2367447.8571],[4435376.7314,2365168.8229],[4435908.2571,2363993.1086],[4436552.4971,2362301.9943],[4436052.8314,2361029.6343],[4435053.7343,2361199.1857],[4434199.6686,2361199.5029],[4433007.1,2359717.88],[4432845.8743,2358993.1086],[4432861.8514,2357994.52],[4432620.0229,2356963.7286],[4432607.3886,2356954.5486],[4433372.4114,2355848.9571],[4433601.2714,2355518.2],[4433845.96,2355240.1657],[4434235.2371,2355229.0629],[4434538.0029,2355412.9],[4434639.4829,2355627.18],[4434853.9543,2356080.0314],[4434855.3971,2356081.1714],[4436135.96,2355371.0943],[4436257.3429,2355067.64],[4436321.0686,2354827.9114],[4435422.8429,2354712.5971],[4435695.9514,2353554.9171],[4436069.2,2352456.4086],[4436812.6657,2351474.7314],[4440156.7429,2350335.2571],[4440117.2914,2349846.6943],[4440071.7743,2349751.1057],[4439786.5257,2349174.54],[4439316.1714,2348635.9086],[4438870.0914,2348274.7971],[4438827.9086,2347399.4971],[4438827.6086,2347393.26],[4438105.3857,2347115.5971],[4437422.6114,2346651.3114],[4437395.3,2346325.0971],[4437328.54,2345754.6029],[4437019.0171,2345328.2457],[4436779.2857,2345088.5171],[4435932.6457,2345171.9686],[4435638.2943,2344932.2371],[4435702.02,2344502.8486],[4435777.8857,2344056.7714],[4436014.58,2343853.4543],[4436861.22,2343536.3457],[4437519.7171,2343498.4114],[4438184.2829,2343430.1343],[4438766.9171,2343217.7171],[4439079.4771,2342858.1229],[4439713.6971,2342703.36],[4439540.7286,2341973.5514],[4439094.6486,2341507.7486],[4439185.6857,2340852.2829],[4439480.0371,2340682.3486],[4440360.0571,2340677.7971],[4441045.8657,2340852.2829],[4441646.7057,2340808.2829],[4442150.4429,2340714.2114],[4442335.5486,2340419.86],[4442438.7229,2340075.44],[4442478.1743,2339778.0543],[4442371.9629,2339571.7029],[4442368.9286,2339102.8657],[4442502.4486,2338735.6857],[4442551.0029,2338400.3657],[4442541.9,2337842.0086],[4442283.9629,2337646.28],[4442244.5143,2337269.9971],[4442329.66,2336660.2429],[4442338.5829,2336643.3629],[4442617.7629,2336115.3486],[4442654.1771,2335716.3057],[4442614.7286,2335309.6771],[4443085.0829,2335018.36],[4443776.9629,2334555.5914],[4443394.6086,2333904.68],[4443124.5343,2333334.1829],[4442754.3171,2332734.86],[4442393.2057,2332014.1543],[4442450.8629,2331402.6914],[4442635.9714,2330871.6457],[4442645.0743,2330178.2514],[4442763.42,2329666.9286],[4442763.42,2329148.02],[4442544.9343,2328902.22],[4441934.9886,2328791.46],[4441094.4171,2328732.2857],[4440666.5457,2328636.6971],[4440159.7771,2328272.5514],[4439692.4571,2328019.1657],[4438961.1286,2328072.2714],[4437965.7971,2328562.3514],[4437638.0657,2329058.5],[4437662.34,2329647.2029],[4437495.44,2330141.8343],[4437073.6371,2330566.6714],[4436181.48,2330962.6829],[4435662.5714,2331812.3571],[4435268.08,2332002.0143],[4434624.7543,2332161.3286],[4434145.2971,2332361.6086],[4433872.1857,2332715.1343],[4433514.1086,2333399.4257],[4433077.1343,2333969.9229],[4432785.8171,2334205.1],[4432351.8771,2334639.04],[4431860.28,2334947.0486],[4431326.1971,2334903.0457],[4430819.4286,2335009.2543],[4430230.7257,2335035.0486],[4429772.5086,2334749.8029],[4429960.6514,2334047.3029],[4430242.8629,2333687.7086],[4430503.8343,2333296.2514],[4430582.7343,2332724.2371],[4430437.0743,2331967.1171],[4430473.4886,2331481.5886],[4430434.04,2330936.8886],[4430534.18,2330424.0486],[4430689.1657,2330245.0514],[4430736.7914,2330190.0486],[4430749.6343,2330175.2143],[4430749.6971,2330175.24],[4430760.3514,2330158.7686],[4430776.8571,2330133.2457],[4431322.9886,2329288.9314],[4431422.36,2328703.76],[4431449.96,2328049.58],[4431345.0714,2327480.9714],[4430897.9114,2326719.1457],[4430174.7286,2326550.7686],[4429457.0686,2326528.6886],[4428573.7914,2326255.4229],[4427922.3743,2326238.8629],[4427326.1629,2324842.18],[4427580.1057,2323917.4971],[4427845.0886,2323508.9829],[4428148.7143,2322904.4886],[4428159.5571,2322140.0657],[4428159.7543,2322126.1],[4429125.84,2321667.9],[4429136.1829,2321679.8829],[4429699.9714,2322333.12],[4430108.4857,2322631.2257],[4430599.8086,2322824.4429],[4431267.7886,2323006.6171],[4431218.1029,2322476.6514],[4431433.4029,2321361.5143],[4431569.1457,2320533.4829],[4431571.4143,2320519.64],[4432311.16,2320182.8914],[4432692.0743,2319434.8657],[4433095.0686,2318816.5714],[4433006.74,2318474.3],[4432692.0743,2318220.3571],[4432217.3114,2318093.3857],[4431902.6429,2317858.7657],[4431720.4686,2317472.3314],[4431731.5086,2317069.3371],[4431897.1229,2316782.2714],[4431880.5629,2316346.1543],[4431703.9057,2315730.62],[4431698.3857,2315145.4486],[4431648.7029,2314736.9314],[4431527.2514,2314386.3829],[4431477.5657,2314005.4686],[4431792.2343,2313331.9686],[4431985.4514,2313089.0686],[4431968.8886,2312782.68],[4431748.0714,2312561.8629],[4431483.0886,2312241.6743],[4431350.5943,2311711.7057],[4431483.0886,2310936.08],[4431803.2743,2309735.3743],[4431836.3971,2309321.3371],[4431841.9171,2308548.4686],[4431659.7429,2307303.6],[4431554.8543,2307060.7],[4431930.2457,2306850.92],[4432526.46,2306563.8543],[4433061.9457,2306378.92],[4433420.7771,2306412.0429],[4433784.88,2305631.1971],[4433878.9771,2305429.3971],[4433945.2229,2305109.2086],[4433740.9657,2304747.6171],[4433663.6771,2304322.5371],[4433652.6371,2303952.6657],[4433939.7029,2303411.66],[4434232.2886,2303334.3714],[4434811.94,2303072.1486],[4435363.9886,2302840.2886],[4435666.6171,2302732.6857],[4435860.8314,2302663.6343],[4436114.7743,2302387.6086],[4436252.7857,2302059.14],[4436330.0714,2301766.5543],[4436219.6629,2301352.5171],[4436722.0257,2301628.5429],[4437229.9114,2301545.7343],[4437682.5914,2301319.3943],[4438035.9029,2301244.8686],[4438190.4771,2301438.0857],[4438322.9686,2302249.5971],[4438449.94,2302779.5629],[4438488.5829,2303177.0371],[4438858.4543,2303016.9429],[4439228.3257,2302553.2229],[4439443.6257,2302139.1857],[4439658.9257,2301650.6229],[4440260.6571,2301043.3714],[4440619.4886,2300496.8429],[4441083.2086,2300041.4029],[4441414.44,2299787.46],[4441900.24,2299472.7943],[4442452.2886,2299489.3543],[4442733.8343,2299481.0743],[4443042.9829,2299442.4314],[4443274.8429,2299221.6114],[4443898.6571,2298559.1543],[4443727.5229,2298205.8429],[4443735.92,2298203.5486],[4444505.9114,2297993.3029],[4444864.7429,2297772.4829],[4445173.8886,2297330.8457],[4445516.16,2296944.4114],[4445919.1543,2296555.2171],[4446309.0743,2296302.2971],[4446327.6714,2296290.2343],[4446758.2686,2296124.62],[4447277.1943,2295975.5657],[4448276.4,2296083.2143],[4448806.3686,2296077.6943],[4449203.8429,2296028.0114],[4449584.3743,2296172.72],[4450162.9971,2295024.96],[4450696.6086,2293592.6371],[4451288.5314,2292005.1486],[4451190.34,2290386.68],[4450006.6086,2289241.9],[4450856.0514,2286952.3543],[4449770.8914,2286301.0114],[4449761.2657,2285501.6429],[4449880.1057,2284139.76],[4450749.2057,2282126.54],[4450407.2629,2281537.2657],[4450394.1543,2281514.6771],[4451006.2057,2281258.0857],[4450749.9629,2280172.5229],[4450856.7343,2278797.82],[4450857.32,2278790.2771],[4450853.7171,2278770.6086],[4450850.7971,2278754.6629],[4450857.1657,2278726.0371],[4450861.5086,2278706.5143],[4450862.5714,2278692.6171],[4450900.14,2278201.4629],[4450940.6686,2277671.6171],[4450986.6457,2277077.1686],[4451013.6,2276728.6657],[4451026.5257,2276185.4829],[4451053.0457,2275070.74],[4450303.0086,2273708.8743],[4449691.1371,2272998.3343],[4450638.5057,2272800.9629],[4451388.5086,2272840.4371],[4451901.6514,2274024.6657],[4452770.0714,2273689.1314],[4453756.8971,2272208.8429],[4454941.1057,2271557.5114],[4457013.4771,2271399.6171],[4456855.56,2270333.8086],[4456993.7,2269070.6257],[4457124.7543,2268415.2914],[4457260.1257,2267738.3657],[4459293.02,2267264.6743],[4460121.9543,2265922.5429],[4460852.1971,2264067.2486],[4459963.9886,2262290.9],[4461365.3029,2261639.5714],[4461690.9514,2262438.9257],[4463832.4714,2263146.2286],[4463842.2657,2263149.4629],[4463838.1857,2263158.7971],[4462815.8886,2265498.1886],[4463625.0971,2265853.4543],[4465026.4029,2267136.3714],[4465822.58,2267525.2086],[4465875.0857,2267550.8514],[4466782.96,2269544.3029],[4466757.0371,2269581.3343],[4465953.9714,2270728.5343],[4465796.06,2271636.4457],[4466190.7914,2272129.8714],[4466940.7943,2271991.7114],[4467804.8543,2271886.9743],[4468894.74,2271754.8657],[4469546.0571,2271774.6029],[4469921.0486,2271024.5886],[4470473.6771,2270728.5286],[4471085.52,2270748.2657],[4471332.2229,2270008.12],[4471904.5743,2268725.2057],[4471746.6514,2267185.7],[4472042.7,2266790.9571],[4473661.1143,2265606.7257],[4474036.0886,2263633.0029],[4474667.6571,2262744.8314],[4475516.3371,2262014.5571],[4475545.9229,2260780.98],[4475861.7086,2260504.6571],[4476256.4343,2259537.5371],[4476611.6943,2259202.0029],[4476789.3286,2259044.1057],[4477144.5829,2258412.5171],[4477203.7771,2257386.18],[4476986.6629,2257090.1229],[4476651.1257,2256912.4886],[4476651.1114,2256162.4743],[4476808.9943,2255412.4629],[4478605.0257,2252945.3114],[4478605.0171,2252491.3571],[4477766.1686,2251790.6857],[4476621.3914,2251178.8314],[4476226.6286,2250290.6571],[4475634.5029,2249895.9114],[4474331.8257,2249481.4314],[4474588.3857,2248316.9371],[4472634.3629,2246737.96],[4473344.8771,2245533.9943],[4473759.3457,2246047.1571],[4474765.9229,2246619.5343],[4476305.3971,2246876.1171],[4476917.2257,2245632.6771],[4477154.0543,2244586.6029],[4476917.1857,2243303.6857],[4477627.7114,2243244.4743],[4478279.0257,2243718.1657],[4478989.5486,2243540.5286],[4479453.3514,2242405.64],[4479354.6457,2241280.62],[4478880.9429,2240688.5057],[4478880.9257,2239800.3286],[4478751.5371,2238543.6286],[4478742.74,2238458.2],[4478382.7714,2238708.6086],[4478288.7771,2238773.9943],[4478279.6,2238754.7657],[4477874.28,2237905.56],[4476946.6143,2237826.6114],[4476275.54,2237648.9714],[4475959.7371,2237175.2829],[4476314.9886,2236326.58],[4475979.44,2235438.4086],[4476137.32,2234352.8629],[4476749.1543,2233642.3229],[4477558.34,2231372.5457],[4476216.1714,2229596.1971],[4476137.22,2229319.8771],[4476531.9371,2227977.7486],[4475900.3371,2227800.1143],[4475189.7657,2226142.1857],[4475347.6543,2225569.8086],[4476119.9029,2225404.3229],[4476704.2629,2225280.1686],[4476737.9314,2225273.0143],[4476894.4457,2225256.5257],[4477586.0143,2225254.3257],[4478106.4057,2225460.7171],[4478681.5886,2226003.0143],[4479119.8229,2226490.2943],[4479831.9371,2226690.16],[4480544.0514,2226725.6543],[4480824.8229,2225950.0057],[4481050.7943,2225519.5143],[4481393.1686,2225116.4914],[4482386.0229,2225515.4971],[4483098.1371,2225338.7771],[4483100.9057,2225335.7486],[4483810.2714,2224560.1114],[4484269.0429,2224167.4886],[4484496.9914,2223656.2429],[4484496.2943,2223636.2571],[4484488.9743,2223426.8086],[4484621.5257,2223194.4657],[4484789.1314,2222976.8829],[4484801.3371,2222961.04],[4484930.7714,2222657.9629],[4484930.7971,2222657.9029],[4484932.8143,2222653.36],[4484970.7114,2222568.0257],[4484972.1057,2222564.8857],[4484972.6114,2222563.7486],[4485304.1743,2221823.0943],[4485147.4743,2221505.3086],[4485139.8857,2221489.6943],[4485061.8971,2221329.2171],[4484959.2057,2221229.9257],[4484260.9,2220723.1943],[4483809.0514,2220572.5229],[4483699.5257,2220291.78],[4483542.1143,2219518.0286],[4483713.3314,2218936.0029],[4484062.5714,2218401.9],[4484822.6371,2217943.0943],[4485459.4457,2217682.8629],[4485627.04,2217596.3171],[4486507.1057,2217141.8686],[4486897.4143,2216785.7914],[4487287.7171,2216566.66],[4487328.82,2216340.6943],[4486986.5057,2216292.7429],[4486520.96,2216381.7143],[4486192.3429,2216292.6771],[4486172.8857,2216185.6],[4486151.28,2216066.7143],[4486177.0286,2216056.2086],[4485551.8629,2214405.4914],[4483916.1571,2212910.7914],[4482892.98,2211428.6914],[4481998.4314,2210132.9114],[4483218.16,2207742.8029],[4484151.3286,2206089.7629],[4485192.2886,2204245.7743],[4483845.6514,2201277.5314],[4485706.9714,2196708.8314],[4485065.38,2195869.8257],[4483993.7114,2194628.9457],[4479819.8371,2194022.6057],[4478917.3771,2191653.6514],[4479876.24,2190694.7886],[4479262.8514,2189376.3514],[4478783.42,2188050.8657],[4481815.1171,2185005.0657],[4479594.2229,2182685.4657],[4479679.1143,2182095.6943],[4479862.14,2180824.1429],[4480487.3171,2177668.2514],[4480743.4486,2176375.3029],[4482788.08,2173992.2486],[4477725.8514,2172821.8686],[4477589.9343,2172249.0314],[4477542.9514,2171732.2286],[4477636.9171,2171262.4057],[4477747.0,2170770.1857],[4477683.8971,2170134.8371],[4477261.06,2169195.1914],[4476838.22,2168772.3543],[4476556.3257,2168349.5143],[4476556.3257,2167738.7457],[4476979.1657,2167550.8171],[4477308.04,2166987.0314],[4477542.9514,2166658.1571],[4477355.0229,2166047.3914],[4477026.1486,2165389.64],[4476462.3629,2165060.7657],[4476462.76,2165058.5086],[4475364.7171,2164890.3743],[4474638.1171,2164122.16],[4474083.0514,2163322.5571],[4473294.0657,2162570.0143],[4472763.2829,2162645.4943],[4472052.8971,2162889.0429],[4470702.4943,2162628.0143],[4470530.0943,2163096.76],[4470488.5286,2164366.0486],[4470751.5143,2165225.3686],[4470297.3743,2166272.3029],[4469547.8057,2166707.0086],[4468689.18,2166834.0429],[4467970.9829,2167093.2029],[4467494.7829,2166919.3486],[4466659.1829,2166314.64],[4466026.8571,2166090.6057],[4465636.5543,2166192.9829],[4464784.9543,2165296.7429],[4464019.9543,2165088.6257],[4463145.2171,2165800.58],[4462185.0714,2166056.4829],[4461474.6171,2165723.7143],[4460787.4771,2165297.5429],[4460319.1286,2165396.2314],[4459803.74,2165748.48],[4458890.2886,2165315.0771],[4458016.0743,2165344.7629],[4456993.5229,2165519.0029],[4456758.7886,2165068.6286],[4456639.8543,2164066.6029],[4456100.7743,2163504.0343],[4456084.38,2163498.7457],[4455126.2857,2162679.4657],[4455094.8943,2162652.6229],[4452665.3714,2162825.7543],[4452305.2286,2162850.2171],[4452285.8657,2162851.54],[4451519.6514,2162719.66],[4451406.2714,2162699.8971],[4450802.8029,2162451.1457],[4450232.8571,2162014.3229],[4450084.2143,2161554.1286],[4450049.5229,2161281.1771],[4450046.1714,2161149.8229],[4450025.78,2160349.9371],[4449936.9314,2159926.0486],[4449573.1657,2159251.5171],[4449227.96,2158981.4343],[4448818.6229,2158897.26],[4448482.8429,2158816.4371],[4448385.9714,2158780.4629],[4448361.3286,2158771.3086],[4448105.7571,2158475.6857],[4447703.4857,2157852.4771],[4447243.7257,2157152.1629],[4446777.3829,2156560.98],[4446135.04,2155966.34],[4445616.9514,2155984.5086],[4445284.4257,2156150.3886],[4444785.5343,2156213.4543],[4444369.7829,2156244.6457],[4443503.1,2156220.4457],[4443183.2914,2156232.6086],[4442818.7114,2156206.2257],[4442460.6714,2155968.2086],[4442313.7029,2155807.5343],[4441891.8143,2155453.9029],[4441520.9914,2155203.0257],[4441175.6086,2155138.2171],[4440833.4114,2155147.1343],[4440251.3771,2155248.4743],[4439656.5657,2155381.8229],[4439368.8457,2155195.2543],[4438928.04,2154649.04],[4438717.1,2154469.0143],[4438470.8714,2154388.3686],[4438010.4514,2154611.6486],[4437902.0629,2154867.4486],[4437883.3314,2155110.5029],[4438052.6457,2156408.9057],[4437694.4971,2156523.5057],[4437272.3486,2156541.8686],[4436824.6171,2156540.9543],[4436460.0429,2156482.5171],[4436146.6543,2156565.1743],[4435967.7029,2156737.7171],[4435881.5771,2156913.5714],[4435779.7514,2157252.5371],[4435825.5229,2157693.8714],[4436025.38,2158231.08],[4436064.3514,2158480.5229],[4435630.6171,2159407.7714],[4435317.7,2159868.1029],[4434815.6029,2159908.7343],[4434591.7371,2159895.4543],[4434054.4571,2159862.3114],[4433811.4171,2159919.4829],[4433453.2343,2159944.3886],[4433120.6571,2160033.4114],[4432404.2971,2160128.0771],[4432196.4971,2160258.9629],[4431800.0686,2160495.1629],[4431598.7371,2161714.9686],[4431309.2229,2163588.5886],[4431189.14,2163816.0],[4430935.1086,2164096.6914],[4430560.5714,2164430.66],[4430427.1514,2164684.8257],[4430401.3457,2165019.4114],[4430456.5771,2165487.8286],[4430564.6543,2165648.3086],[4430888.1543,2165781.3514],[4431130.7371,2165726.7029],[4431494.6086,2165644.7314],[4431764.1257,2165670.6],[4431979.8171,2165777.1771],[4432101.5314,2166004.5886],[4432176.5029,2166339.1486],[4432177.9457,2166794.1914],[4432151.6343,2166968.1714],[4432058.0857,2167088.5057],[4431656.72,2167408.9943],[4430720.1686,2168143.4057],[4430198.4714,2168597.5686],[4430124.6771,2168679.92],[4429918.9857,2168676.7486],[4429503.6286,2168670.3429],[4428630.4514,2169009.2914],[4428594.04,2169321.6943],[4429508.4457,2169794.3857],[4429584.5286,2169908.6914],[4429819.9629,2170180.7171],[4430631.1371,2171117.9771],[4430872.66,2171400.1457],[4431127.7,2171453.9257],[4431490.1286,2171507.7286],[4431812.2857,2171534.6543],[4432067.3257,2171548.1343],[4432510.2829,2171669.1171],[4432684.7857,2171682.5829],[4433248.5629,2171749.8543],[4433530.4343,2171857.3771],[4433704.9286,2171924.5771],[4433839.1,2172099.2514],[4433973.2171,2172354.5371],[4434067.1543,2172448.5914],[4434308.7686,2172488.9371],[4434456.4171,2172542.7],[4434684.6,2172636.7771],[4434832.2571,2172650.24],[4435114.1314,2172542.8286],[4435382.5943,2172502.58],[4435677.9086,2172516.0657],[4435946.3514,2172650.4571],[4436349.0171,2172838.6029],[4436684.5743,2172999.8714],[4436912.7657,2173040.2143],[4437302.0429,2173040.2857],[4437664.4686,2173094.0857],[4437959.7771,2173040.4086],[4438281.92,2172919.5743],[4438523.54,2172919.62],[4438671.1743,2173013.6829],[4438751.64,2173174.9171],[4438845.3686,2173577.9886],[4438858.5629,2173900.4457],[4438818.0029,2174249.7771],[4438535.5771,2174585.6857],[4438118.62,2175163.4486],[4437715.0971,2175754.6457],[4437446.0971,2176117.4257],[4437015.6886,2176708.6229],[4436571.8086,2177367.0],[4436033.6143,2178401.5743],[4435710.8486,2178777.7971],[4435347.8114,2179059.98],[4434137.8486,2179570.6857],[4432887.4829,2180309.7829],[4432214.7429,2181599.6429],[4432482.9829,2182110.2114],[4432496.0543,2182593.8971],[4432522.4657,2183211.9429],[4432643.0229,2183655.3257],[4432696.4343,2184085.2686],[4432722.8943,2184636.1343],[4432695.5686,2185254.1771],[4432601.0029,2185966.2714],[4433446.64,2186235.1029],[4434520.44,2186678.6143],[4434439.4571,2187189.1714],[4434466.1457,2187431.0143],[4434627.1429,2187645.9943],[4435330.0429,2188079.4029],[4435615.2743,2188331.3971],[4435715.7743,2188684.16],[4435698.6057,2189188.1057],[4435530.1314,2189876.8343],[4435185.2057,2190649.56],[4435420.1086,2190851.1571],[4435571.1057,2191002.3543],[4436107.88,2191724.7057],[4436460.3143,2191707.9771],[4436644.8914,2191842.38],[4436879.7457,2192127.9657],[4437047.4829,2192363.1486],[4437315.9771,2192514.3629],[4437853.02,2192514.46],[4438054.4057,2192564.8829],[4438255.7943,2192598.5114],[4438490.7543,2192598.5543],[4438792.8343,2192531.4314],[4439531.2657,2192447.5943],[4439934.0457,2192481.2571],[4440135.4257,2192565.2743],[4440403.7971,2192951.6486],[4440554.6143,2193388.4029],[4440587.9143,2193774.7629],[4440520.3829,2194245.1114],[4440267.7714,2195135.42],[4440133.0971,2195538.5771],[4440126.8171,2195686.6857],[4440116.0029,2195941.7343],[4440266.7914,2196412.0857],[4440602.2743,2196865.66],[4441139.1086,2197487.2257],[4441273.1429,2197907.1829],[4441340.02,2198310.34],[4441305.9943,2198898.2771],[4441087.2286,2199435.8257],[4440598.96,2200998.0657],[4440581.6571,2201686.7914],[4440665.3971,2201989.16],[4440866.7371,2202173.9543],[4441135.2514,2202257.9829],[4441487.66,2202409.2086],[4441739.3057,2202694.7943],[4441873.4543,2202946.7743],[4441906.8686,2203181.9457],[4441755.5057,2203417.1286],[4441486.5029,2203685.92],[4441183.9229,2203887.5314],[4441066.1657,2204122.7086],[4441082.7229,2204441.8714],[4440998.5857,2204643.4514],[4440729.6343,2204794.6629],[4440326.2229,2204996.2886],[4440107.6914,2205147.4943],[4439838.5371,2205668.2514],[4439653.5171,2205987.4229],[4439418.0829,2206323.4],[4439064.98,2206743.3771],[4438879.8943,2207163.3371],[4438896.4543,2207482.5029],[4438963.2943,2207936.0514],[4438895.8514,2208288.8171],[4438893.9429,2208291.1971],[4438694.0686,2208540.8029],[4438425.1314,2208658.4229],[4438173.0171,2208641.6743],[4437937.7,2208540.9486],[4437769.5457,2208322.6657],[4437685.44,2208171.54],[4437483.7457,2208121.1943],[4437231.6229,2208205.22],[4436609.6229,2208692.42],[4436441.4171,2208994.7943],[4436424.3257,2209397.9543],[4436558.3829,2209784.3143],[4436793.1886,2210153.8857],[4436876.8943,2210506.6486],[4436826.1943,2210926.6029],[4436809.1514,2211262.5657],[4436876.0057,2211699.3171],[4436926.1857,2211968.0886],[4436875.54,2212320.8514],[4436875.3029,2212640.0171],[4437009.24,2213194.3571],[4435726.7886,2213794.9829],[4434387.7229,2214422.1257],[4432813.14,2215159.5686],[4431705.3343,2215671.3914],[4431011.8257,2215991.8],[4430773.1771,2216142.8543],[4430452.0029,2216346.1514],[4428890.8343,2217334.3257],[4428873.96,2217345.0086],[4428869.6686,2217345.0514],[4428859.6114,2217343.98],[4428848.5514,2217343.3657],[4428841.2029,2217341.0514],[4428832.3286,2217342.7114],[4428822.9286,2217343.3914],[4428817.9886,2217344.46],[4428807.14,2217346.8429],[4428802.3429,2217347.8314],[4428797.2971,2217348.7771],[4428791.8971,2217351.0714],[4428783.8771,2217352.34],[4428778.3429,2217354.7057],[4428769.7257,2217357.2771],[4428761.9229,2217356.2],[4428751.9143,2217353.0371],[4428746.28,2217349.9371],[4428736.0429,2217345.6829],[4428729.3229,2217345.3171],[4428723.1286,2217345.92],[4428713.4714,2217345.6914],[4428706.1143,2217348.7229],[4428694.8086,2217352.3429],[4428686.7057,2217355.8857],[4428677.6371,2217359.7029],[4428667.9657,2217364.8229],[4428663.4314,2217366.72],[4428656.4486,2217370.7886],[4428650.08,2217373.3571],[4428643.6943,2217376.1143],[4428637.4429,2217378.8086],[4428632.3114,2217382.02],[4428627.7743,2217383.9286],[4428623.2371,2217385.8257],[4428618.7,2217387.7371],[4428612.3943,2217388.22],[4428601.9286,2217386.2943],[4428595.0371,2217382.7457],[4428585.2514,2217377.2457],[4428579.6171,2217374.1457],[4428569.4257,2217367.7914],[4428560.6343,2217361.8343],[4428550.26,2217357.6457],[4428543.3629,2217354.0857],[4428538.4229,2217355.1514],[4428532.3,2217353.4714],[4428521.4686,2217350.52],[4428511.4086,2217349.4457],[4428500.8314,2217347.4029],[4428490.5829,2217348.4857],[4428484.0143,2217348.0629],[4428478.6714,2217348.2629],[4428471.6457,2217349.0771],[4428465.3371,2217349.5629],[4428458.5743,2217351.2857],[4428452.2543,2217351.7629],[4428445.6086,2217353.6114],[4428439.2971,2217354.0857],[4428433.5057,2217355.5429],[4428427.9943,2217357.72],[4428422.0057,2217361.3229],[4428416.6171,2217363.6229],[4428409.4514,2217364.5],[4428397.6114,2217361.9971],[4428386.1171,2217357.28],[4428382.6286,2217356.6429],[4428374.7657,2217353.3686],[4428366.5343,2217351.6286],[4428357.7314,2217351.0086],[4428349.1914,2217351.3086],[4428344.26,2217352.3714],[4428339.4629,2217353.36],[4428331.2943,2217354.7],[4428328.6114,2217355.7457],[4428322.8943,2217354.9229],[4428317.1829,2217354.1057],[4428310.6086,2217353.6743],[4428304.8971,2217352.8486],[4428297.7314,2217353.7257],[4428287.0714,2217353.9571],[4428281.8714,2217354.1029],[4428275.9657,2217355.4314],[4428266.8914,2217359.24],[4428258.6486,2217362.8486],[4428250.8314,2217367.12],[4428243.7943,2217373.2714],[4428239.18,2217377.4543],[4428233.5971,2217381.9114],[4428229.6457,2217387.8543],[4428225.2914,2217392.9457],[4428218.06,2217401.2514],[4428213.8971,2217404.1886],[4428209.36,2217406.0971],[4428199.7086,2217405.88],[4428190.9057,2217405.26],[4428185.9629,2217406.3171],[4428179.2057,2217408.0486],[4428172.8914,2217408.5257],[4428162.2429,2217408.7629],[4428152.9571,2217409.5743],[4428148.0486,2217410.4457],[4428139.9486,2217413.9886],[4428134.2971,2217416.2286],[4428129.76,2217418.14],[4428122.4686,2217423.38],[4428117.3029,2217426.7743],[4428113.1743,2217429.5257],[4428108.96,2217434.5657],[4428105.4571,2217439.2629],[4428102.5086,2217444.7514],[4428099.8143,2217451.1457],[4428095.86,2217457.0914],[4428089.1429,2217466.36],[4428084.3829,2217470.6086],[4428078.1343,2217478.6486],[4428074.7714,2217483.2829],[4428069.1886,2217487.74],[4428049.72,2217492.7],[4428035.1314,2217493.5371],[4428020.7914,2217495.2857],[4428008.2314,2217498.4571],[4428006.0057,2217498.28],[4427999.6257,2217495.6914],[4427993.0571,2217495.2571],[4427986.2943,2217496.98],[4427979.1286,2217497.86],[4427972.8114,2217498.3371],[4427966.5657,2217501.0314],[4427961.6343,2217502.0971],[4427954.6686,2217505.9657],[4427948.28,2217508.7257],[4427940.9257,2217511.7571],[4427932.8143,2217515.2943],[4427926.8314,2217518.9086],[4427918.6143,2217522.3229],[4427913.0314,2217526.78],[4427908.6743,2217531.8743],[4427903.0886,2217536.3314],[4427901.3657,2217542.4514],[4427900.0457,2217549.4286],[4427896.6914,2217554.0743],[4427890.1057,2217558.9771],[4427882.4143,2217563.3743],[4427874.1914,2217566.7943],[4427866.62,2217566.8171],[4427859.2714,2217564.5057],[4427849.7029,2217562.0143],[4427841.14,2217557.1514],[4427831.7571,2217552.5057],[4427822.1514,2217550.1914],[4427812.9486,2217548.7286],[4427805.8657,2217547.3314],[4427799.6943,2217547.7457],[4427794.0914,2217547.0486],[4427784.2943,2217546.8857],[4427778.9829,2217546.9143],[4427772.22,2217548.6371],[4427765.4229,2217550.5457],[4427758.2086,2217553.5143],[4427752.6714,2217555.8714],[4427745.9114,2217557.6057],[4427740.52,2217559.8943],[4427734.7286,2217561.3543],[4427728.8171,2217562.6857],[4427723.0229,2217564.1343],[4427715.2629,2217566.3114],[4427708.0429,2217569.2857],[4427700.0229,2217570.5457],[4427692.8571,2217571.4229],[4427685.6057,2217574.5686],[4427676.5371,2217578.3857],[4427668.58,2217582.7229],[4427664.0429,2217584.6343],[4427657.8,2217587.3286],[4427648.3971,2217588.0114],[4427646.5429,2217588.8629],[4427645.3171,2217588.2257],[4427642.0886,2217588.5],[4427632.4086,2217588.4629],[4427624.2029,2217586.5457],[4427615.8571,2217584.6886],[4427608.9114,2217583.22],[4427599.7086,2217581.7571],[4427593.7743,2217583.2829],[4427588.4571,2217583.3029],[4427581.8886,2217582.8686],[4427572.2857,2217580.5629],[4427565.7171,2217580.1286],[4427559.1429,2217579.6971],[4427550.6171,2217574.66],[4427542.8629,2217571.4943],[4427535.8914,2217570.2171],[4427528.4029,2217567.9714],[4427523.0886,2217567.9886],[4427516.4429,2217569.84],[4427508.3029,2217570.9857],[4427499.0171,2217571.7971],[4427488.5743,2217575.04],[4427479.9571,2217577.6114],[4427472.7143,2217580.7629],[4427465.7571,2217584.6429],[4427460.3629,2217586.9486],[4427452.92,2217592.2457],[4427447.7943,2217595.4686],[4427441.5429,2217598.1514],[4427434.5629,2217602.2229],[4427428.2,2217604.7914],[4427421.3543,2217608.7886],[4427415.3657,2217612.3914],[4427410.7514,2217616.5743],[4427404.6486,2217620.0629],[4427398.2657,2217622.82],[4427393.2743,2217625.9686],[4427388.5971,2217627.9429],[4427384.06,2217629.8543],[4427376.3629,2217634.2429],[4427371.8257,2217636.1543],[4427366.2914,2217638.5229],[4427361.7571,2217640.42],[4427356.8229,2217641.4857],[4427350.9114,2217642.82],[4427342.1086,2217642.2],[4427335.9429,2217642.6257],[4427329.3743,2217642.1914],[4427322.2086,2217643.0714],[4427315.2343,2217641.7857],[4427308.5143,2217641.42],[4427302.3514,2217641.84],[4427293.9229,2217642.26],[4427287.3543,2217641.8286],[4427279.22,2217642.9829],[4427273.02,2217643.5771],[4427265.4743,2217643.4229],[4427258.9114,2217643.0],[4427251.08,2217642.1057],[4427239.6486,2217640.4686],[4427232.9343,2217640.1029],[4427227.62,2217640.1229],[4427216.7086,2217639.4457],[4427206.1343,2217637.4143],[4427197.7171,2217632.4857],[4427176.9543,2217624.1029],[4427171.9229,2217619.7029],[4427166.8486,2217615.4886],[4427162.66,2217610.6886],[4427157.74,2217606.4057],[4427151.6971,2217602.4543],[4427147.0314,2217599.0943],[4427142.1086,2217594.8114],[4427135.4,2217589.0971],[4427128.1314,2217584.5114],[4427120.8314,2217580.1114],[4427115.7171,2217577.9857],[4427113.0886,2217576.9543],[4427102.6229,2217575.0314],[4427095.0829,2217574.8743],[4427085.2829,2217574.7257],[4427081.7229,2217576.36],[4427072.6486,2217580.1714],[4427067.0657,2217584.6286],[4427061.0771,2217588.2343],[4427054.2314,2217592.2314],[4427045.2457,2217593.78],[4427035.82,2217594.6571],[4427028.7914,2217595.4629],[4427017.5457,2217597.0057],[4427008.0971,2217599.7914],[4426999.86,2217603.4],[4426990.3314,2217608.46],[4426984.8029,2217610.8257],[4426980.2629,2217612.7286],[4426974.9486,2217612.76],[4426965.7457,2217611.2971],[4426960.3057,2217606.0429],[4426948.7514,2217593.7771],[4426945.5371,2217588.7114],[4426941.3257,2217584.1029],[4426931.3486,2217580.76],[4426922.34,2217577.1429],[4426915.18,2217572.6771],[4426907.6429,2217572.52],[4426903.6914,2217578.4657],[4426899.0629,2217587.9886],[4426897.7457,2217594.9629],[4426897.1486,2217596.2771],[4426895.56,2217607.68],[4426894.5629,2217617.7743],[4426894.0971,2217624.36],[4426894.2314,2217629.6429],[4426892.7686,2217636.6829],[4426891.1743,2217648.0914],[4426890.1771,2217658.1829],[4426887.2143,2217669.0086],[4426886.8629,2217675.7229],[4426887.84,2217685.9486],[4426888.5514,2217695.26],[4426885.7057,2217706.2114],[4426879.8514,2217715.1],[4426874.72,2217718.3114],[4426870.1771,2217720.2143],[4426866.0457,2217722.98],[4426860.5143,2217725.3371],[4426855.12,2217727.64],[4426849.9886,2217730.8543],[4426843.7429,2217733.5486],[4426837.24,2217736.1943],[4426831.8486,2217738.4857],[4426826.72,2217741.7086],[4426822.18,2217743.6114],[4426814.3486,2217748.0743],[4426808.9486,2217750.3686],[4426804.0171,2217751.4343],[4426795.2171,2217750.8171],[4426785.4171,2217750.6686],[4426776.4257,2217752.2057],[4426768.1429,2217752.56],[4426763.2,2217753.62],[4426758.1543,2217754.5686],[4426752.7629,2217756.86],[4426743.74,2217758.5943],[4426738.1629,2217763.0514],[4426734.6057,2217769.8429],[4426728.3543,2217777.8743],[4426723.4114,2217778.9343],[4426717.6971,2217778.12],[4426710.7229,2217776.8343],[4426703.78,2217775.3771],[4426693.32,2217773.4543],[4426687.4057,2217774.7886],[4426682.0171,2217777.0914],[4426674.6657,2217780.1257],[4426668.0143,2217781.9686],[4426660.2486,2217784.1543],[4426652.2314,2217785.4257],[4426643.8257,2217785.6543],[4426633.36,2217789.0886],[4426616.9343,2217795.9371],[4426608.8257,2217799.4743],[4426602.9171,2217800.8057],[4426595.6771,2217803.96],[4426586.4257,2217804.5886],[4426577.0286,2217805.2857],[4426567.8257,2217803.8257],[4426558.4314,2217804.52],[4426551.5943,2217808.5171],[4426546.7857,2217814.8571],[4426542.8343,2217820.8057],[4426539.2857,2217827.5971],[4426534.4771,2217833.9371],[4426531.3029,2217841.7657],[4426524.2686,2217847.92],[4426517.5057,2217849.6429],[4426509.7543,2217846.4886],[4426499.8314,2217841.0571],[4426486.2943,2217834.0029],[4426480.8429,2217834.0971],[4426476.3029,2217836.0],[4426470.3143,2217839.6057],[4426465.3343,2217842.7629],[4426459.3457,2217846.3686],[4426452.36,2217850.4314],[4426448.1429,2217855.4629],[4426442.1629,2217859.0771],[4426437.8829,2217861.9],[4426429.6686,2217865.3171],[4426423.88,2217866.7771],[4426414.0314,2217868.7086],[4426408.6371,2217871.0143],[4426400.2,2217876.7714],[4426397.6543,2217883.1143],[4426399.4171,2217889.8743],[4426402.5543,2217897.2257],[4426404.98,2217905.7486],[4426399.0429,2217916.9114],[4426393.9114,2217920.1229],[4426384.8457,2217923.9457],[4426379.3114,2217926.3143],[4426372.5486,2217928.04],[4426366.7543,2217929.4914],[4426355.7314,2217928.6971],[4426346.3343,2217929.3943],[4426339.4943,2217933.3914],[4426333.9114,2217937.8514],[4426329.4743,2217945.22],[4426325.14,2217955.4771],[4426320.2571,2217964.0914],[4426317.5686,2217965.1429],[4426313.3,2217967.9714],[4426303.64,2217967.7486],[4426296.0686,2217967.7771],[4426289.5,2217967.3457],[4426281.9286,2217967.3743],[4426275.3657,2217966.9543],[4426269.2,2217967.3657],[4426264.6629,2217969.2771],[4426256.4514,2217972.7057],[4426249.0057,2217978.0114],[4426241.1686,2217982.4657],[4426232.4971,2217987.1343],[4426224.6886,2217991.4057],[4426216.2514,2217997.1771],[4426203.2286,2218006.9371],[4426195.94,2218012.18],[4426192.18,2218015.9743],[4426187.0486,2218019.1886],[4426183.2914,2218022.98],[4426178.5657,2218027.0457],[4426172.3086,2218035.08],[4426168.0886,2218045.4571],[4426162.6314,2218055.1914],[4426158.0857,2218062.44],[4426153.0857,2218070.9371],[4426148.4743,2218075.1229],[4426141.6257,2218084.4686],[4426137.8914,2218088.0686],[4426133.1343,2218092.3171],[4426129.3771,2218096.1086],[4426121.3686,2218102.5429],[4426117.5371,2218108.6057],[4426113.4029,2218111.36],[4426107.4143,2218114.9686],[4426101.8343,2218119.4286],[4426097.56,2218122.2486],[4426093.4029,2218125.1943],[4426088.8114,2218129.1886],[4426082.8286,2218132.8057],[4426078.0714,2218137.0571],[4426073.0857,2218140.2029],[4426068.3571,2218144.26],[4426065.0486,2218146.8171],[4426061.32,2218150.4257],[4426054.4686,2218159.7629],[4426050.3343,2218162.52],[4426045.9829,2218167.6229],[4426042.6229,2218172.26],[4426036.9514,2218184.3314],[4426032.8086,2218192.4371],[4426029.8286,2218198.1086],[4426023.78,2218209.1543],[4426020.8286,2218214.6457],[4426013.0429,2218226.6571],[4426008.72,2218231.5686],[4426004.9629,2218235.36],[4425998.78,2218241.1229],[4425987.8571,2218245.7857],[4425983.32,2218247.7],[4425978.7914,2218249.6086],[4425974.5086,2218252.4343],[4425969.04,2218257.0114],[4425964.3114,2218261.0686],[4425958.14,2218266.84],[4425953.3286,2218273.1714],[4425948.9771,2218278.2743],[4425944.7629,2218283.3057],[4425940.0371,2218287.3714],[4425935.4257,2218291.5571],[4425933.9743,2218293.2514],[4425928.4686,2218295.44],[4425922.9314,2218297.8],[4425918.4,2218299.7114],[4425913.8657,2218301.6229],[4425908.7343,2218304.8371],[4425904.1229,2218309.0229],[4425898.54,2218313.4829],[4425893.8114,2218317.54],[4425888.1971,2218322.1829],[4425877.0343,2218331.1057],[4425871.0457,2218334.7114],[4425866.6914,2218339.8057],[4425862.7429,2218345.7543],[4425859.3886,2218350.3886],[4425854.9829,2218357.5857],[4425839.84,2218372.6286],[4425835.1143,2218376.6943],[4425829.5229,2218381.1486],[4425825.18,2218386.2514],[4425820.1886,2218389.4],[4425815.0571,2218392.6143],[4425810.4457,2218396.7971],[4425805.9771,2218401.7771],[4425799.54,2218406.6286],[4425793.9257,2218411.2743],[4425788.5343,2218413.5686],[4425783.9971,2218415.4829],[4425777.8971,2218418.9714],[4425772.5114,2218421.2743],[4425766.7171,2218422.7257],[4425760.2143,2218425.3714],[4425755.1971,2218428.7029],[4425749.6971,2218430.8886],[4425744.3,2218433.1857],[4425737.9171,2218435.9486],[4425731.0714,2218439.9486],[4425721.8114,2218445.9286],[4425717.0829,2218449.9857],[4425712.7314,2218455.0914],[4425709.3743,2218459.7286],[4425701.4857,2218466.2771],[4425696.2771,2218471.7743],[4425690.2886,2218475.3829],[4425683.7886,2218478.0171],[4425675.72,2218481.3829],[4425665.9229,2218481.2257],[4425656.4486,2218484.1943],[4425651.9114,2218486.1086],[4425646.5257,2218488.4114],[4425640.9943,2218490.7829],[4425634.6257,2218493.3571],[4425629.1,2218495.7229],[4425623.7086,2218498.0314],[4425619.1771,2218499.94],[4425610.9571,2218503.3657],[4425603.3114,2218505.6657],[4425594.7229,2218508.0629],[4425590.1914,2218509.9714],[4425581.5771,2218512.5514],[4425573.4743,2218516.1],[4425566.5229,2218519.9829],[4425557.0514,2218522.9514],[4425552.1086,2218524.0114],[4425546.2029,2218525.3457],[4425541.2657,2218526.4029],[4425535.8714,2218528.7114],[4425527.6629,2218532.14],[4425520.4457,2218535.1029],[4425512.2029,2218538.72],[4425505.04,2218539.6029],[4425495.1943,2218541.5371],[4425490.0629,2218544.7514],[4425479.2829,2218549.36],[4425470.6686,2218551.94],[4425463.0971,2218551.9686],[4425454.5086,2218554.3657],[4425447.6686,2218558.3629],[4425443.5086,2218561.3029],[4425435.88,2218568.7714],[4425431.7457,2218571.5286],[4425425.76,2218575.1343],[4425420.3657,2218577.4429],[4425415.2371,2218580.6571],[4425408.8543,2218583.42],[4425402.4914,2218586.0029],[4425397.1,2218588.2971],[4425390.7114,2218591.06],[4425385.2114,2218593.2457],[4425373.6257,2218596.1486],[4425366.7171,2218597.9429],[4425361.4057,2218597.9743],[4425355.2429,2218598.4],[4425349.4514,2218599.8514],[4425340.0543,2218600.5486],[4425332.0343,2218601.8143],[4425326.24,2218603.2771],[4425321.5571,2218605.2457],[4425314.8,2218606.9829],[4425304.9543,2218608.9171],[4425295.08,2218611.0457],[4425290.1714,2218611.92],[4425284.3771,2218613.3714],[4425278.8457,2218615.7429],[4425272.4857,2218618.3143],[4425266.0943,2218621.08],[4425259.3343,2218622.8057],[4425253.54,2218624.2571],[4425247.6343,2218625.5914],[4425244.9229,2218626.8343],[4425242.7029,2218626.6571],[4425232.8514,2218628.5943],[4425224.7543,2218632.1429],[4425216.1371,2218634.7229],[4425189.0543,2218641.8143],[4425184.0743,2218644.9743],[4425175.1829,2218651.9829],[4425171.3114,2218655.6486],[4425166.5086,2218661.9886],[4425162.7,2218667.8743],[4425159.9771,2218674.4571],[4425154.9029,2218685.2286],[4425151.0857,2218696.46],[4425147.1343,2218702.4],[4425145.3086,2218703.0686],[4425140.1771,2218706.2857],[4425133.1514,2218707.1057],[4425123.5543,2218704.8029],[4425114.8057,2218702.0971],[4425103.5686,2218698.3086],[4425092.3657,2218694.3257],[4425082.9486,2218689.8571],[4425075.2029,2218686.7029],[4425066.4029,2218686.0914],[4425055.2314,2218685.3686],[4425045.1771,2218684.3029],[4425039.8657,2218684.3343],[4425033.5543,2218684.8171],[4425026.5343,2218685.6343],[4425020.34,2218686.2429],[4425013.1714,2218687.1171],[4425007.2714,2218688.46],[4425000.62,2218690.3057],[4424993.2629,2218693.3343],[4424987.3571,2218694.6686],[4424981.5629,2218696.1314],[4424969.4143,2218700.1657],[4424963.02,2218702.92],[4424957.6343,2218705.2257],[4424951.1314,2218707.8714],[4424945.34,2218709.3257],[4424938.5771,2218711.0514],[4424932.1886,2218713.8171],[4424926.4286,2218715.0857],[4424920.8943,2218717.4571],[4424911.4229,2218720.4286],[4424906.8829,2218722.3343],[4424899.5314,2218725.3714],[4424892.7686,2218727.1],[4424887.3743,2218729.4086],[4424884.6714,2218730.6486],[4424880.1314,2218732.5543],[4424873.3743,2218734.2914],[4424866.98,2218737.0457],[4424861.0743,2218738.38],[4424855.6886,2218740.6857],[4424850.7457,2218741.7457],[4424840.4971,2218742.84],[4424832.2886,2218746.2714],[4424826.9029,2218748.5771],[4424821.8457,2218749.52],[4424812.1943,2218749.2971],[4424802.9171,2218750.1143],[4424797.86,2218751.0571],[4424792.4743,2218753.3629],[4424784.7086,2218755.5514],[4424777.4714,2218758.7057],[4424770.4514,2218759.5257],[4424764.14,2218760.0057],[4424758.2257,2218761.3429],[4424752.84,2218763.6486],[4424747.7114,2218766.8629],[4424739.6143,2218770.4143],[4424733.6286,2218774.0229],[4424727.2714,2218776.6029],[4424720.0229,2218779.7514],[4424714.5229,2218781.94],[4424705.0514,2218784.9143],[4424697.8057,2218788.0714],[4424689.8514,2218792.4143],[4424682.24,2218794.5343],[4424675.4771,2218796.2629],[4424670.5343,2218797.3229],[4424664.7429,2218798.7743],[4424658.4343,2218799.2657],[4424651.0086,2218799.2314],[4424641.1657,2218801.1771],[4424636.4857,2218803.1457],[4424629.0,2218810.5514],[4424624.7829,2218820.9314],[4424621.6114,2218828.76],[4424619.8857,2218834.8857],[4424616.7429,2218842.5343],[4424611.6686,2218853.3057],[4424608.3114,2218857.9457],[4424603.9629,2218863.0514],[4424597.14,2218872.2086],[4424592.3829,2218876.46],[4424587.8,2218880.4657],[4424581.8143,2218884.0743],[4424577.54,2218886.8971],[4424571.4743,2218892.78],[4424567.3314,2218900.8857],[4424560.8143,2218908.0171],[4424554.3143,2218910.6514],[4424542.62,2218913.4486],[4424537.2257,2218915.7486],[4424526.9,2218919.1257],[4424515.2029,2218921.9114],[4424509.8914,2218921.9457],[4424502.3257,2218921.9743],[4424497.1943,2218925.1914],[4424495.3686,2218925.86],[4424485.8971,2218928.8343],[4424480.7057,2218928.9829],[4424470.4514,2218930.0657],[4424461.9114,2218930.3743],[4424454.7486,2218931.2571],[4424445.3571,2218931.9571],[4424444.5,2218932.3514],[4424436.0771,2218932.7743],[4424427.6829,2218933.0143],[4424420.1171,2218933.0457],[4424413.0943,2218933.8657],[4424406.3857,2218933.5029],[4424401.0743,2218933.5371],[4424396.1371,2218934.5943],[4424390.42,2218933.7771],[4424380.3657,2218932.7114],[4424369.5343,2218929.7686],[4424358.78,2218924.5514],[4424348.3971,2218920.36],[4424340.6514,2218917.2086],[4424333.6743,2218915.9257],[4424328.2257,2218916.0257],[4424320.98,2218919.1857],[4424316.0686,2218920.0629],[4424310.2771,2218921.5143],[4424303.9686,2218922.0057],[4424298.1771,2218923.46],[4424288.7371,2218926.2486],[4424284.0629,2218928.2286],[4424279.5229,2218930.1314],[4424270.2429,2218930.9486],[4424264.5343,2218930.1371],[4424257.9657,2218929.7086],[4424245.16,2218927.4914],[4424235.5114,2218927.28],[4424227.4114,2218930.8343],[4424222.8771,2218932.7371],[4424218.2,2218934.7171],[4424212.6943,2218936.9086],[4424208.1629,2218938.8114],[4424198.4343,2218940.8743],[4424189.4971,2218940.3371],[4424180.6943,2218939.7257],[4424172.0857,2218936.9571],[4424163.7457,2218935.1057],[4424156.3229,2218935.0829],[4424151.6543,2218931.7143],[4424143.3886,2218927.5914],[4424132.7514,2218922.4886],[4424127.1143,2218919.3971],[4424115.28,2218916.9143],[4424107.08,2218914.9971],[4424100.5114,2218914.5714],[4424095.5743,2218915.6286],[4424088.8114,2218917.36],[4424083.28,2218919.7314],[4424077.0371,2218922.4314],[4424068.42,2218925.0114],[4424062.5143,2218926.3486],[4424057.3171,2218926.5],[4424050.6829,2218923.8657],[4424048.1943,2218922.7714],[4424042.6743,2218919.7943],[4424033.4771,2218918.3371],[4424027.7571,2218917.5171],[4424021.1886,2218917.0886],[4424011.02,2218915.9086],[4424001.8171,2218914.4543],[4423993.8771,2218913.4486],[4423984.0829,2218913.3057],[4423977.5143,2218912.8771],[4423970.1371,2218910.7543],[4423961.42,2218907.8771],[4423954.1886,2218905.6886],[4423949.0,2218901.3486],[4423944.0743,2218897.0686],[4423936.0,2218890.7886],[4423932.84,2218888.5029],[4423732.5686,2218987.5629],[4420605.4743,2220534.2943],[4418235.1086,2221706.7314],[4418675.9,2222652.5057],[4418928.2829,2223073.9371],[4419348.8657,2223714.5743],[4419349.0857,2223950.4514],[4419248.4857,2224102.1829],[4419013.5943,2224203.7629],[4418577.3286,2224221.9457],[4417654.46,2224191.2886],[4417201.42,2224243.1229],[4416932.9514,2224260.7714],[4416278.5714,2224414.0629],[4416127.5686,2224481.7686],[4415909.4429,2224432.0943],[4415657.7886,2224281.8714],[4415355.7857,2224148.56],[4415053.7629,2224082.3657],[4414667.8371,2224066.7943],[4414399.3743,2224134.8543],[4413996.7029,2224304.1914],[4413778.6514,2224523.5057],[4413627.9143,2224944.8],[4413426.9657,2225551.4457],[4413259.4229,2225955.9114],[4412907.12,2226192.3886],[4412571.5343,2226143.0829],[4412068.1857,2225960.04],[4411430.5886,2225794.1829],[4411128.56,2225845.5429],[4410725.8686,2225947.6286],[4410373.5,2225931.9571],[4410188.9257,2225915.7514],[4410187.4486,2225915.1086],[4409920.48,2225799.1171],[4409584.9714,2225548.5229],[4409249.3829,2225499.2171],[4408712.4457,2225534.5171],[4408343.3314,2225703.7543],[4408142.0914,2225956.7057],[4408075.2314,2226293.6943],[4408159.7886,2226917.1],[4408362.1029,2227725.9],[4408395.9771,2228029.1771],[4408464.0343,2228972.6914],[4408447.46,2229208.5714],[4408716.7686,2229781.6057],[4405998.5543,2229252.9657],[4406133.4286,2229792.1686],[4406133.8343,2230230.2257],[4406016.7971,2230786.26],[4405799.12,2231460.3029],[4405564.8629,2232370.2086],[4405464.7543,2233077.8629],[4405465.2857,2233650.7057],[4405600.3771,2234425.7714],[4405903.4171,2235150.4429],[4406223.2286,2235841.4486],[4406290.5629,2235993.1257],[4406273.9257,2236161.6143],[4406072.5743,2236179.0514],[4405451.7343,2236197.8171],[4404976.3229,2236240.6971],[4404515.2829,2236362.6],[4404074.3143,2236564.7857],[4403452.9429,2236827.7629],[4403159.3914,2236873.9086],[4402930.7857,2236908.1543],[4402185.9486,2236805.2029],[4400474.6,2236257.1771],[4399910.7943,2236014.26],[4399528.2914,2235932.6343],[4399105.5286,2236011.3886],[4398480.5543,2236670.3257],[4398158.1257,2236949.7314],[4397961.64,2237067.7686],[4397590.3943,2237292.2514],[4397306.0886,2237313.78],[4396920.2486,2237295.6971],[4396533.5771,2237057.2686],[4395045.96,2235863.2486],[4395042.4857,2235868.2686],[4394745.2771,2236302.8914],[4394183.9886,2236821.9429],[4393282.0286,2237880.5857],[4392941.3086,2238320.0943],[4392740.9314,2238659.8371],[4392680.9714,2238999.7457],[4392621.1886,2239599.6114],[4392460.9257,2239939.42],[4392200.5686,2240599.1114],[4391899.9429,2240998.6857],[4391579.18,2241238.0829],[4391258.38,2241357.2971],[4390937.5657,2241376.26],[4390516.5171,2241214.2],[4390235.8514,2240992.2686],[4390055.5343,2240649.8486],[4389895.4143,2241209.6543],[4389835.9257,2242249.4286],[4389816.4171,2243069.2571],[4389837.0657,2243929.0771],[4389842.6086,2243944.2343],[4388935.5371,2244590.3057],[4389072.7943,2245315.5286],[4388621.5771,2246039.5086],[4386778.36,2246106.4886],[4386332.3171,2246013.2257],[4386210.4457,2246863.9714],[4386207.3057,2246863.8971],[4386245.6114,2247882.4229],[4386282.8514,2248104.6514],[4386394.1086,2248419.5171],[4386450.0171,2248789.9029],[4386394.9943,2249067.6943],[4386247.6971,2249364.0886],[4385989.6571,2249642.1429],[4385363.0,2250328.0],[4384925.42,2250849.5657],[4384865.4114,2250921.0971],[4384552.3171,2251476.8771],[4384488.0114,2251656.1886],[4384313.1857,2252143.6629],[4384166.0029,2252532.6257],[4384129.4686,2252828.9286],[4384333.4143,2253384.5829],[4384407.8229,2253773.4943],[4384463.9514,2254310.54],[4384557.3229,2255069.8171],[4384743.2457,2255977.2771],[4384780.8086,2256440.2429],[4384781.5571,2256995.8],[4384616.54,2257866.2171],[4384396.3771,2258921.8371],[4384415.1971,2259181.1],[4384600.3057,2259440.52],[4385062.8514,2259867.0029],[4385118.5629,2260089.2429],[4385137.3571,2260329.9886],[4385063.7314,2260496.6971],[4384768.6771,2260626.8543],[4384399.8886,2260831.16],[4384178.7143,2261072.1371],[4384031.4857,2261424.0714],[4383921.6143,2262109.2829],[4383885.1029,2262424.1057],[4383663.9314,2262665.0829],[4383295.4314,2263183.9257],[4382945.4886,2263795.2971],[4383297.6457,2264665.8543],[4383594.1829,2265388.2371],[4383576.2143,2265758.6114],[4383153.1257,2266925.4857],[4382667.1571,2268014.2886],[4382257.9229,2267859.3171],[4381297.0686,2267439.6971],[4380606.4571,2267200.0029],[4379795.7486,2267350.66],[4379495.4286,2268011.6343],[4378474.3829,2269964.5543],[4378174.1029,2270295.0943],[4377513.5171,2270025.3686],[4377153.1771,2269605.42],[4376642.7171,2269275.5743],[4375952.1114,2269366.1],[4374841.1314,2269667.0886],[4374420.74,2270117.8314],[4374180.4829,2270658.6286],[4373880.1771,2271229.4829],[4372739.1771,2271320.3086],[4371598.1743,2271110.9171],[4371087.6971,2270571.0086],[4369556.3314,2269791.56],[4369105.9,2269191.6057],[4370066.2886,2266791.52],[4370156.3143,2266491.5029],[4368895.1971,2265952.0029],[4368324.6829,2265592.1829],[4366643.1914,2264902.8686],[4366643.0857,2264062.7943],[4368143.9886,2263193.2886],[4368834.3171,2261873.2886],[4368233.7457,2261123.3629],[4368510.2514,2259348.8343],[4368593.7143,2258813.1771],[4366431.7657,2257373.8171],[4366521.7629,2256818.7771],[4367152.1114,2256098.8686],[4367262.7543,2255839.2286],[4367253.6914,2255836.12],[4367269.9943,2255773.88],[4367344.2743,2255648.6371],[4367354.9171,2255588.2657],[4367321.4686,2255494.1429],[4367306.3571,2255404.88],[4366395.7714,2255238.2371],[4365863.0514,2255137.7343],[4366144.0829,2253916.8257],[4366189.38,2252940.1714],[4366797.6229,2252146.0343],[4366508.2714,2251459.1543],[4363448.9086,2250536.7914],[4365638.2943,2246681.8829],[4365394.5886,2245979.7943],[4364831.3371,2245368.7343],[4364450.7943,2245641.2143],[4363943.6171,2245653.7943],[4363846.5086,2245563.4714],[4363573.44,2245310.6686],[4362851.48,2245179.8029],[4362418.3314,2245005.8571],[4361147.7714,2245539.1914],[4360830.1343,2245683.36],[4360368.7829,2244612.5286],[4360167.2543,2243816.6914],[4359994.0743,2243614.0543],[4359503.2543,2243974.7543],[4359344.4343,2244046.8371],[4358997.9571,2243822.3657],[4358853.8371,2243431.6657],[4358724.22,2242983.0971],[4357511.5171,2242244.4343],[4357223.3457,2243096.2657],[4356501.4457,2242777.4371],[4356068.7629,2241952.5771],[4355317.9943,2241590.34],[4352863.8714,2239816.5143],[4352416.3686,2240162.8057],[4351680.7371,2241476.5171],[4350944.3543,2241685.2886],[4350467.86,2241742.5943],[4350236.8543,2241626.6886],[4349529.3629,2241394.6343],[4347623.3971,2241002.3086],[4346786.0057,2240596.6086],[4346020.8086,2240978.7314],[4343490.8086,2240833.6486],[4343087.0971,2240810.4971],[4342425.4,2240772.5486],[4340259.66,2239895.6029],[4339638.8771,2239504.5657],[4339292.52,2239099.2886],[4339076.0114,2238896.62],[4339026.6229,2238673.1057],[4339018.4629,2238636.1657],[4339062.1057,2238361.2457],[4339308.5371,2237695.6086],[4339713.9829,2237087.7686],[4339945.4829,2237044.1571],[4340206.08,2236711.2657],[4340365.38,2236450.7714],[4340322.3286,2236146.9114],[4340351.5857,2235799.6486],[4340467.4286,2235625.9771],[4340537.4829,2235507.8514],[4340583.2886,2235430.6086],[4340453.4343,2235242.4629],[4340554.88,2234996.4657],[4340786.4257,2234837.1714],[4341090.6714,2234200.4514],[4341206.84,2233679.5429],[4341540.0286,2233013.8714],[4341786.38,2232435.0429],[4341945.8114,2232029.8714],[4341455.4343,2231103.7057],[4340401.3743,2230900.2114],[4339015.1914,2230898.7371],[4338209.3629,2230664.3343],[4337094.8286,2230340.1343],[4336214.2143,2229731.9314],[4335766.8543,2229181.9286],[4335305.1714,2228487.2514],[4334901.1,2227995.1429],[4334627.1314,2227401.8343],[4334425.2829,2226938.7714],[4334671.6886,2226302.0714],[4334715.2743,2226085.0286],[4334455.4114,2225925.7114],[4334051.12,2225824.0914],[4332968.3571,2225150.6286],[4333663.3229,2224209.88],[4334155.2543,2224194.9057],[4334401.3314,2223934.3543],[4334690.9857,2223442.3114],[4334714.9057,2223398.3714],[4335140.0057,2222617.44],[4335458.7886,2221893.9029],[4335922.6314,2220671.1543],[4335330.7771,2220207.8314],[4334695.5,2219932.4714],[4334579.9857,2219917.8914],[4334421.2514,2219715.2629],[4334161.5629,2219310.04],[4333641.9629,2219829.6057],[4333136.9743,2219091.5029],[4333672.5543,2218526.9714],[4333730.8857,2218020.5429],[4333789.4457,2217282.6029],[4333891.2457,2215971.6429],[4333974.4571,2214882.6771],[4334006.9343,2214457.62],[4334281.3114,2213938.1143],[4334570.0971,2213303.1343],[4334468.7971,2213028.9229],[4334006.0429,2212769.5057],[4334121.4771,2212307.6571],[4334309.0514,2211564.3686],[4334352.14,2210914.8657],[4334192.8914,2210337.56],[4334192.74,2209976.7229],[4334467.1971,2209688.2114],[4334828.34,2209356.4686],[4335290.6571,2209183.7229],[4335478.32,2208649.7314],[4335467.9429,2208505.5371],[4335449.4714,2208245.5029],[4335204.0914,2207538.0457],[4334945.0,2207581.5286],[4334870.1657,2207174.6971],[4335035.5514,2206965.64],[4335013.5714,2206844.5743],[4335011.1629,2206804.5743],[4334991.7,2206481.3714],[4334749.6114,2205865.0771],[4333967.8257,2205172.0629],[4333276.4714,2205064.7286],[4332936.8171,2204615.7629],[4331853.6257,2203071.18],[4332446.6314,2202443.3457],[4332752.6771,2201806.4429],[4332952.9257,2201389.8886],[4333111.9743,2201144.7657],[4333328.8229,2201101.8514],[4333791.4429,2201334.1629],[4335020.2743,2201900.6057],[4335743.1257,2202306.9971],[4336075.6314,2202452.2714],[4336249.1229,2202279.3229],[4336523.8286,2201933.3229],[4336870.7914,2201789.5429],[4337449.0571,2201732.9057],[4337637.0257,2201401.2371],[4337738.5,2199764.0429],[4337276.1229,2199071.9429],[4337030.4829,2198725.9057],[4336293.5029,2198091.9057],[4336235.7971,2197500.5],[4336235.8829,2197024.4829],[4336394.9743,2196519.6714],[4336395.0429,2196130.2029],[4336308.4029,2195668.6286],[4336236.1971,2195322.4514],[4336077.3943,2194276.6857],[4335875.1657,2193613.2114],[4335485.0114,2193209.64],[4335080.3714,2193123.7543],[4334574.5743,2193225.9771],[4333938.7371,2192822.7943],[4333591.9314,2192476.8943],[4333172.9086,2191799.1743],[4332710.5429,2191020.5],[4332436.0057,2190616.78],[4332175.9429,2190083.1857],[4331832.4971,2188841.6914],[4332161.9857,2188209.7571],[4332803.1886,2187775.4057],[4333187.9486,2187225.4543],[4333010.6486,2186827.24],[4332880.3743,2186534.6429],[4332354.8029,2186702.4371],[4331816.4257,2187049.9086],[4331239.5886,2186705.0971],[4330765.2914,2186565.0657],[4330380.7429,2186271.16],[4330205.4086,2186244.54],[4329880.8057,2186195.2571],[4329600.8771,2186051.3857],[4329561.8657,2186031.3371],[4329483.4257,2185991.0229],[4329201.4371,2185658.5571],[4329291.24,2185364.2943],[4329060.5457,2184929.3686],[4328458.06,2184802.4029],[4327612.02,2184496.52],[4327765.9629,2184023.1429],[4327676.2857,2183652.1029],[4328137.9486,2183345.5171],[4328791.9571,2183552.0457],[4329420.3143,2183707.2114],[4329894.8114,2183323.8086],[4330164.2257,2182428.22],[4330497.6429,2182377.6229],[4331292.7143,2182712.72],[4331844.1286,2182739.48],[4331887.0771,2182544.0943],[4331946.7829,2182272.4743],[4331831.5371,2181466.3914],[4331758.5057,2181234.7543],[4331613.7086,2180775.5143],[4331556.9029,2180654.2314],[4331152.34,2179790.4857],[4331280.6171,2179457.8571],[4331537.1457,2178939.7686],[4331552.62,2178890.0486],[4331579.8229,2178802.6286],[4331753.1114,2178243.7457],[4331765.2886,2178204.1914],[4331715.6,2177954.9171],[4331668.8,2177740.4371],[4331614.18,2177502.5257],[4331611.5514,2177491.08],[4331611.7571,2177490.8771],[4331612.5429,2177485.9857],[4331610.7486,2177465.6286],[4331613.5514,2177449.6886],[4331614.5429,2177432.3571],[4331618.7086,2177419.06],[4331623.4886,2177413.1229],[4331632.1857,2177408.6086],[4331641.3829,2177400.3886],[4331646.9143,2177391.8343],[4331653.66,2177377.1343],[4331657.3914,2177365.0943],[4331646.7086,2177342.7286],[4331642.1771,2177333.9486],[4331633.1314,2177323.1486],[4331624.8629,2177309.5514],[4331620.7571,2177299.5171],[4331613.7571,2177286.3514],[4331603.6343,2177264.7657],[4331600.8657,2177259.6543],[4331594.2714,2177238.4714],[4331592.7914,2177233.6114],[4331592.8943,2177218.9629],[4331588.7543,2177211.2114],[4331579.3457,2177205.12],[4331569.1029,2177201.3171],[4331562.4714,2177199.2657],[4331533.7829,2177187.44],[4331528.4229,2177185.8286],[4331514.9943,2177175.04],[4331504.1486,2177162.8457],[4331491.5714,2177151.6514],[4331474.0343,2177141.7771],[4331462.8171,2177135.3286],[4331439.5057,2177123.0086],[4331427.1,2177119.1314],[4331421.3886,2177106.8686],[4330939.8914,2176073.2971],[4330579.5771,2175363.0229],[4329679.0886,2174700.1257],[4328496.5086,2174353.4571],[4328094.1914,2174144.2429],[4328021.5371,2173925.2457],[4327973.9229,2173781.7171],[4327960.1629,2173740.1114],[4328229.0743,2173348.3886],[4328461.5143,2172846.6771],[4328377.1971,2172124.9286],[4328109.6771,2171696.5257],[4329111.4029,2170765.3971],[4329617.04,2170856.44],[4329709.8686,2170872.9286],[4329883.04,2170112.7829],[4329204.4343,2168990.0657],[4328828.0171,2168682.62],[4328808.2686,2168131.3086],[4328805.2029,2168057.6514],[4328706.0314,2167409.9429],[4328704.7229,2166884.4571],[4328373.6314,2166199.9314],[4327762.4657,2166100.9714],[4327114.3429,2166513.7514],[4326673.6829,2167048.6286],[4325536.24,2167892.7543],[4325059.2886,2168220.6229],[4324240.3343,2168133.3857],[4323619.4029,2168451.3686],[4323482.2743,2168521.5914],[4323224.8543,2169008.0257],[4322845.5743,2168641.04],[4322454.42,2168560.8714],[4321782.0257,2168290.9743],[4321486.9171,2167337.6657],[4321002.7686,2166535.0143],[4320522.6086,2165738.9771],[4319932.3429,2164756.84],[4319089.7343,2164174.1914],[4318393.8057,2163927.8114],[4317514.8,2163997.9429],[4317050.4857,2164611.0229],[4315915.0457,2164948.3514],[4315353.1286,2164348.1057],[4316194.2229,2163204.1486],[4316703.5543,2162511.4171],[4316802.9086,2162034.8486],[4316848.9457,2161814.0086],[4316730.16,2160788.6143],[4316725.54,2160750.3857],[4316467.2371,2160217.9571],[4316147.1171,2160072.9143],[4315769.8686,2159895.0571],[4315716.2971,2159897.0343],[4314757.6714,2159925.7371],[4313855.3457,2160139.4486],[4313440.76,2159990.4114],[4313440.7571,2159968.5714],[4313438.9229,2159672.4857],[4313351.8686,2159588.3257],[4313268.6486,2159507.8686],[4313142.0657,2159380.3371],[4312988.7314,2159227.7171],[4312826.6429,2159065.9],[4312698.9771,2159045.0457],[4311992.6429,2158931.2486],[4311830.8057,2158905.1743],[4310882.2343,2159500.3629],[4309648.3171,2160953.3629],[4309014.9743,2161215.0829],[4308336.9314,2161399.4943],[4307912.4771,2161511.2857],[4306294.0029,2161615.6257],[4304793.9343,2161531.6314],[4304549.0857,2161517.9229],[4304183.9714,2161456.5086],[4304166.3686,2161453.5457],[4303831.1857,2161397.14],[4303360.0543,2161317.8514],[4302446.6343,2161106.8286],[4301943.1143,2160571.4829],[4301416.0257,2160571.4343],[4301048.2029,2160461.6629],[4300911.5829,2160269.88],[4300752.86,2160047.0686],[4300745.8457,2160042.4229],[4300460.42,2159853.8171],[4300119.26,2159782.5229],[4299629.4457,2159966.8457],[4299347.2543,2159700.7171],[4299298.4486,2159598.3429],[4298433.9686,2157808.36],[4298292.8543,2157523.74],[4298293.8771,2157523.2229],[4297590.2543,2156122.9714],[4296058.7914,2153075.2829],[4296004.3171,2152972.8029],[4295906.9057,2152743.2286],[4295143.7686,2151076.7857],[4294855.5086,2150428.5971],[4294770.28,2150240.3257],[4294663.0057,2150005.8686],[4293737.2686,2148024.0743],[4292805.3886,2146028.2343],[4291852.6314,2143987.6857],[4291633.9314,2143519.2829],[4291182.88,2142553.2543],[4290584.98,2141315.7714],[4290285.2229,2140570.2486],[4290231.7657,2140452.3743],[4290177.32,2140336.0171],[4289725.3286,2139542.5914],[4289545.84,2139257.1657],[4289283.1029,2138794.7029],[4288581.7543,2137515.6343],[4288472.6943,2137297.5657],[4288435.2086,2137222.9057],[4286957.5229,2137845.58],[4285180.0057,2138663.4743],[4284756.2143,2138858.4771],[4284703.8829,2138906.1286],[4284631.6171,2138940.4],[4284607.5657,2138957.2857],[4284556.6943,2139006.9971],[4284542.3486,2139029.6829],[4284537.2886,2139057.84],[4283969.6343,2139290.7343],[4283392.0629,2139577.56],[4282544.0343,2140005.8571],[4281377.3571,2140595.0914],[4279999.3743,2141239.96],[4279908.3771,2141283.74],[4278431.2257,2142064.2914],[4278085.6114,2142216.9943],[4277566.02,2142423.8914],[4277117.0914,2142596.9629],[4275883.8571,2143231.3686],[4274594.0029,2143894.9],[4273148.2514,2144663.3486],[4271893.0829,2145330.4943],[4271559.1743,2145509.3543],[4268051.2771,2148105.9029],[4266983.1886,2148775.7971],[4266676.9829,2148953.0429],[4265701.1229,2149517.9],[4265698.1314,2149519.7143],[4264935.7029,2149982.1829],[4263914.8029,2149840.1486],[4263756.36,2149924.9571],[4263111.6343,2150210.2686],[4261413.8057,2150961.6171],[4261349.0171,2150992.4743],[4261083.8914,2150491.3343],[4261083.3857,2150491.5971],[4260893.4543,2150105.5886],[4260852.9257,2150021.9486],[4260852.4886,2150021.0486],[4260628.4543,2150135.7829],[4260528.9029,2150187.8457],[4259394.5171,2150781.1343],[4259251.9571,2150857.0571],[4258834.9171,2151081.8629],[4258168.0029,2151441.0857],[4258054.38,2151498.7029],[4257556.98,2152285.2229],[4257374.5286,2152573.7257],[4256666.6657,2152766.6343],[4256451.2543,2153138.0829],[4256461.3286,2153156.9571],[4256346.5057,2153253.2543],[4256343.2943,2153255.9743],[4255954.2,2153471.7886],[4255786.2429,2153508.3371],[4255582.1971,2153769.8286],[4254783.4343,2154139.7743],[4254231.1486,2154768.0771],[4253903.3914,2154910.1486],[4253797.1714,2154948.7514],[4253204.4514,2155101.9486],[4252738.3057,2155120.22],[4252612.4829,2155137.1857],[4251356.6686,2155306.5171],[4250432.8257,2155401.2429],[4248279.3057,2155114.7971],[4247425.6486,2154954.4514],[4247425.2286,2154954.38],[4246587.4286,2154810.26],[4245949.78,2154520.8057],[4245044.5086,2154311.8629],[4243778.1,2154044.9371],[4242229.0057,2153731.8114],[4242069.8629,2153699.3743],[4241451.2886,2153581.5229],[4241450.9143,2153580.7514],[4240953.6829,2153451.7486],[4240110.7029,2153850.7971],[4239306.4229,2154310.18],[4238448.4686,2154758.7114],[4237870.6943,2155060.7657],[4237677.2943,2155193.2457],[4237328.1771,2155443.1343],[4236279.7314,2156166.2571],[4236158.5714,2156249.8257],[4234673.62,2156762.0257],[4232446.0714,2157799.1943],[4232444.9686,2157799.7057],[4233374.38,2159490.5],[4233597.8457,2159908.3743],[4233716.3714,2160130.0086],[4233253.7714,2160343.4143],[4234642.7143,2163058.5143],[4234694.9343,2163159.2486],[4234852.3,2163462.8029],[4234974.1314,2163697.7343],[4235027.9286,2163801.9171],[4234882.7714,2163870.7857],[4234663.48,2163975.3771],[4234541.9829,2164033.1714],[4234468.4829,2164067.9486],[4232613.4057,2164942.8629],[4232612.5229,2164952.2514],[4232079.8829,2165250.5229],[4232265.6257,2165760.2143],[4232317.6657,2165903.0143],[4232440.9314,2166241.2657],[4231230.7143,2166889.6714],[4230966.34,2167031.3171],[4230908.5143,2167062.2971],[4230412.2771,2167328.1686],[4230572.82,2167727.8171],[4229642.6886,2168278.0686],[4229986.0857,2169002.4857],[4230000.0629,2169031.9714],[4230014.0057,2169061.3829],[4230090.6229,2169223.0143],[4230117.4714,2169279.6543],[4230199.12,2169450.2171],[4230457.1857,2169972.0143],[4230544.02,2170147.5829],[4230560.02,2170179.9343],[4231078.2743,2171227.8086],[4231159.3571,2171391.8029],[4231744.5971,2172575.4914],[4231976.1857,2173043.8943],[4232133.2629,2173361.5943],[4233255.8886,2175636.5114],[4234343.5857,2177845.3057],[4234052.9829,2177987.08],[4233913.4571,2178062.1],[4227951.8,2181026.9771],[4228744.72,2182684.7371],[4225678.9771,2184288.6686],[4224974.9314,2184657.7343],[4224754.1229,2184772.3714],[4224749.0971,2184769.9943],[4224740.12,2184779.6257],[4224735.1371,2184782.2086],[4224631.3743,2184835.5457],[4223560.2457,2185403.4971],[4222228.6743,2186099.9971],[4221832.7543,2186310.44],[4221300.6486,2186593.2714],[4221023.46,2186738.62],[4217262.8457,2188710.5],[4214676.4057,2190066.7],[4213732.1229,2190559.0229],[4213239.3829,2190817.7571],[4212968.6029,2190288.3886],[4210829.2514,2186071.0171],[4207072.5886,2187886.1457],[4205919.6229,2188446.4314],[4203834.9857,2189461.7514],[4203752.5086,2189502.3286],[4203752.2,2189501.7229],[4203736.5629,2189509.8429],[4202937.5886,2189924.6514],[4202324.7857,2190239.8257],[4200354.0286,2191253.4257],[4197257.0114,2192831.2171],[4193695.2257,2194645.7857],[4192791.7171,2195115.1114],[4191258.1714,2195889.0286],[4187456.3486,2197846.1457],[4186983.1314,2198083.46],[4186557.8171,2198317.6257],[4186473.4771,2198357.2229],[4186479.6971,2198364.76],[4186527.8229,2198413.42],[4186558.5971,2198464.0343],[4186559.4514,2198465.4571],[4186583.0029,2198504.9857],[4186606.7914,2198544.9143],[4186610.0943,2198551.7886],[4186613.4286,2198558.7343],[4186629.4943,2198597.6029],[4186645.72,2198636.8657],[4186617.5829,2198647.2286],[4186589.1714,2198657.7],[4186584.5714,2198668.0457],[4186575.0486,2198673.1571],[4186557.4343,2198684.5829],[4186547.5029,2198693.2714],[4186536.5857,2198702.4686],[4186522.5657,2198705.4886],[4186507.9914,2198707.5543],[4186494.4029,2198713.7143],[4186481.1257,2198720.5971],[4186468.94,2198729.3857],[4186457.6257,2198737.56],[4186447.6829,2198746.24],[4186440.2886,2198755.7371],[4186432.7686,2198770.9629],[4186430.0029,2198787.0743],[4186430.06,2198803.8486],[4186430.8114,2198820.26],[4186430.8486,2198834.92],[4186431.0257,2198848.2657],[4186428.2686,2198862.0771],[4186421.5829,2198874.5714],[4186407.7657,2198895.3457],[4186396.9086,2198921.3171],[4186394.3914,2198927.2171],[4186382.5343,2198949.2857],[4186371.2086,2198957.4543],[4186357.6229,2198963.6171],[4186345.4629,2198972.2171],[4186332.8514,2198980.1714],[4186328.9057,2198982.2429],[4186306.4143,2198994.0514],[4186294.7771,2199001.5],[4186258.8171,2199020.5029],[4186246.6571,2199031.4029],[4186235.8829,2199042.8257],[4186224.8857,2199066.5714],[4186222.0229,2199095.12],[4186223.7543,2199111.0257],[4186226.32,2199126.4971],[4186230.1629,2199140.0657],[4186233.7086,2199155.0314],[4186232.5457,2199182.5257],[4186232.1857,2199205.1771],[4186234.76,2199220.6457],[4186239.6943,2199236.12],[4186259.1629,2199272.9114],[4186269.6943,2199281.9429],[4186279.1371,2199291.38],[4186283.7914,2199302.4029],[4186282.4371,2199316.5571],[4186275.18,2199330.5771],[4186264.0029,2199340.9686],[4186250.4343,2199349.2457],[4186235.4371,2199355.0714],[4186223.1143,2199357.04],[4186209.3657,2199358.8657],[4186183.72,2199358.8971],[4186168.56,2199355.7914],[4186153.26,2199350.4629],[4186129.5457,2199339.4086],[4186102.4371,2199322.3314],[4186091.2,2199315.9486],[4186068.8686,2199305.42],[4186044.1714,2199294.88],[4186029.8457,2199291.34],[4186008.84,2199297.9857],[4185994.2743,2199304.6543],[4185987.2829,2199308.28],[4185974.02,2199325.4171],[4185968.4371,2199336.2743],[4185962.0771,2199366.6343],[4185962.8343,2199380.7486],[4185961.78,2199408.36],[4185959.0171,2199422.1743],[4185949.2486,2199435.2029],[4185935.5371,2199441.2429],[4185920.9514,2199441.2057],[4185904.9743,2199440.6514],[4185888.1629,2199445.12],[4185871.9143,2199450.3657],[4185860.1371,2199455.58],[4185848.6571,2199459.4114],[4185841.5286,2199460.8114],[4185834.5229,2199462.32],[4185820.9314,2199468.4857],[4185797.2857,2199480.9229],[4185785.1114,2199492.02],[4185774.3657,2199505.5543],[4185766.5543,2199516.3257],[4185757.6029,2199526.8057],[4185748.12,2199538.4429],[4185738.1886,2199549.4314],[4185727.0114,2199562.1343],[4185716.6657,2199574.3943],[4185650.8971,2199609.2143],[4185624.7229,2199623.1514],[4185613.8086,2199630.04],[4185603.3286,2199640.0857],[4185596.2143,2199654.0343],[4185590.7971,2199669.2286],[4185584.7229,2199695.9029],[4185584.2057,2199711.9086],[4185584.6743,2199727.4143],[4185586.4086,2199743.32],[4185587.5657,2199758.4571],[4185583.1257,2199773.1429],[4185575.4657,2199786.1457],[4185564.9829,2199796.18],[4185551.4,2199800.0486],[4185537.9371,2199798.1886],[4185524.5943,2199794.14],[4185508.4543,2199786.9371],[4185494.9714,2199778.3686],[4185486.66,2199764.8057],[4185478.9029,2199752.2114],[4185470.7657,2199749.7],[4185457.86,2199746.4971],[4185444.1114,2199746.0286],[4185429.1143,2199747.26],[4185414.8343,2199750.2486],[4185402.22,2199755.8971],[4185388.4971,2199759.8371],[4185361.4457,2199759.5371],[4185335.3743,2199761.0371],[4185329.2086,2199762.1143],[4185323.4857,2199766.1371],[4185318.9057,2199780.8971],[4185306.2143,2199805.7029],[4185299.12,2199821.7686],[4185291.46,2199837.0686],[4185282.1,2199848.82],[4185253.8829,2199878.3257],[4185241.7,2199887.12],[4185228.1171,2199890.9857],[4185213.9771,2199893.9029],[4185200.2486,2199895.5343],[4185173.1829,2199893.1314],[4185156.7743,2199894.0314],[4185140.7943,2199893.4771],[4185128.3143,2199893.4086],[4185115.4029,2199890.1943],[4185110.9114,2199885.8057],[4185106.1143,2199872.5571],[4185100.8657,2199858.6486],[4185093.8229,2199843.1971],[4185086.4857,2199829.1286],[4185065.6714,2199811.1],[4185056.1143,2199801.5514],[4185047.8229,2199792.4114],[4185026.8629,2199769.8486],[4185014.3629,2199765.3686],[4184999.7914,2199767.4371],[4184987.9057,2199772.5486],[4184976.1343,2199780.0743],[4184966.0829,2199788.6429],[4184956.2886,2199799.5629],[4184944.5629,2199811.3114],[4184934.2286,2199823.58],[4184912.5886,2199850.7229],[4184899.4657,2199872.4],[4184894.0543,2199885.2943],[4184886.96,2199903.6571],[4184887.9629,2199909.8571],[4184884.6857,2199937.3829],[4184874.1029,2199962.1657],[4184864.1029,2199989.8143],[4184856.9914,2200003.7629],[4184844.3229,2200028.3886],[4184830.7971,2200053.6314],[4184822.1514,2200064.8371],[4184806.8057,2200091.0229],[4184789.7829,2200118.08],[4184779.3,2200128.1171],[4184767.0057,2200134.4971],[4184751.5771,2200137.2],[4184736.6057,2200140.5486],[4184707.4686,2200149.2971],[4184680.3229,2200163.7486],[4184664.6286,2200169.9429],[4184647.8343,2200174.2371],[4184623.0143,2200174.0257],[4184607.9029,2200177.4486],[4184595.2943,2200185.4057],[4184588.8829,2200192.1029],[4184570.04,2200220.1057],[4184561.8029,2200230.0343],[4184553.5714,2200239.9714],[4184544.62,2200250.4543],[4184534.7114,2200261.2629],[4184521.9886,2200271.4057],[4184509.5429,2200283.7057],[4184494.8914,2200304.9257],[4184480.3857,2200326.0829],[4184473.6943,2200340.8714],[4184467.8514,2200355.2343],[4184455.4771,2200378.4657],[4184444.6057,2200402.3343],[4184436.7971,2200413.1057],[4184427.7029,2200423.6657],[4184417.78,2200430.06],[4184406.3229,2200436.0086],[4184395.3886,2200440.8029],[4184382.0914,2200443.2829],[4184367.5,2200443.2429],[4184352.3657,2200442.2543],[4184341.1343,2200438.1714],[4184328.6514,2200435.8057],[4184313.2514,2200440.6229],[4184287.9143,2200454.1229],[4184277.0057,2200461.0286],[4184264.28,2200468.8771],[4184252.1257,2200477.4857],[4184243.4571,2200488.88],[4184235.3657,2200501.0429],[4184222.7886,2200511.1143],[4184209.6514,2200520.2343],[4184198.3114,2200526.3057],[4184187.4,2200533.2029],[4184178.3114,2200541.46],[4184170.08,2200551.4],[4184156.4086,2200572.1143],[4184146.48,2200580.8086],[4184135.0229,2200589.0571],[4184121.5943,2200597.2714],[4184095.4257,2200615.8143],[4184081.4543,2200625.3686],[4184068.7286,2200633.2171],[4184056.5543,2200642.0114],[4184042.5571,2200649.4543],[4184029.8314,2200657.3029],[4184014.16,2200665.6143],[4183999.7629,2200674.3314],[4183988.2857,2200680.4657],[4183977.3714,2200687.3743],[4183961.1343,2200694.9229],[4183954.5571,2200697.2714],[4183929.3514,2200700.4571],[4183913.4943,2200700.0229],[4183900.4686,2200698.9971],[4183872.9914,2200697.8714],[4183846.36,2200696.3086],[4183820.9657,2200693.0486],[4183794.3314,2200691.4857],[4183767.2857,2200688.8943],[4183752.5571,2200688.9286],[4183737.42,2200685.6457],[4183721.0229,2200684.26],[4183709.1086,2200689.5543],[4183698.6343,2200694.9943],[4183682.8,2200698.98],[4183667.8114,2200702.5143],[4183651.86,2200706.3771],[4183636.8629,2200709.9143],[4183622.44,2200714.2257],[4183606.8971,2200716.8057],[4183600.7257,2200715.5886],[4183571.2743,2200708.7714],[4183555.2743,2200706.1086],[4183538.7314,2200704.7886],[4183516.9143,2200716.2943],[4183494.0971,2200728.5029],[4183479.6743,2200732.8029],[4183455.5486,2200729.94],[4183448.0,2200730.5057],[4183397.22,2200757.4171],[4183376.36,2200768.6],[4183359.16,2200776.4771],[4183345.1686,2200783.92],[4183319.3486,2200777.5143],[4183304.2114,2200776.5314],[4183289.5086,2200778.6771],[4183276.9029,2200784.3429],[4183252.2914,2200797.3029],[4183244.8771,2200802.3943],[4183239.6857,2200805.2657],[4183227.5343,2200813.8771],[4183217.0543,2200823.9171],[4183207.1457,2200837.0286],[4183199.2029,2200851.4314],[4183188.6429,2200876.0257],[4183181.7943,2200886.4771],[4183174.9743,2200896.7429],[4183163.2286,2200906.3857],[4183148.8086,2200912.9943],[4183134.9429,2200912.4086],[4183106.8714,2200903.8086],[4183092.4143,2200895.7486],[4183078.5057,2200886.34],[4183066.2914,2200878.1857],[4183055.8943,2200869.0743],[4183047.1743,2200859.0943],[4183039.0029,2200850.0686],[4183030.2829,2200837.7886],[4183018.4714,2200828.3429],[4183005.1514,2200826.4171],[4182991.8343,2200826.7886],[4182977.2543,2200826.7571],[4182962.9543,2200825.34],[4182948.66,2200821.6229],[4182923.2486,2200811.64],[4182895.8743,2200800.38],[4182866.8314,2200789.9857],[4182850.7171,2200787.2114],[4182844.14,2200789.56],[4182834.2114,2200798.26],[4182825.5514,2200809.6686],[4182814.1543,2200832.4029],[4182802.0429,2200860.2771],[4182788.0571,2200905.7771],[4182780.8057,2200919.8057],[4182770.7514,2200928.3857],[4182758.5571,2200932.7829],[4182751.0029,2200935.64],[4182743.8543,2200932.6343],[4182719.5429,2200916.4143],[4182704.66,2200907.5229],[4182689.4943,2200899.82],[4182675.4486,2200890.4943],[4182659.7371,2200884.1457],[4182638.44,2200881.9429],[4182623.4229,2200881.0743],[4182618.1114,2200883.8343],[4182594.4771,2200898.5886],[4182583.1629,2200906.7657],[4182573.5314,2200916.38],[4182563.7629,2200929.42],[4182555.2457,2200943.0429],[4182549.4029,2200957.4114],[4182541.1971,2200971.7514],[4182530.4286,2200983.1886],[4182517.8714,2200993.08],[4182504.2914,2201001.5543],[4182490.7257,2201007.5371],[4182482.3057,2201008.7314],[4182456.94,2201005.2771],[4182441.24,2201001.2314],[4182414.5543,2200990.8457],[4182389.0286,2200983.0629],[4182364.3343,2200972.5371],[4182334.0371,2200966.1514],[4182318.9057,2200965.1686],[4182304.32,2200965.1457],[4182279.7143,2200978.1057],[4182269.9286,2200989.0343],[4182259.4514,2200999.0771],[4182249.3829,2201005.5543],[4182237.0686,2201009.8286],[4182228.24,2201009.9943],[4182203.5286,2200997.3514],[4182188.6314,2200986.1571],[4182166.0286,2200968.8914],[4182153.3829,2200962.1914],[4182140.9,2200957.52],[4182112.26,2200948.1629],[4182098.9486,2200946.2371],[4182082.8314,2200943.4657],[4182066.8371,2200940.8086],[4182051.2743,2200938.9829],[4182018.3057,2200931.8743],[4181990.6914,2200928.5343],[4181974.7229,2200927.9857],[4181958.4571,2200928.8229],[4181942.08,2200931.8571],[4181939.8286,2200931.96],[4181926.54,2200934.4429],[4181912.3771,2200935.2571],[4181899.0657,2200935.6286],[4181883.2314,2200937.3086],[4181853.1371,2200944.2914],[4181837.3057,2200948.2743],[4181822.8743,2200952.58],[4181808.7429,2200957.8029],[4181796.86,2200962.9229],[4181785.12,2200970.2714],[4181773.7829,2200978.6371],[4181762.9,2200987.6629],[4181753.7114,2201008.3714],[4181749.9743,2201020.3914],[4181746.7943,2201033.3771],[4181745.7314,2201046.1457],[4181745.2229,2201062.1543],[4181745.12,2201076.8971],[4181745.8086,2201107.8657],[4181742.5171,2201133.2857],[4181733.9229,2201159.18],[4181724.3486,2201187.8686],[4181717.96,2201198.98],[4181707.6029,2201206.84],[4181700.9114,2201211.3857],[4181692.6286,2201214.7971],[4181665.4886,2201226.9686],[4181650.9486,2201233.4629],[4181636.9629,2201240.92],[4181624.24,2201248.7657],[4181610.2543,2201256.2229],[4181604.5143,2201255.84],[4181589.7571,2201251.4686],[4181577.5486,2201243.3171],[4181572.6257,2201238.0829],[4181564.4371,2201216.5057],[4181563.4029,2201205.8829],[4181563.24,2201201.5429],[4181571.4086,2201170.22],[4181578.5914,2201139.4057],[4181575.7514,2201132.0343],[4181566.8686,2201113.1171],[4181545.0657,2201093.2971],[4181521.76,2201080.9971],[4181490.4886,2201072.8229],[4181478.0114,2201072.7743],[4181476.7457,2201072.3657],[4181450.54,2201071.6514],[4181437.6514,2201072.8714],[4181424.36,2201075.3571],[4181417.3514,2201076.8771],[4181412.16,2201077.4514],[4181380.0771,2201076.4371],[4181366.3314,2201075.9657],[4181352.1829,2201076.7886],[4181345.5971,2201079.1429],[4181339.1686,2201083.7286],[4181334.2857,2201089.6229],[4181325.26,2201114.6714],[4181314.8829,2201145.9171],[4181303.6286,2201175.48],[4181297.38,2201191.12],[4181291.5457,2201207.7886],[4181286.14,2201222.9886],[4181282.3743,2201230.6],[4181278.6229,2201238.22],[4181273.8857,2201244.0514],[4181268.1457,2201248.2657],[4181259.0771,2201258.6486],[4181248.7486,2201268.62],[4181235.62,2201277.7571],[4181222.4657,2201284.7714],[4181210.7057,2201290.0057],[4181199.2486,2201295.9629],[4181187.4829,2201301.1886],[4181174.6171,2201304.5229],[4181159.6057,2201303.6571],[4181146.0086,2201297.2829],[4181116.3629,2201279.4171],[4181095.16,2201267.08],[4181068.1914,2201249.9486],[4181056.5343,2201242.74],[4181031.2714,2201229.16],[4181015.7,2201225.04],[4181001.12,2201227.3171],[4180987.5571,2201235.6029],[4180983.6629,2201240.9943],[4180982.1486,2201248.5057],[4180982.7914,2201272.9543],[4180987.4771,2201288.4],[4180993.6829,2201301.9886],[4181000.18,2201316.48],[4181007.1143,2201329.5143],[4181013.18,2201343.1743],[4181013.7486,2201343.9343],[4181028.1343,2201371.1514],[4181030.1143,2201379.1457],[4181026.7886,2201387.5971],[4181015.8829,2201394.5114],[4180994.5857,2201396.9143],[4180979.4743,2201398.0514],[4180969.3771,2201397.8086],[4180966.2971,2201398.3543],[4180952.8429,2201396.5057],[4180938.5229,2201390.68],[4180922.9571,2201386.56],[4180897.1629,2201384.58],[4180872.7743,2201382.9229],[4180846.5743,2201384.52],[4180828.9286,2201387.1486],[4180813.0971,2201391.1314],[4180801.3571,2201398.4829],[4180790.4486,2201405.3857],[4180776.3514,2201415.0314],[4180763.3629,2201426.3886],[4180759.3371,2201439.8029],[4180753.5,2201454.1743],[4180742.9514,2201478.7771],[4180730.7029,2201502.14],[4180722.6143,2201516.6114],[4180715.3943,2201530.46],[4180706.0371,2201544.5371],[4180696.1429,2201557.6514],[4180677.1457,2201576.7314],[4180666.2657,2201588.0571],[4180656.3657,2201601.1743],[4180639.24,2201628.1314],[4180627.64,2201640.0086],[4180618.9886,2201649.12],[4180608.08,2201656.0257],[4180596.6086,2201659.88],[4180583.7457,2201663.2057],[4180571.1429,2201668.88],[4180557.9914,2201675.8943],[4180547.0886,2201682.8114],[4180537.0429,2201691.3914],[4180530.6343,2201702.6943],[4180528.8543,2201716.0114],[4180530.0286,2201731.16],[4180531.7714,2201747.0714],[4180533.1971,2201751.8086],[4180534.7714,2201761.0829],[4180536.9229,2201775.7229],[4180533.5914,2201784.18],[4180523.0971,2201792.1143],[4180510.3571,2201793.26],[4180493.3829,2201788.8057],[4180485.6857,2201787.1571],[4180471.1029,2201784.8257],[4180455.54,2201783.0171],[4180441.3914,2201783.8286],[4180426.6857,2201785.9857],[4180398.5429,2201791.9543],[4180366.7686,2201799.8143],[4180353.0514,2201801.4686],[4180338.8971,2201802.2829],[4180311.2857,2201798.9514],[4180284.0571,2201789.9286],[4180252.9343,2201786.3],[4180224.7486,2201779.8971],[4180197.12,2201772.1514],[4180184.6629,2201771.9086],[4180157.6029,2201771.8229],[4180143.04,2201771.62],[4180116.8429,2201773.2086],[4180104.5257,2201777.4943],[4180093.6229,2201784.4114],[4180081.4743,2201793.0314],[4180071.5514,2201804.0371],[4180062.0086,2201832.5457],[4180050.3314,2201861.28],[4180040.4343,2201874.4],[4180029.5543,2201885.7286],[4180020.06,2201895.2714],[4180011.8343,2201905.22],[4180006.9714,2201919.0743],[4180003.6743,2201934.2514],[4179998.1057,2201942.8171],[4179985.0943,2201952.0629],[4179972.3743,2201959.9257],[4179947.0543,2201973.4514],[4179935.1743,2201978.5771],[4179922.4543,2201984.1314],[4179893.3114,2201988.4971],[4179878.0114,2201980.8857],[4179865.9429,2201974.9486],[4179859.6057,2201967.0971],[4179847.6657,2201953.14],[4179835.0143,2201944.1371],[4179821.1086,2201937.0429],[4179790.2514,2201927.6114],[4179773.7086,2201924.0029],[4179757.7371,2201921.1657],[4179728.2657,2201912.2543],[4179712.1257,2201905.0714],[4179696.4057,2201896.6229],[4179666.4029,2201888.8686],[4179640.18,2201883.7514],[4179614.7886,2201878.1971],[4179597.5543,2201879.5629],[4179588.6171,2201881.9143],[4179567.1943,2201890.0571],[4179554.4714,2201895.6114],[4179542.1857,2201904.3086],[4179531.8571,2201914.2943],[4179523.7743,2201928.7714],[4179518.3657,2201943.98],[4179512.9657,2201959.1829],[4179504.3971,2201989.4886],[4179496.2371,2202018.52],[4179491.6486,2202028.8771],[4179489.9714,2202032.0514],[4179480.4771,2202043.8914],[4179469.6029,2202055.2229],[4179458.8429,2202064.3657],[4179445.5486,2202069.1629],[4179434.48,2202067.1314],[4179430.0114,2202067.1571],[4179415.4286,2202067.14],[4179401.2743,2202067.96],[4179372.26,2202064.2943],[4179357.7,2202064.0943],[4179343.5514,2202064.9086],[4179328.9886,2202069.2971],[4179316.7029,2202077.9943],[4179305.5343,2202088.42],[4179296.04,2202100.2629],[4179293.5286,2202103.8686],[4179286.98,2202112.9486],[4179277.6543,2202126.8286],[4179269.86,2202139.9229],[4179263.5971,2202153.4514],[4179257.3543,2202169.0943],[4179252.3771,2202185.1371],[4179250.0571,2202199.8086],[4179247.8514,2202214.58],[4179239.6514,2202226.6429],[4179230.1571,2202236.1886],[4179202.1886,2202251.1114],[4179184.8114,2202250.24],[4179183.5429,2202249.8429],[4179177.6657,2202247.2371],[4179167.6743,2202239.1629],[4179156.8457,2202229.2114],[4179147.2857,2202219.6686],[4179135.3371,2202205.7171],[4179122.6714,2202192.3114],[4179112.2514,2202181.0914],[4179100.8714,2202170.1971],[4179079.0743,2202150.3829],[4179069.0886,2202140.0057],[4179058.5486,2202128.6743],[4179047.72,2202118.7371],[4179037.1543,2202107.5943],[4179026.76,2202098.4886],[4179016.3571,2202089.3857],[4179004.9857,2202080.7886],[4178993.7457,2202072.12],[4178980.2629,2202063.5657],[4178966.3514,2202056.4657],[4178953.7343,2202051.8829],[4178926.1029,2202044.1457],[4178911.3771,2202041.8914],[4178898.0629,2202039.9743],[4178885.18,2202041.2],[4178871.8914,2202043.6971],[4178860.1257,2202048.94],[4178836.5029,2202061.4171],[4178824.62,2202068.8343],[4178813.8629,2202077.98],[4178804.4,2202089.6457],[4178797.1486,2202101.38],[4178781.7086,2202127.4829],[4178772.7886,2202140.0971],[4178758.1371,2202159.24],[4178741.3971,2202178.2257],[4178731.3657,2202189.12],[4178723.2743,2202201.2886],[4178720.12,2202216.3971],[4178725.7857,2202231.3229],[4178739.5971,2202253.1686],[4178755.2314,2202274.0686],[4178763.1143,2202286.78],[4178770.4486,2202298.5371],[4178775.6829,2202310.3314],[4178779.9371,2202322.6371],[4178780.2457,2202336.1],[4178775.94,2202342.7686],[4178767.8371,2202350.5314],[4178757.22,2202356.06],[4178749.24,2202355.7914],[4178735.9,2202351.7629],[4178724.96,2202344.0086],[4178707.7943,2202326.2114],[4178685.16,2202309.1457],[4178668.2143,2202306.8086],[4178646.2457,2202316.3086],[4178631.8486,2202322.74],[4178580.12,2202350.2171],[4178562.2171,2202358.66],[4178552.9886,2202362.4],[4178529.2086,2202372.8457],[4178516.06,2202375.2686],[4178502.7486,2202375.6514],[4178485.94,2202377.8571],[4178469.54,2202378.7771],[4178454.0057,2202376.7857],[4178438.8714,2202375.8057],[4178426.1314,2202381.56],[4178412.58,2202387.5629],[4178399.2886,2202392.36],[4178390.5829,2202392.6429],[4178378.4,2202388.8943],[4178351.0286,2202377.6571],[4178337.1457,2202370.38],[4178325.0486,2202362.3343],[4178313.2429,2202352.9086],[4178302.7,2202341.5771],[4178292.7086,2202331.1943],[4178281.8829,2202321.2543],[4178268.6886,2202311.3086],[4178252.9343,2202300.74],[4178244.38,2202295.1143],[4178232.7114,2202287.9057],[4178221.0714,2202282.8171],[4178176.76,2202269.2514],[4178147.2857,2202258.0486],[4178132.4171,2202251.2743],[4178103.9457,2202243.9771],[4178086.4286,2202240.8829],[4178068.7571,2202239.1114],[4178056.88,2202244.2314],[4178036.7571,2202257.2],[4178028.6743,2202269.3829],[4178020.88,2202280.1686],[4178008.1857,2202298.2943],[4177989.18,2202307.1286],[4177955.9114,2202324.8229],[4177941.3286,2202324.8],[4177926.6286,2202322.3743],[4177912.0429,2202322.3543],[4177896.9143,2202321.3857],[4177868.8714,2202317.2229],[4177851.9286,2202314.8971],[4177835.9343,2202312.2543],[4177809.5714,2202307.2171],[4177795.8571,2202306.58],[4177781.2686,2202306.56],[4177774.12,2202303.56],[4177748.5686,2202291.3743],[4177725.1486,2202281.2714],[4177698.1114,2202281.0143],[4177684.9629,2202285.7371],[4177673.4886,2202289.5914],[4177660.7514,2202295.3457],[4177647.6057,2202300.0714],[4177631.26,2202307.5314],[4177616.0029,2202314.6],[4177604.1257,2202319.72],[4177591.8143,2202324.0086],[4177576.8257,2202327.5686],[4177562.2943,2202331.7829],[4177547.4486,2202337.5686],[4177533.32,2202342.8057],[4177519.3457,2202350.2743],[4177505.6429,2202356.3457],[4177498.0886,2202356.9143],[4177472.8714,2202355.72],[4177459.3,2202361.9114],[4177438.1943,2202373.0857],[4177423.3714,2202380.9829],[4177410.6571,2202386.5543],[4177408.4057,2202386.6571],[4177396.0971,2202388.6457],[4177381.38,2202388.7057],[4177366.3857,2202387.6686],[4177351.26,2202389.0],[4177335.4314,2202390.6971],[4177321.1371,2202389.2943],[4177306.4143,2202384.7457],[4177295.4657,2202376.9857],[4177287.7257,2202366.5114],[4177280.8143,2202355.5886],[4177274.74,2202344.2314],[4177269.6486,2202332.3629],[4177265.6571,2202316.5657],[4177263.9114,2202300.6514],[4177264.3171,2202299.3714],[4177265.3914,2202286.4143],[4177266.3171,2202271.2343],[4177266.3943,2202256.6743],[4177263.8057,2202241.2],[4177253.0971,2202223.2286],[4177244.0829,2202212.3486],[4177233.5486,2202203.3171],[4177222.3086,2202196.9514],[4177196.9229,2202189.1086],[4177166.4943,2202182.8343],[4177150.5,2202180.1943],[4177134.1029,2202176.5286],[4177109.5829,2202174.9629],[4177095.0171,2202177.0571],[4177081.7314,2202179.5571],[4177067.2914,2202181.7743],[4177053.0229,2202184.7857],[4177039.04,2202189.9457],[4177026.3257,2202197.8171],[4176995.7057,2202214.1257],[4176982.9943,2202221.9971],[4176969.9829,2202228.9514],[4176956.8629,2202238.0914],[4176942.7371,2202243.3286],[4176927.6086,2202242.3629],[4176913.8657,2202241.9171],[4176897.4686,2202240.5429],[4176880.1171,2202239.5029],[4176874.0886,2202242.82],[4176848.6543,2202256.2514],[4176835.92,2202262.0086],[4176822.7714,2202266.7371],[4176810.7486,2202269.6343],[4176798.0057,2202270.7943],[4176784.2657,2202270.3343],[4176768.9914,2202267.1429],[4176755.1086,2202262.1714],[4176730.82,2202248.0857],[4176708.3486,2202235.3657],[4176681.1171,2202224.0629],[4176667.6314,2202217.8],[4176654.1486,2202209.2486],[4176642.3429,2202199.8229],[4176632.6371,2202185.7571],[4176621.66,2202173.5886],[4176595.6714,2202158.2743],[4176582.1914,2202152.0229],[4176552.1914,2202144.2857],[4176537.2057,2202145.5486],[4176530.2057,2202149.3714],[4176519.3286,2202158.4114],[4176510.82,2202169.7486],[4176502.0971,2202195.7229],[4176491.56,2202220.34],[4176476.6743,2202242.8143],[4176468.0286,2202254.2229],[4176463.0286,2202265.8571],[4176466.2143,2202288.8171],[4176467.5343,2202303.8971],[4176463.2057,2202308.4543],[4176449.5171,2202314.5229],[4176436.34,2202314.84],[4176423.3171,2202311.5457],[4176408.8514,2202303.4943],[4176395.3686,2202294.9429],[4176382.7257,2202285.9543],[4176370.6257,2202277.9143],[4176358.0057,2202273.34],[4176328.7171,2202268.5914],[4176313.5657,2202267.8143],[4176299.6829,2202262.8429],[4176288.0343,2202255.4486],[4176275.3914,2202248.76],[4176269.32,2202237.4],[4176271.6086,2202216.0257],[4176276.12,2202186.5771],[4176280.5429,2202171.8743],[4176287.92,2202162.3571],[4176290.1457,2202160.1371],[4176299.08,2202149.6343],[4176309.1171,2202138.7314],[4176317.7457,2202127.5029],[4176321.3514,2202115.3514],[4176319.7714,2202108.38],[4176309.18,2202090.5229],[4176301.4314,2202080.04],[4176291.8629,2202068.2057],[4176280.8914,2202058.3429],[4176270.0629,2202048.4086],[4176258.2514,2202038.9743],[4176246.0371,2202030.82],[4176232.9829,2202023.1143],[4176223.7257,2202022.4457],[4176204.7029,2202026.88],[4176200.0857,2202032.82],[4176183.2429,2202056.3],[4176175.1686,2202068.4829],[4176165.7086,2202080.1543],[4176158.0371,2202091.0571],[4176157.4886,2202092.4],[4176148.5714,2202105.02],[4176140.4971,2202117.2029],[4176106.0914,2202162.4286],[4176097.0343,2202175.1086],[4176086.3029,2202186.3771],[4176076.8143,2202195.9257],[4176067.6171,2202204.0914],[4176056.0229,2202215.9829],[4176047.6657,2202223.7114],[4176043.0486,2202229.6514],[4176026.5857,2202245.1514],[4176021.3057,2202250.0314],[4176010.5486,2202261.4857],[4175997.6886,2202264.8229],[4175983.8057,2202259.8514],[4175971.7029,2202251.8114],[4175959.4886,2202241.3571],[4175947.6829,2202231.9314],[4175935.1743,2202225.1629],[4175922.9629,2202217.02],[4175919.7057,2202210.92],[4175918.7029,2202204.7143],[4175926.8457,2202177.9743],[4175933.5114,2202163.1657],[4175936.2486,2202147.0286],[4175935.8886,2202131.6343],[4175932.04,2202115.76],[4175923.1714,2202103.56],[4175906.1857,2202094.52],[4175893.14,2202091.4143],[4175876.74,2202090.0429],[4175863.1657,2202093.94],[4175835.0829,2202108.76],[4175787.0,2202134.3714],[4175773.7114,2202139.1771],[4175759.1486,2202138.9771],[4175754.0829,2202133.82],[4175744.4971,2202122.18],[4175738.42,2202108.5229],[4175737.8171,2202101.04],[4175738.9114,2202092.5],[4175750.5743,2202066.0457],[4175751.5257,2202063.4229],[4175758.4314,2202040.6943],[4175759.4971,2202027.74],[4175762.3314,2201999.1657],[4175764.6486,2201984.5],[4175770.9743,2201956.4029],[4175771.6171,2201949.9914],[4175772.0457,2201945.7486],[4175772.0057,2201945.3314],[4175770.2686,2201925.42],[4175765.4657,2201914.4714],[4175757.1114,2201896.5057],[4175748.3829,2201884.2314],[4175737.98,2201875.1314],[4175724.0686,2201868.0486],[4175710.18,2201863.0686],[4175683.8057,2201853.4429],[4175669.66,2201854.2686],[4175655.9429,2201858.24],[4175643.22,2201863.8057],[4175616.96,2201877.6886],[4175607.0429,2201888.7057],[4175596.58,2201898.7657],[4175586.1114,2201906.5257],[4175575.2171,2201913.4514],[4175563.0714,2201922.0857],[4175551.6286,2201930.3571],[4175550.9057,2201930.9057],[4175512.3371,2201951.3857],[4175499.6171,2201959.2514],[4175484.5143,2201960.4],[4175454.5371,2201962.9286],[4175445.5743,2201960.8771],[4175421.4343,2201953.6343],[4175397.1371,2201939.5571],[4175383.2486,2201932.2886],[4175369.7629,2201923.7286],[4175361.5829,2201914.7143],[4175354.9629,2201902.4086],[4175344.5571,2201893.3114],[4175334.9943,2201883.7743],[4175325.2286,2201865.4886],[4175321.4286,2201858.44],[4175312.4114,2201847.5486],[4175301.0114,2201836.8571],[4175289.7686,2201828.1943],[4175275.7343,2201820.9914],[4175262.3943,2201816.9686],[4175240.6857,2201816.0657],[4175218.5743,2201821.0486],[4175204.0229,2201825.4543],[4175192.6914,2201829.24],[4175180.8114,2201834.3686],[4175167.5086,2201837.0657],[4175154.7886,2201840.3314],[4175130.1657,2201848.9229],[4175104.5457,2201855.9114],[4175097.9743,2201855.98],[4175083.4229,2201860.3886],[4175069.72,2201864.1657],[4175056.4086,2201864.5571],[4175042.26,2201865.3857],[4175023.64,2201863.9429],[4175015.08,2201862.9114],[4175009.72,2201859.1543],[4174998.3371,2201845.9657],[4174994.4857,2201832.3914],[4174995.1514,2201823.0143],[4174995.4114,2201817.2057],[4174999.7114,2201810.5371],[4175009.6029,2201799.7057],[4175020.9,2201789.2086],[4175030.3829,2201779.6486],[4175040.3086,2201770.9371],[4175059.42,2201751.7514],[4175066.2286,2201741.4714],[4175069.52,2201728.5971],[4175068.6314,2201714.3486],[4175063.9371,2201701.2143],[4175057.4571,2201688.8371],[4175048.7229,2201678.8686],[4175041.5571,2201676.0514],[4175020.68,2201672.4171],[4175008.3457,2201674.5971],[4174989.0857,2201686.9486],[4174976.5171,2201697.0486],[4174968.2971,2201707.0086],[4174958.8143,2201718.86],[4174948.9229,2201729.6914],[4174932.4914,2201749.6057],[4174917.5829,2201769.9571],[4174907.5457,2201780.8543],[4174896.7886,2201790.0114],[4174884.1057,2201799.9971],[4174871.1057,2201809.2571],[4174822.9057,2201834.7657],[4174807.7743,2201836.1057],[4174806.5057,2201835.7],[4174793.0457,2201831.5657],[4174766.6514,2201819.8286],[4174737.0543,2201808.5314],[4174727.4857,2201799.0],[4174722.7943,2201785.8629],[4174723.2886,2201772.1343],[4174734.1057,2201746.1171],[4174746.0429,2201721.8314],[4174746.9743,2201708.9457],[4174748.42,2201692.5943],[4174744.82,2201670.9171],[4174740.1571,2201662.1914],[4174726.3543,2201644.7686],[4174716.9343,2201637.4714],[4174704.3086,2201632.8886],[4174677.5114,2201622.4314],[4174656.4714,2201614.4571],[4174629.0971,2201605.5314],[4174604.5371,2201594.9657],[4174579.8457,2201586.78],[4174550.9629,2201583.0714],[4174525.3371,2201585.46],[4174500.9829,2201588.2429],[4174476.1914,2201590.1971],[4174447.0771,2201594.4086],[4174434.6229,2201596.4771],[4174421.8886,2201599.94],[4174418.8,2201600.4829],[4174409.58,2201604.2371],[4174396.8429,2201607.7],[4174370.9257,2201605.6286],[4174342.0514,2201601.9286],[4174329.5429,2201595.16],[4174318.9971,2201583.8457],[4174310.8114,2201572.5229],[4174304.7286,2201561.1686],[4174299.4886,2201547.0743],[4174297.3314,2201532.44],[4174297.3971,2201517.88],[4174303.8543,2201489.7086],[4174309.68,2201475.3371],[4174322.8571,2201449.32],[4174330.9086,2201435.0314],[4174347.8886,2201407.9229],[4174356.0743,2201393.5514],[4174361.4943,2201382.7514],[4174364.7914,2201369.8743],[4174361.7943,2201357.9686],[4174354.8743,2201344.7514],[4174344.3286,2201333.4257],[4174338.4229,2201331.0229],[4174331.8229,2201328.9686],[4174323.8371,2201328.7086],[4174309.7143,2201333.9514],[4174297.14,2201341.7571],[4174285.7029,2201350.0257],[4174275.2343,2201357.7914],[4174261.2543,2201365.2714],[4174248.54,2201373.1371],[4174194.3171,2201401.9714],[4174181.6086,2201409.8457],[4174167.6257,2201417.3171],[4174153.9286,2201421.0971],[4174138.9429,2201422.3629],[4174124.3886,2201424.4714],[4174110.2314,2201425.3057],[4174095.5343,2201427.48],[4174080.9571,2201427.4743],[4174052.9086,2201421.0314],[4174050.6629,2201418.8429],[4174046.4514,2201415.3714],[4174029.3,2201401.9971],[4174018.44,2201389.9514],[4174009.7343,2201382.0943],[4174000.5771,2201371.2886],[4173991.98,2201361.2486],[4173982.8229,2201350.4429],[4173974.0886,2201338.1714],[4173964.9257,2201327.3571],[4173957.5743,2201315.6086],[4173949.8229,2201305.1257],[4173942.3629,2201293.26],[4173931.9343,2201284.3486],[4173918.04,2201279.3743],[4173900.8257,2201280.5714],[4173889.0971,2201290.2371],[4173881.74,2201301.8657],[4173866.5771,2201328.0257],[4173858.3886,2201340.1],[4173847.4914,2201347.0314],[4173833.3457,2201350.16],[4173831.5286,2201351.1086],[4173821.06,2201356.5743],[4173809.1829,2201364.0057],[4173805.8429,2201368.0629],[4173790.6286,2201381.8486],[4173780.5857,2201390.4486],[4173768.8543,2201397.8171],[4173756.1143,2201401.2714],[4173741.1314,2201402.5486],[4173712.5371,2201399.7486],[4173683.6571,2201393.7543],[4173669.3343,2201387.9343],[4173657.1143,2201379.7857],[4173647.1114,2201369.42],[4173631.32,2201344.0029],[4173622.2971,2201333.1286],[4173610.0743,2201324.98],[4173601.66,2201323.8857],[4173587.3657,2201322.48],[4173572.6429,2201320.2514],[4173557.6486,2201319.2229],[4173541.54,2201318.7771],[4173528.6314,2201315.5886],[4173516.5457,2201309.6686],[4173504.3257,2201299.22],[4173497.6714,2201284.8057],[4173495.6286,2201270.2857],[4173495.7143,2201255.54],[4173498.5143,2201227.1457],[4173503.1314,2201197.8057],[4173506.0429,2201190.6143],[4173515.5229,2201181.0629],[4173541.9571,2201171.5171],[4173556.3686,2201164.8771],[4173569.6314,2201157.9543],[4173579.4029,2201147.0086],[4173592.7171,2201123.2286],[4173609.8429,2201100.6429],[4173617.9114,2201088.4571],[4173626.5371,2201074.9257],[4173633.7686,2201063.1771],[4173645.5629,2201038.96],[4173646.0543,2201025.2314],[4173642.22,2201011.4743],[4173635.8486,2201001.5029],[4173627.5229,2200987.96],[4173617.5229,2200977.5943],[4173605.3057,2200971.7457],[4173592.0114,2200971.9543],[4173573.7086,2200983.9829],[4173561.8571,2200993.54],[4173551.9429,2201002.2629],[4173542.46,2201011.8143],[4173525.0457,2201029.9343],[4173515.5629,2201039.5],[4173505.6457,2201048.2086],[4173493.3657,2201056.92],[4173480.6514,2201062.5],[4173475.3229,2201063.1543],[4173467.8857,2201061.5514],[4173447.2429,2201052.3],[4173434.1857,2201044.5886],[4173408.9143,2201031.0371],[4173388.42,2201024.0229],[4173381.1257,2201021.0886],[4173368.6143,2201014.3343],[4173356.8,2201004.9143],[4173345.4171,2200994.0286],[4173341.8714,2200989.3229],[4173324.4543,2201005.1457],[4173316.2143,2201010.6914],[4173304.0514,2201019.5171],[4173296.9286,2201023.2343],[4173291.7657,2201025.9314],[4173282.1086,2201028.8429],[4173270.6371,2201032.7057],[4173258.3371,2201037.0143],[4173251.7571,2201039.3771],[4173238.0429,2201043.3543],[4173224.8971,2201048.0914],[4173219.16,2201050.0143],[4173213.4286,2201051.9514],[4173198.9029,2201058.4771],[4173193.3029,2201062.6314],[4173180.5943,2201070.5114],[4173169.2943,2201078.7114],[4173147.5371,2201096.9886],[4173147.4686,2201097.0686],[4173113.08,2201116.36],[4172330.28,2201555.5029],[4171515.7657,2202050.7743],[4171072.4829,2202320.3171],[4169364.7286,2203358.7286],[4169202.7314,2203457.2314],[4168640.4829,2203799.1114],[4168401.78,2203934.4829],[4167972.9657,2204170.8486],[4166932.0829,2202189.5257],[4165466.7743,2199338.4114],[4165450.8714,2199307.4714],[4165437.52,2199309.12],[4165425.9429,2199318.7343],[4165416.36,2199330.4914],[4165408.3057,2199342.6886],[4165400.5371,2199353.4971],[4165391.4943,2199363.9086],[4165381.8771,2199371.2514],[4165369.72,2199377.7943],[4165355.5943,2199380.7629],[4165336.3571,2199374.1686],[4165325.7943,2199365.16],[4165325.0114,2199364.2771],[4165314.9429,2199352.9429],[4165306.78,2199348.3543],[4165289.3886,2199345.2257],[4165260.0886,2199340.5429],[4165244.5514,2199340.8771],[4165230.0029,2199345.3114],[4165207.2457,2199357.4086],[4165194.1371,2199366.58],[4165181.6086,2199378.8229],[4165174.3914,2199390.5829],[4165163.3286,2199414.4714],[4165157.2886,2199429.2257],[4165152.1514,2199441.78],[4165142.7086,2199455.7657],[4165136.5771,2199461.2829],[4165130.5886,2199466.7371],[4165119.1857,2199477.1429],[4165106.62,2199484.96],[4165092.9143,2199488.9543],[4165080.0543,2199492.3171],[4165065.6543,2199498.98],[4165052.1086,2199505.0171],[4165038.2457,2199504.4743],[4165025.3171,2199499.0086],[4165001.0029,2199484.98],[4164975.6657,2199467.0429],[4164963.9829,2199457.5629],[4164952.5743,2199446.6943],[4164931.74,2199430.8314],[4164919.5086,2199422.6971],[4164905.7514,2199417.68],[4164896.7829,2199417.9457],[4164865.7943,2199414.3229],[4164837.6143,2199407.8],[4164822.4886,2199409.1771],[4164793.4143,2199417.8514],[4164779.0,2199424.5086],[4164768.0,2199431.3429],[4164758.0943,2199440.0829],[4164747.7886,2199450.0914],[4164736.3857,2199460.4971],[4164726.9171,2199472.3714],[4164718.86,2199484.5743],[4164706.16,2199511.4514],[4164694.3886,2199533.3971],[4164686.6314,2199546.5143],[4164676.7629,2199559.6686],[4164668.56,2199569.6314],[4164650.88,2199586.88],[4164640.4257,2199594.6743],[4164628.16,2199603.4057],[4164615.1743,2199612.6914],[4164603.3343,2199619.9657],[4164592.02,2199628.3743],[4164568.42,2199640.9171],[4164555.1714,2199647.86],[4164541.1943,2199653.0571],[4164526.2057,2199654.3514],[4164510.0971,2199653.9286],[4164483.9143,2199653.1086],[4164469.1857,2199650.9057],[4164440.7229,2199645.7771],[4164417.5743,2199642.48],[4164385.4486,2199632.5486],[4164357.2771,2199628.34],[4164341.0171,2199629.2286],[4164328.9714,2199630.0514],[4164318.0829,2199634.7],[4164299.9229,2199640.8457],[4164288.6086,2199646.9514],[4164275.9029,2199652.5543],[4164252.1686,2199665.1686],[4164238.6314,2199673.5114],[4164226.5057,2199682.1714],[4164212.9771,2199692.8114],[4164200.3057,2199702.8171],[4164188.9829,2199708.9257],[4164177.1114,2199714.0914],[4164162.1629,2199719.7971],[4164145.3886,2199724.16],[4164129.9714,2199724.62],[4164114.4,2199720.5429],[4164099.08,2199712.9714],[4164086.84,2199702.54],[4164076.42,2199693.4571],[4164066.8371,2199683.9371],[4164059.4686,2199672.1971],[4164054.6371,2199658.9429],[4164050.9743,2199635.1486],[4164044.8686,2199621.5],[4164038.7657,2199607.8514],[4164031.7971,2199594.8314],[4164023.48,2199583.4143],[4164010.8114,2199574.44],[4163996.9171,2199569.4971],[4163982.3229,2199567.2114],[4163953.8686,2199564.3971],[4163938.3314,2199567.0371],[4163923.3743,2199570.4457],[4163894.2657,2199574.7114],[4163876.8857,2199573.9],[4163860.7714,2199571.18],[4163853.2086,2199569.4657],[4163813.0571,2199557.1686],[4163797.0629,2199554.56],[4163769.4714,2199553.4229],[4163752.9543,2199554.2743],[4163737.5629,2199556.8514],[4163724.4257,2199561.6086],[4163712.1286,2199568.2314],[4163660.4829,2199595.6743],[4163646.8,2199601.7771],[4163633.2629,2199610.12],[4163595.5829,2199630.0543],[4163593.8886,2199631.1143],[4163581.1886,2199636.7171],[4163568.3286,2199640.0857],[4163541.0314,2199643.4029],[4163526.3343,2199643.3143],[4163483.72,2199639.0486],[4163455.5229,2199632.74],[4163429.5371,2199621.8857],[4163407.0257,2199606.9143],[4163395.2143,2199597.3171],[4163376.6257,2199581.3486],[4163346.9371,2199563.5686],[4163328.6343,2199546.2171],[4163317.78,2199536.2943],[4163306.52,2199527.6543],[4163284.2086,2199523.9257],[4163269.6571,2199526.0629],[4163256.3743,2199528.5971],[4163244.0686,2199532.92],[4163230.0971,2199538.12],[4163215.5743,2199544.6629],[4163201.46,2199549.9486],[4163186.6514,2199555.5857],[4163171.9829,2199559.9029],[4163156.9943,2199561.2029],[4163141.4543,2199561.5429],[4163126.7286,2199559.3429],[4163102.18,2199553.2371],[4163071.8743,2199544.66],[4163045.0771,2199538.6657],[4163015.7971,2199538.5914],[4162989.6171,2199537.78],[4162975.4629,2199538.64],[4162960.7714,2199540.8543],[4162930.8514,2199547.68],[4162914.8886,2199549.4886],[4162898.5143,2199550.2686],[4162883.9286,2199550.2971],[4162870.0543,2199547.4629],[4162847.1514,2199536.0629],[4162834.4857,2199527.1029],[4162821.4114,2199519.4143],[4162809.7314,2199512.24],[4162797.9229,2199504.9457],[4162784.8514,2199497.2571],[4162771.0629,2199490.1286],[4162756.3229,2199485.6171],[4162741.6114,2199483.2229],[4162725.4943,2199480.5057],[4162709.0971,2199479.1829],[4162682.4571,2199477.7257],[4162666.9171,2199478.0686],[4162651.8114,2199479.2543],[4162637.2571,2199481.3857],[4162623.5429,2199483.0886],[4162606.74,2199485.34],[4162590.3629,2199486.1229],[4162562.7457,2199482.8743],[4162535.1171,2199477.3171],[4162522.0486,2199469.64],[4162510.2143,2199460.2286],[4162499.3514,2199448.0171],[4162488.9029,2199436.8229],[4162481.7457,2199433.84],[4162466.1771,2199432.0686],[4162451.0371,2199431.1429],[4162436.4886,2199433.2857],[4162423.2029,2199435.82],[4162408.28,2199443.6514],[4162392.9029,2199450.82],[4162386.7571,2199451.74],[4162372.4629,2199450.3743],[4162362.2257,2199447.9486],[4162354.24,2199447.7029],[4162328.24,2199434.5543],[4162321.5229,2199434.7029],[4162302.2629,2199444.9971],[4162295.4714,2199455.2971],[4162292.7257,2199467.0257],[4162292.5429,2199479.3657],[4162290.66,2199492.7571],[4162288.7857,2199506.16],[4162289.4029,2199513.6429],[4162287.38,2199524.82],[4162282.8114,2199535.2],[4162275.0371,2199543.7114],[4162260.5171,2199550.26],[4162253.1143,2199553.0857],[4162240.64,2199553.0686],[4162230.3971,2199550.6314],[4162221.8229,2199545.0171],[4162205.88,2199527.6629],[4162194.8771,2199515.5257],[4162178.6886,2199503.98],[4162159.4514,2199497.3971],[4162150.0457,2199494.5229],[4162111.8257,2199475.5543],[4162075.4143,2199455.64],[4162050.2771,2199444.1686],[4162035.5457,2199441.96],[4162020.9857,2199441.8029],[4162008.5371,2199443.9],[4161987.6,2199455.0629],[4161974.4971,2199464.2429],[4161966.2686,2199472.1114],[4161940.6857,2199497.9543],[4161919.7543,2199511.4171],[4161896.9943,2199521.2314],[4161874.7486,2199524.04],[4161840.9571,2199519.6],[4161824.7943,2199510.1714],[4161796.5886,2199482.5743],[4161779.4086,2199469.2343],[4161773.4971,2199464.54],[4161771.6714,2199463.18],[4161725.64,2199448.3143],[4161701.28,2199448.8686],[4161686.14,2199447.9314],[4161673.2629,2199449.2],[4161662.7743,2199452.5743],[4161631.6429,2199468.0286],[4161619.7657,2199470.8857],[4161609.5371,2199470.7629],[4161566.3686,2199465.5686],[4161539.9771,2199456.0029],[4161501.94,2199445.9857],[4161480.0429,2199438.4971],[4161463.0229,2199429.6943],[4161454.8886,2199427.2114],[4161436.8143,2199426.7714],[4161419.0657,2199431.6514],[4161389.34,2199447.4286],[4161374.1714,2199461.0714],[4161357.4086,2199467.74],[4161336.1086,2199465.62],[4161315.2371,2199466.6343],[4161294.5486,2199472.0],[4161278.3571,2199479.4314],[4161261.3829,2199496.3257],[4161253.1514,2199501.8914],[4161244.7686,2199505.2229],[4161224.3314,2199504.7771],[4161214.6371,2199503.3],[4161186.3714,2199507.14],[4161172.1371,2199512.3086],[4161158.6057,2199520.6571],[4161147.4771,2199533.4143],[4161140.7,2199546.0286],[4161129.0057,2199555.5314],[4161116.9914,2199558.4743],[4161099.7571,2199559.8857],[4161092.1657,2199556.0629],[4161040.66,2199539.64],[4161007.2514,2199529.3286],[4160987.2314,2199529.9114],[4160949.1457,2199532.1571],[4160938.9514,2199534.1457],[4160906.5486,2199549.2029],[4160885.3057,2199553.6171],[4160851.3029,2199559.4],[4160842.0886,2199563.18],[4160833.8571,2199568.7457],[4160812.9829,2199586.4457],[4160798.4771,2199595.3086],[4160763.0543,2199598.46],[4160753.8029,2199597.8257],[4160736.5971,2199601.3543],[4160726.7943,2199599.7629],[4160714.5171,2199587.2257],[4160711.2514,2199581.14],[4160702.68,2199575.5257],[4160681.8029,2199574.2457],[4160662.2086,2199575.6629],[4160626.5714,2199586.7543],[4160591.34,2199596.56],[4160564.0429,2199599.8943],[4160546.6571,2199596.7771],[4160527.8514,2199591.0457],[4160521.9371,2199586.34],[4160512.5943,2199571.0286],[4160507.8657,2199555.5857],[4160508.7143,2199535.98],[4160510.7543,2199529.4029],[4160518.8314,2199500.3314],[4160516.4057,2199472.3314],[4160512.2686,2199464.56],[4160495.1543,2199438.78],[4160480.8143,2199432.9943],[4160474.2457,2199433.08],[4160451.7514,2199441.7029],[4160426.1571,2199446.2629],[4160408.7686,2199443.16],[4160404.2686,2199441.0886],[4160390.9743,2199441.3171],[4160377.66,2199441.7457],[4160345.9114,2199447.4314],[4160330.2257,2199445.5543],[4160323.04,2199440.4571],[4160298.3029,2199427.7114],[4160273.5057,2199408.4429],[4160245.32,2199382.9714],[4160230.4457,2199357.0714],[4160230.4543,2199318.92],[4160237.0571,2199301.9714],[4160251.38,2199286.4657],[4160256.3543,2199277.1114],[4160265.5514,2199252.0514],[4160263.9571,2199242.7857],[4160256.0143,2199227.7829],[4160249.2343,2199221.4143],[4160234.06,2199213.7743],[4160194.4486,2199215.5914],[4160158.3686,2199223.54],[4160126.8086,2199238.16],[4160112.7057,2199262.4229],[4160100.9943,2199272.1257],[4160078.4857,2199278.44],[4160056.3743,2199278.88],[4160043.6514,2199284.6771],[4160028.5486,2199285.8714],[4159998.6714,2199280.4457],[4159982.2686,2199279.12],[4159937.8314,2199273.5457],[4159907.6571,2199261.3629],[4159888.3714,2199248.0714],[4159848.4686,2199232.2914],[4159820.4686,2199213.4743],[4159791.8229,2199204.0286],[4159762.5629,2199203.7857],[4159736.5514,2199209.8257],[4159711.1457,2199221.0429],[4159673.5114,2199228.74],[4159638.08,2199227.3057],[4159621.92,2199220.1857],[4159612.9486,2199218.1457],[4159598.5714,2199207.9571],[4159575.3229,2199185.3971],[4159555.6743,2199161.1229],[4159540.1571,2199146.9086],[4159531.5486,2199136.88],[4159509.12,2199111.5857],[4159502.1457,2199098.5657],[4159501.9829,2199094.0286],[4159496.8314,2199080.0686],[4159485.8229,2199067.9229],[4159476.3829,2199060.6457],[4159456.1571,2199052.2857],[4159452.92,2199048.3057],[4159437.9514,2199032.7457],[4159431.9829,2199021.3286],[4159417.5514,2198998.5714],[4159408.3571,2198987.78],[4159400.7657,2198981.6629],[4159377.8514,2198970.2771],[4159369.4286,2198969.1971],[4159359.2314,2198971.1886],[4159353.9314,2198973.9743],[4159350.0114,2198974.9629],[4159340.4,2198982.3171],[4159313.38,2199003.44],[4159293.7114,2199015.0057],[4159280.98,2199018.5057],[4159247.2543,2199020.6143],[4159235.2029,2199019.1343],[4159197.0886,2199016.9829],[4159168.0371,2199008.8229],[4159157.6114,2198999.7486],[4159141.2686,2198985.9829],[4159135.3114,2198976.8657],[4159120.8257,2198947.3857],[4159119.3371,2198938.2371],[4159120.4829,2198919.5314],[4159128.2029,2198904.3],[4159133.9914,2198889.8943],[4159134.8657,2198855.7229],[4159134.2886,2198814.5086],[4159128.5286,2198792.8657],[4159119.5857,2198776.2714],[4159098.1057,2198750.64],[4159076.8143,2198731.6629],[4159064.9343,2198715.5514],[4159058.8171,2198701.9086],[4159060.72,2198673.9343],[4159064.4371,2198663.9943],[4159071.2257,2198653.6886],[4159090.9057,2198625.2457],[4159108.5029,2198579.98],[4159109.5457,2198569.3143],[4159104.2543,2198536.2486],[4159096.7229,2198519.9829],[4159085.8543,2198507.7657],[4159055.1629,2198485.9257],[4159013.8257,2198465.2314],[4158980.2771,2198455.0],[4158969.6,2198451.7371],[4158941.1914,2198436.4857],[4158915.2543,2198413.2114],[4158906.8771,2198395.0714],[4158897.3114,2198371.0057],[4158892.5371,2198351.1486],[4158889.3514,2198334.7171],[4158888.1457,2198324.1771],[4158887.3314,2198307.7457],[4158888.3314,2198292.6686],[4158891.4486,2198277.5486],[4158903.32,2198253.2086],[4158911.5086,2198243.2229],[4158922.3714,2198236.4571],[4158934.2286,2198228.9829],[4158944.5257,2198218.9629],[4158954.3829,2198205.7971],[4158961.2771,2198193.3029],[4158963.9829,2198179.46],[4158964.5886,2198165.6629],[4158961.5543,2198151.4571],[4158958.0914,2198138.7257],[4158957.1257,2198135.5686],[4158956.6457,2198133.9886],[4158954.2029,2198125.1543],[4158939.72,2198097.9886],[4158932.9171,2198087.0114],[4158920.0857,2198073.52],[4158910.06,2198063.1743],[4158900.8657,2198052.38],[4158894.3486,2198040.0171],[4158888.78,2198027.3314],[4158882.6657,2198013.6857],[4158877.7829,2197998.3229],[4158874.4657,2197985.5114],[4158872.6771,2197971.9],[4158873.3371,2197945.6514],[4158875.1743,2197930.1314],[4158876.6029,2197913.5943],[4158877.06,2197899.8629],[4158875.4171,2197886.1714],[4158870.6886,2197873.0457],[4158862.0686,2197863.02],[4158852.4743,2197853.5086],[4158842.4771,2197845.28],[4158832.4514,2197834.9343],[4158822.8457,2197823.1229],[4158814.6343,2197811.8257],[4158808.5571,2197802.2857],[4158807.6914,2197800.92],[4158801.1343,2197786.4371],[4158795.8543,2197772.3514],[4158791.5457,2197757.7571],[4158787.94,2197742.7943],[4158785.8629,2197728.2743],[4158785.9086,2197713.5229],[4158791.0371,2197687.2314],[4158802.2914,2197657.7057],[4158815.0086,2197632.9343],[4158828.7143,2197612.2429],[4158848.4257,2197585.9143],[4158857.8543,2197574.22],[4158866.8886,2197563.8057],[4158883.92,2197536.7543],[4158895.3314,2197509.4686],[4158897.6314,2197496.8971],[4158897.8114,2197484.5686],[4158895.2114,2197471.2086],[4158891.3143,2197457.6314],[4158889.1171,2197443.0],[4158889.2286,2197440.8086],[4158886.6314,2197429.7514],[4158883.7143,2197415.6629],[4158879.7,2197401.9829],[4158875.4086,2197389.6857],[4158871.5429,2197378.2343],[4158865.4229,2197364.5914],[4158859.8571,2197351.8914],[4158856.5857,2197345.8114],[4158846.3571,2197326.5143],[4158840.2429,2197312.8714],[4158834.9571,2197298.7886],[4158832.0429,2197284.7086],[4158829.4171,2197271.5343],[4158826.0971,2197258.7257],[4158824.68,2197256.1057],[4158821.2486,2197245.4886],[4158815.6771,2197232.7886],[4158773.2086,2197153.0686],[4158770.1457,2197136.76],[4158771.5657,2197120.2171],[4158773.8086,2197103.4286],[4158776.08,2197088.74],[4158776.9629,2197073.5486],[4158780.6429,2197059.1971],[4158785.1286,2197042.2857],[4158787.4143,2197029.9114],[4158794.5943,2196996.86],[4158801.3571,2196981.9571],[4158810.7971,2196970.26],[4158823.08,2196963.62],[4158836.7829,2196962.1057],[4158862.1543,2196963.1571],[4158870.1457,2196963.3943],[4158885.6857,2196963.0314],[4158900.6857,2196964.0257],[4158928.7514,2196968.0971],[4158943.0229,2196967.3429],[4158952.6743,2196964.4029],[4158955.76,2196963.8543],[4158968.8657,2196956.9714],[4158978.3,2196945.2771],[4158982.82,2196930.48],[4158981.1886,2196916.5971],[4158975.0829,2196905.2657],[4158965.0171,2196892.7971],[4158955.4143,2196880.9857],[4158949.2943,2196867.3429],[4158945.82,2196852.3086],[4158947.4457,2196844.7171],[4158955.6657,2196820.1771],[4158958.7971,2196807.1629],[4158992.8743,2196741.0],[4158998.0029,2196691.9971],[4158984.3486,2196665.6286],[4158981.5057,2196662.6343],[4158917.4629,2196595.18],[4158890.3286,2196534.9143],[4158903.1829,2196490.8971],[4158941.1229,2196431.1771],[4158968.4857,2196388.1057],[4158968.9857,2196351.2914],[4158951.7086,2196326.8371],[4158908.1971,2196289.8829],[4158886.9914,2196248.4914],[4158888.1686,2196213.3686],[4158892.8514,2196073.3114],[4158871.4457,2196027.7629],[4158798.8457,2195987.6343],[4158736.0457,2195927.8171],[4158735.0486,2195927.9571],[4158610.7086,2195945.5457],[4158555.2314,2195917.0057],[4158532.4543,2195890.0571],[4158508.5514,2195795.3114],[4158522.52,2195749.4657],[4158541.8686,2195719.26],[4158593.2257,2195683.5914],[4158640.7571,2195704.2314],[4158675.38,2195692.98],[4158705.16,2195664.7457],[4158748.4657,2195600.52],[4158772.0286,2195565.5714],[4158839.16,2195514.3657],[4158840.5371,2195494.6543],[4158810.4771,2195429.6943],[4158811.0629,2195410.0514],[4158823.1743,2195394.2857],[4158889.9514,2195360.6486],[4158901.5971,2195320.4714],[4158896.1029,2195298.6886],[4158864.4886,2195249.1057],[4158862.76,2195239.8629],[4158861.0114,2195230.5257],[4158857.7343,2195205.2743],[4158866.1943,2195170.1343],[4158932.7686,2195097.7114],[4158939.6314,2195090.2457],[4158977.6429,2195028.9429],[4158980.2429,2195006.4743],[4158960.4514,2194953.3371],[4158953.1143,2194916.0286],[4158928.0371,2194895.48],[4158793.4486,2194876.58],[4158786.6943,2194875.6314],[4158728.7629,2194858.6771],[4158646.3943,2194854.7143],[4158617.8086,2194839.7314],[4158602.1543,2194818.3229],[4158566.7029,2194745.0286],[4158497.4771,2194706.3086],[4158481.9429,2194685.0114],[4158489.62,2194568.0229],[4158492.3,2194527.1543],[4158481.0371,2194487.2943],[4158449.9914,2194479.1],[4158363.44,2194521.7],[4158326.6571,2194516.7029],[4158295.7771,2194533.4514],[4158271.6086,2194532.1257],[4158196.5886,2194438.4286],[4158179.52,2194395.0114],[4158168.4286,2194366.7971],[4158098.58,2194325.4029],[4158077.4257,2194272.6314],[4158078.7743,2194203.96],[4158112.52,2194108.3457],[4158118.7371,2194060.0057],[4158115.4057,2193969.3057],[4158111.72,2193959.7229],[4158098.9371,2193926.4971],[4158063.0371,2193909.8486],[4157880.2057,2193913.3971],[4157817.2229,2193897.1543],[4157676.4629,2193863.1657],[4157669.3686,2193858.9314],[4157579.3686,2193805.1914],[4157532.0286,2193789.7686],[4157406.8,2193758.2971],[4157358.88,2193753.8686],[4157357.0886,2193753.7029],[4157317.02,2193765.5114],[4157287.3143,2193796.7257],[4157251.0257,2193818.4514],[4157228.3514,2193818.9971],[4157204.1343,2193806.1743],[4157178.6714,2193798.6],[4157111.2343,2193798.7086],[4157021.1514,2193760.66],[4157010.6229,2193763.5829],[4156996.0743,2193767.6257],[4156935.8114,2193821.1114],[4156909.0257,2193806.4343],[4156859.4343,2193745.5229],[4156880.1771,2193702.5029],[4156915.1914,2193670.2543],[4156953.2629,2193635.1886],[4156952.7057,2193609.04],[4156941.9829,2193594.0771],[4156925.2514,2193582.4686],[4156853.5114,2193563.0029],[4156787.9286,2193512.4486],[4156748.6971,2193445.7429],[4156710.1771,2193336.42],[4156674.9629,2193299.0171],[4156665.4143,2193297.9057],[4156624.0857,2193293.0857],[4156540.7857,2193316.7943],[4156485.5829,2193323.9629],[4156369.9229,2193308.2371],[4156320.8486,2193282.1914],[4156282.2371,2193212.1457],[4156254.8314,2193173.3029],[4156227.1486,2193134.0686],[4156130.0257,2193015.9543],[4156085.7429,2192979.7657],[4155959.7171,2192968.5943],[4155923.0943,2192953.2857],[4155857.3886,2192925.82],[4155825.7943,2192870.8886],[4155824.7657,2192779.1371],[4155815.1771,2192758.6143],[4155797.7771,2192753.0286],[4155685.36,2192762.9371],[4155564.3486,2192739.5629],[4155536.6629,2192717.36],[4155510.1686,2192680.7],[4155494.0429,2192674.2686],[4155443.8171,2192680.1457],[4155350.2429,2192691.0914],[4155318.5,2192688.0714],[4155278.1257,2192660.4743],[4155216.7571,2192581.9686],[4155126.1114,2192481.4029],[4155123.74,2192480.2286],[4154998.7686,2192418.4086],[4154962.0943,2192395.4343],[4154947.6429,2192366.4743],[4154956.7343,2192324.0571],[4154994.5,2192245.2829],[4154995.5229,2192227.0],[4154995.7486,2192222.9657],[4154978.0486,2192193.2714],[4154941.7457,2192188.2857],[4154976.8971,2192100.4657],[4154996.94,2192078.2171],[4154990.3457,2192051.86],[4154954.1314,2191996.8743],[4154935.78,2191986.2829],[4154859.64,2191942.3429],[4154857.2829,2191940.5829],[4154854.9,2191938.8029],[4154768.24,2191871.46],[4154711.4286,2191802.7971],[4154700.7571,2191794.2914],[4154683.2514,2191780.34],[4154617.2686,2191772.9457],[4154586.6914,2191759.2057],[4154527.0171,2191750.6286],[4154503.0457,2191729.3257],[4154474.4514,2191690.04],[4154385.66,2191628.9657],[4154322.56,2191602.3086],[4154247.6743,2191557.1829],[4154236.5114,2191542.8829],[4154219.8714,2191521.5686],[4154198.2857,2191454.0943],[4154208.44,2191424.7886],[4154238.7057,2191383.5],[4154252.2343,2191306.2686],[4154226.1229,2191235.6771],[4154171.0743,2191184.96],[4154115.4714,2191133.7314],[4154051.32,2191080.4657],[4154026.6143,2191050.14],[4154019.4086,2191029.5543],[4153971.24,2190891.9771],[4153957.96,2190879.9714],[4153948.3743,2190872.5829],[4153935.8114,2190863.5571],[4153926.3457,2190856.2943],[4153915.5,2190850.8],[4153890.3314,2190841.6714],[4153861.3914,2190835.7571],[4153845.8429,2190836.1286],[4153831.7029,2190839.1114],[4153819.5543,2190845.6857],[4153813.4371,2190851.2086],[4153798.3086,2190866.9743],[4153789.6886,2190876.12],[4153778.8543,2190887.4971],[4153768.4229,2190897.5943],[4153759.4286,2190910.1257],[4153752.2514,2190924.2057],[4153744.9343,2190935.8571],[4153732.8371,2190963.7029],[4153720.2286,2190995.0],[4153708.5714,2191023.6771],[4153697.7457,2191051.9171],[4153690.56,2191065.9914],[4153682.4057,2191078.08],[4153674.8114,2191091.1343],[4153658.0029,2191110.2686],[4153646.58,2191118.58],[4153634.3,2191122.7314],[4153626.72,2191123.5143],[4153599.4371,2191114.4257],[4153586.4914,2191108.9914],[4153572.1629,2191105.3314],[4153565.04,2191106.7714],[4153559.02,2191110.1229],[4153540.6629,2191124.2143],[4153528.5571,2191135.1914],[4153520.3857,2191147.4771],[4153513.2229,2191161.3629],[4153508.72,2191176.1486],[4153503.6686,2191189.9971],[4153501.2143,2191198.0314],[4153492.7514,2191209.4],[4153480.9257,2191218.9943],[4153470.9171,2191227.6371],[4153460.4743,2191235.4343],[4153446.1029,2191244.2257],[4153429.3257,2191248.6086],[4153421.7371,2191247.1029],[4153406.7629,2191233.6743],[4153395.8743,2191223.78],[4153384.5857,2191215.16],[4153374.1257,2191206.1],[4153362.8029,2191195.3629],[4153351.3629,2191184.5143],[4153339.92,2191173.6657],[4153328.1971,2191164.2114],[4153313.4343,2191159.7229],[4153285.5143,2191157.7143],[4153260.1229,2191156.6943],[4153247.2029,2191153.3657],[4153231.8543,2191145.82],[4153217.88,2191136.4771],[4153204.7657,2191126.5086],[4153192.4857,2191116.1],[4153179.8943,2191104.9714],[4153168.4486,2191094.1257],[4153156.1371,2191081.6029],[4153146.0657,2191068.9629],[4153140.0743,2191057.5543],[4153133.1143,2191046.6657],[4153121.8314,2191040.3457],[4153107.0943,2191035.6714],[4153091.5029,2191033.92],[4153075.5571,2191037.8686],[4153060.7457,2191043.5286],[4153038.8714,2191057.3514],[4153026.1743,2191065.2629],[4153013.0486,2191072.34],[4152999.4029,2191080.5886],[4152985.44,2191088.1086],[4152970.48,2191093.8429],[4152953.26,2191095.0971],[4152938.9257,2191091.4429],[4152926.3771,2191084.7286],[4152920.0314,2191079.0171],[4152898.7343,2191064.4743],[4152888.2486,2191053.3],[4152878.2114,2191042.7714],[4152867.7286,2191031.6057],[4152855.9886,2191019.8429],[4152843.8686,2190997.1114],[4152838.7543,2190989.6771],[4152836.34,2190985.2629],[4152828.5371,2190974.8086],[4152806.5229,2190960.82],[4152781.3029,2190947.2829],[4152773.4857,2190934.5286],[4152769.1543,2190919.94],[4152766.0543,2190903.6314],[4152762.5629,2190888.6029],[4152754.3571,2190879.4314],[4152727.9086,2190869.9057],[4152714.9686,2190866.7657],[4152700.6429,2190863.1171],[4152671.5514,2190854.9829],[4152645.2457,2190845.3857],[4152618.6486,2190833.6314],[4152605.6657,2190826.0886],[4152596.6229,2190817.3457],[4152588.8114,2190806.8914],[4152574.7114,2190780.5771],[4152569.9514,2190767.46],[4152566.6086,2190754.6571],[4152561.2886,2190723.7229],[4152554.6971,2190706.9571],[4152547.2429,2190690.8086],[4152539.2686,2190675.8286],[4152530.0429,2190662.7571],[4152523.2657,2190658.5029],[4152506.0429,2190645.1886],[4152495.7286,2190636.0657],[4152486.5086,2190625.2829],[4152477.8657,2190615.2686],[4152468.3571,2190603.5914],[4152457.7457,2190592.3029],[4152445.0743,2190585.4686],[4152430.0229,2190582.3771],[4152403.3943,2190583.0714],[4152389.2514,2190583.7686],[4152374.1086,2190585.1629],[4152359.8171,2190583.6314],[4152347.7,2190577.7514],[4152341.8543,2190568.5714],[4152332.46,2190550.96],[4152336.0914,2190534.5029],[4152340.7371,2190507.3743],[4152344.3971,2190478.46],[4152343.9857,2190462.8829],[4152343.1514,2190448.76],[4152340.2229,2190434.4914],[4152335.0286,2190420.5314],[4152330.1629,2190407.2971],[4152323.7314,2190395.06],[4152314.5314,2190384.0914],[4152305.7086,2190372.04],[4152298.0457,2190361.5114],[4152290.6686,2190351.9029],[4152283.2657,2190340.1771],[4152278.1114,2190328.3286],[4152274.8114,2190319.94],[4152267.6286,2190300.1086],[4152262.3257,2190288.3371],[4152257.6086,2190277.3286],[4152239.9114,2190244.0143],[4152236.7714,2190237.8657],[4152229.7971,2190226.9714],[4152219.7457,2190216.64],[4152197.1571,2190199.4],[4152169.72,2190188.0886],[4152139.5029,2190181.7914],[4152134.0514,2190182.3429],[4152116.0,2190186.34],[4152100.6143,2190191.2429],[4152085.6743,2190196.7829],[4152064.9771,2190187.6114],[4152027.1371,2190160.6429],[4152013.48,2190152.0314],[4151997.88,2190147.9857],[4151981.4943,2190151.0943],[4151966.1429,2190158.1114],[4151951.7429,2190164.8],[4151926.3343,2190176.0371],[4151913.9143,2190180.2657],[4151901.9971,2190181.0229],[4151886.8257,2190177.8229],[4151885.4229,2190177.5],[4151872.4657,2190172.0629],[4151849.5029,2190160.7057],[4151825.2971,2190151.0629],[4151801.6543,2190142.3829],[4151776.9,2190131.78],[4151750.0029,2190119.1286],[4151721.1057,2190103.0771],[4151699.9543,2190090.7686],[4151671.2029,2190074.6514],[4151661.7686,2190069.4943],[4151657.2571,2190067.4286],[4151642.4743,2190060.6457],[4151613.78,2190051.2457],[4151586.54,2190046.5771],[4151560.88,2190046.7514],[4151526.2343,2190044.92],[4151513.1771,2190041.6686],[4151503.6771,2190032.2914],[4151495.4143,2190018.6971],[4151464.1657,2189960.0371],[4151455.9029,2189946.4429],[4151446.6743,2189933.3714],[4151435.62,2189921.2486],[4151421.6657,2189911.7343],[4151408.5571,2189904.0686],[4151396.0029,2189897.3486],[4151369.54,2189885.5286],[4151355.6,2189878.3143],[4151343.9086,2189873.2686],[4151332.8657,2189861.1514],[4151322.94,2189850.74],[4151320.2486,2189847.7171],[4151312.6429,2189829.3543],[4151310.1943,2189805.78],[4151314.0514,2189783.5057],[4151318.6943,2189756.3886],[4151323.9314,2189732.3257],[4151329.9886,2189705.5257],[4151336.0857,2189683.1286],[4151343.8686,2189659.86],[4151354.7,2189633.9229],[4151342.5514,2189608.8857],[4151328.34,2189588.3114],[4151312.7829,2189574.1171],[4151294.28,2189560.4171],[4151270.4114,2189542.7914],[4151247.8686,2189529.9657],[4151234.3543,2189509.0257],[4151219.5057,2189480.9686],[4151203.8343,2189455.6514],[4151195.6514,2189451.08],[4151165.8514,2189443.3229],[4151149.3286,2189444.2114],[4151124.9171,2189442.4943],[4151111.5429,2189438.5229],[4151099.0229,2189433.9257],[4151076.0371,2189420.2629],[4151053.9143,2189408.48],[4151038.9114,2189392.7457],[4151036.0429,2189370.6429],[4151043.9743,2189349.6],[4151051.28,2189337.9371],[4151063.3743,2189324.6543],[4151067.66,2189320.2657],[4151078.2629,2189297.6457],[4151077.6171,2189290.1657],[4151062.9914,2189271.0571],[4151049.2229,2189253.6143],[4151034.4829,2189236.6857],[4151016.6486,2189218.0171],[4150991.9143,2189198.7171],[4150973.9229,2189177.8229],[4150968.5114,2189154.9257],[4150966.6114,2189132.3],[4150978.4686,2189110.2629],[4150998.5143,2189095.0886],[4151011.3743,2189091.7],[4151035.7514,2189088.8229],[4151064.0143,2189082.8286],[4151081.3057,2189071.24],[4151101.9629,2189061.4429],[4151119.5314,2189052.1971],[4151126.0686,2189030.6429],[4151121.9286,2189008.1343],[4151113.0257,2188987.0743],[4151104.6,2188968.9657],[4151093.2629,2188943.6743],[4151086.4514,2188920.2657],[4151088.6371,2188898.88],[4151097.2371,2188872.8629],[4151106.4029,2188850.1114],[4151121.7143,2188821.6343],[4151136.0057,2188791.5629],[4151139.0457,2188786.5971],[4151149.2486,2188770.0314],[4151160.7,2188749.2714],[4151162.2571,2188722.7057],[4151149.6571,2188694.5371],[4151137.5629,2188676.2143],[4151119.0571,2188662.5114],[4151100.58,2188650.9257],[4151095.62,2188645.72],[4151078.6171,2188626.6114],[4151065.4086,2188610.1229],[4151068.6771,2188599.3514],[4151083.2229,2188580.3286],[4151102.8571,2188566.6343],[4151122.1029,2188554.0143],[4151139.4543,2188535.8343],[4151153.5714,2188515.9771],[4151167.08,2188490.7571],[4151172.3286,2188469.0086],[4151170.2314,2188454.3029],[4151167.9229,2188433.1514],[4151157.8229,2188403.6571],[4151147.9314,2188380.8086],[4151148.7171,2188358.9143],[4151160.52,2188332.4571],[4151169.2971,2188313.28],[4151169.52,2188305.1714],[4151168.0229,2188281.2829],[4151165.12,2188271.6171],[4151159.94,2188257.4743],[4151148.3886,2188237.8057],[4151130.5629,2188221.4371],[4151112.9286,2188209.4057],[4151094.5714,2188197.9314],[4151089.0543,2188191.7829],[4151068.14,2188175.9657],[4151047.6057,2188168.84],[4151032.4457,2188167.9371],[4151024.0171,2188166.8629],[4150999.0029,2188176.8286],[4150975.6943,2188188.0171],[4150951.9629,2188198.3829],[4150920.1714,2188204.0857],[4150900.24,2188202.3286],[4150880.5714,2188199.36],[4150854.7,2188192.9],[4150831.7629,2188183.66],[4150811.4257,2188168.6143],[4150797.6286,2188149.0657],[4150783.18,2188134.2886],[4150768.4371,2188131.92],[4150748.1514,2188138.3286],[4150728.32,2188145.3971],[4150699.6686,2188154.96],[4150671.9543,2188161.9114],[4150648.5543,2188164.2743],[4150641.6771,2188162.22],[4150634.4486,2188154.8257],[4150631.68,2188130.5371],[4150624.4371,2188106.2943],[4150623.3943,2188100.0971],[4150619.8514,2188082.96],[4150616.3629,2188053.1914],[4150609.72,2188034.3057],[4150602.4829,2188012.3657],[4150597.0543,2187987.1714],[4150590.9257,2187961.0943],[4150586.8829,2187936.4029],[4150589.3086,2187911.5143],[4150601.5286,2187883.6029],[4150613.4257,2187865.9714],[4150615.6429,2187863.7457],[4150620.3829,2187860.0057],[4150640.4486,2187847.14],[4150656.5886,2187835.2829],[4150667.7914,2187818.02],[4150667.4343,2187809.1543],[4150660.3543,2187789.44],[4150659.8,2187788.4857],[4150648.5,2187779.8686],[4150627.9457,2187772.9286],[4150608.8457,2187770.72],[4150600.8486,2187770.4886],[4150590.5914,2187768.08],[4150579.9429,2187769.2429],[4150557.6029,2187765.3629],[4150548.7714,2187765.5686],[4150518.6286,2187765.8057],[4150496.8829,2187764.9914],[4150474.6686,2187761.2314],[4150452.7686,2187758.1914],[4150425.0686,2187750.3971],[4150398.6229,2187743.1771],[4150376.8257,2187737.9514],[4150369.2714,2187738.56],[4150340.9657,2187742.4457],[4150327.0314,2187743.28],[4150324.7,2187685.9943],[4150287.26,2187598.8686],[4150248.2571,2187438.1971],[4150127.8314,2187283.6429],[4150134.08,2187130.4114],[4150138.3143,2187001.9171],[4150220.9114,2186816.9286],[4150298.2171,2186445.44],[4150422.4686,2186301.2686],[4150498.5486,2186134.4114],[4150539.92,2186104.3971],[4150699.6171,2186040.3286],[4150668.6457,2185937.3571],[4150686.3314,2185821.9743],[4150753.0143,2185770.5371],[4150799.2857,2185613.9714],[4150811.8143,2185570.0914],[4150862.9314,2185530.3571],[4150867.68,2185513.1743],[4150830.9314,2185356.9286],[4150924.6971,2185030.7457],[4150981.0914,2184810.1714],[4151048.2743,2184761.8457],[4151178.9514,2184712.1829],[4151247.28,2184528.0571],[4151262.5743,2184392.54],[4151344.1657,2184194.5686],[4151384.5114,2183763.9057],[4151433.2114,2183639.9486],[4151484.4571,2183512.6886],[4151510.6371,2183363.9086],[4151523.0914,2183339.2286],[4151562.6257,2183259.2114],[4151636.9571,2183183.2171],[4151722.6057,2183045.8771],[4151763.56,2182988.9257],[4151931.1857,2182898.8943],[4151988.5914,2182831.9886],[4152130.4429,2182734.3943],[4152155.1114,2182700.8514],[4152198.1771,2182593.1114],[4152286.58,2182461.0629],[4152335.8257,2182419.9629],[4152657.0114,2182282.3743],[4152824.8629,2182248.5086],[4152988.8229,2182258.3229],[4153126.0886,2182311.6229],[4153357.3314,2182341.5257],[4153469.9686,2182337.2971],[4153503.8486,2182319.1],[4153564.4857,2182258.3629],[4153638.6429,2182168.9371],[4153715.4857,2182043.0971],[4153740.3371,2182022.9886],[4153821.7486,2182014.1571],[4153911.6286,2181980.5257],[4153942.0743,2181942.7571],[4154247.9057,2181778.52],[4154354.2657,2181734.9171],[4154560.2343,2181624.3114],[4154797.6171,2181531.7457],[4154947.1829,2181409.74],[4155100.6686,2181334.08],[4155293.42,2181089.6629],[4155432.9686,2180852.3514],[4155540.3371,2180730.4543],[4155590.2886,2180675.4543],[4155706.4657,2180296.0257],[4155742.4257,2180050.9686],[4155767.3714,2179768.8914],[4155754.8714,2179662.6429],[4155625.9286,2179392.5886],[4155612.6629,2179378.8371],[4155509.2943,2179271.7057],[4155437.8686,2179104.2543],[4155402.82,2178953.5629],[4155430.0514,2178816.9629],[4155501.8371,2178456.8514],[4155488.8857,2178349.7086],[4155521.4857,2178219.3571],[4155622.2571,2178032.1743],[4155654.9943,2177915.2971],[4155650.3629,2177900.8771],[4155751.7771,2177682.0514],[4155663.3,2176374.0029],[4155655.5657,2176259.62],[4154211.6829,2176096.0371],[4153375.1086,2175204.94],[4152679.7171,2174723.3886],[4151774.6057,2174512.0143],[4151108.6029,2174667.5314],[4150332.6571,2174991.0886],[4149898.3543,2174816.1571],[4149696.3257,2174327.72],[4149613.0286,2174202.0343],[4149561.9171,2174124.4371],[4149554.7857,2174124.8143],[4147804.2971,2172072.74],[4147660.4543,2170909.1429],[4148012.92,2170096.2771],[4147731.8314,2169588.8971],[4147468.4143,2169735.0629],[4147328.96,2169659.7143],[4147047.7,2169559.7286],[4146961.6686,2169477.3286],[4146940.56,2169424.4857],[4146890.6543,2169086.8457],[4146827.6114,2168941.64],[4146822.3886,2168823.0257],[4146846.8143,2168760.5943],[4147053.9771,2168570.7257],[4147375.0914,2168378.7714],[4147449.1886,2168288.8257],[4147478.8914,2168223.5914],[4147483.3771,2168163.8829],[4147465.0457,2168116.3029],[4147375.6629,2168042.4257],[4147207.2314,2167939.76],[4147166.9914,2167903.8229],[4147114.2514,2167803.72],[4147107.3229,2167750.08],[4147122.3543,2167684.7686],[4147215.5943,2167535.1943],[4147217.4629,2167498.2314],[4146358.02,2167044.9029],[4145477.4686,2166801.2629],[4144814.6771,2166617.8743],[4143716.7971,2166578.6314],[4143694.4571,2166583.6343],[4143673.6571,2166588.2943],[4143146.8657,2166709.2371],[4142742.6086,2167116.2457],[4142191.7086,2167985.1114],[4141585.9314,2169112.6],[4141078.1371,2170129.5343],[4140845.3629,2170928.2829],[4140599.9686,2172559.7057],[4140449.9143,2173753.2714],[4140789.0771,2175161.7914],[4141259.6514,2176179.8343],[4142174.8457,2177428.86],[4142208.88,2177475.3057],[4142201.3486,2177489.7543],[4142162.3829,2177507.0886],[4142082.5771,2177479.8429],[4142005.0143,2177464.9143],[4141996.6829,2177472.6743],[4141971.0057,2177475.1886],[4141894.2257,2177512.6257],[4141876.4457,2177527.6857],[4141851.24,2177569.2143],[4141808.7171,2177605.3143],[4141786.0029,2177619.5914],[4141723.6886,2177633.5886],[4141645.5686,2177687.5629],[4141586.14,2177673.0429],[4141560.9571,2177680.8],[4141539.0,2177666.7829],[4141513.1857,2177666.8886],[4141444.7829,2177631.32],[4141432.1114,2177605.48],[4141404.4571,2177583.1],[4141404.0829,2177567.9457],[4140989.8171,2177585.5943],[4140019.5343,2178231.3],[4136885.0343,2177203.3571],[4136547.6686,2178775.66],[4135388.3857,2179024.7343],[4134401.8086,2179410.9743],[4132024.4657,2184727.7657],[4131589.9943,2185494.3286],[4131349.8429,2185914.8943],[4130403.4314,2186768.0543],[4130021.06,2187112.7514],[4127899.9,2189024.92],[4126217.4886,2190272.8029],[4125166.7943,2191044.8886],[4124387.3943,2191713.5371],[4123872.3,2193573.58],[4123869.7943,2193574.9171],[4123864.1571,2193583.6286],[4123862.0914,2193585.7943],[4123854.8343,2193597.5143],[4123853.2486,2193605.1286],[4123846.7629,2193611.98],[4123838.0,2193616.6571],[4123829.0257,2193627.14],[4123823.8657,2193638.8029],[4123806.5571,2193652.5086],[4123788.0657,2193662.3771],[4123772.3314,2193668.4514],[4123762.6971,2193671.4543],[4123742.9771,2193683.0571],[4123734.28,2193692.1514],[4123722.9543,2193715.1257],[4123717.8,2193726.7829],[4123715.0057,2193738.4343],[4123708.3257,2193750.9086],[4123703.5029,2193756.8714],[4123691.14,2193775.9457],[4123679.1943,2193793.5429],[4123664.2057,2193813.8314],[4123658.5314,2193817.9371],[4123639.6371,2193829.0857],[4123622.6829,2193839.3886],[4123603.9343,2193850.4743],[4123586.86,2193860.6543],[4123570.7743,2193872.6314],[4123559.22,2193888.9457],[4123554.4429,2193897.0257],[4123547.4229,2193917.7],[4123539.5971,2193938.6314],[4123532.9771,2193958.0171],[4123528.2486,2193980.6829],[4123523.5,2194003.5229],[4123521.08,2194011.5857],[4123519.2286,2194029.3257],[4123519.0171,2194035.1429],[4123521.4229,2194058.6286],[4123524.7057,2194083.7743],[4123527.5257,2194108.28],[4123532.2171,2194133.7486],[4123536.7257,2194157.1771],[4123540.3429,2194176.6371],[4123542.2886,2194196.9829],[4123545.48,2194217.8971],[4123546.1857,2194227.5029],[4123546.4514,2194238.76],[4123545.2029,2194259.5686],[4123542.2629,2194281.4429],[4123539.2029,2194303.22],[4123537.1343,2194326.7686],[4123531.5286,2194347.7657],[4123523.24,2194368.0429],[4123510.36,2194388.2829],[4123497.2086,2194409.9171],[4123482.2029,2194430.4029],[4123478.3543,2194435.8486],[4123468.0571,2194450.2571],[4123456.1343,2194470.16],[4123443.3486,2194488.2086],[4123429.4429,2194504.5543],[4123412.1457,2194520.56],[4123395.32,2194539.7057],[4123381.1457,2194557.2457],[4123367.18,2194581.6314],[4123365.9714,2194585.6657],[4123353.4686,2194602.3171],[4123343.3514,2194621.2686],[4123334.0657,2194639.7657],[4123326.0571,2194658.6543],[4123314.5714,2194679.4029],[4123304.06,2194699.6286],[4123294.3829,2194719.4114],[4123287.0143,2194743.4771],[4123282.7229,2194764.1286],[4123246.7229,2194752.0714],[4122125.5629,2194376.6171],[4121817.5714,2192363.4714],[4121776.5143,2190645.9914],[4121519.8286,2189871.7114],[4120693.6657,2188560.3771],[4120694.4743,2187321.5371],[4120441.8486,2186673.9029],[4119936.0257,2186532.6457],[4119486.42,2186728.8743],[4119149.2857,2187065.7257],[4117947.7971,2186838.7714],[4117800.4086,2186810.9286],[4117491.2943,2186894.8886],[4117294.7057,2187231.8457],[4117070.04,2187624.9657],[4117021.3914,2187868.7257],[4116543.3857,2188238.7314],[4115933.66,2188228.4343],[4114999.9886,2188212.5143],[4113381.7914,2187844.2257],[4112555.1257,2187097.5829],[4110894.4486,2185519.5486],[4109760.0229,2184639.9829],[4108999.5457,2184484.4829],[4108567.8714,2184102.5429],[4107455.4943,2184683.3657],[4106741.5943,2184669.5057],[4106160.4,2184658.0143],[4105633.76,2184340.9543],[4105629.0114,2184338.0857],[4105297.2143,2184387.2257],[4104865.8743,2184353.16],[4104592.1514,2184460.4857],[4104127.7886,2183940.3057],[4103721.3657,2183723.5714],[4102983.1229,2183547.7457],[4102984.0057,2183553.1429],[4102650.9914,2183423.24],[4102493.5714,2183116.3514],[4102144.3229,2182435.4943],[4101936.7343,2182331.7429],[4101654.3714,2181949.9257],[4101621.0657,2181601.3086],[4101421.7057,2181153.0914],[4101280.3914,2180472.4543],[4101371.5086,2179825.02],[4101246.8429,2179306.2457],[4101064.1486,2179123.64],[4100966.32,2179131.3143],[4100640.6857,2179156.86],[4100175.6829,2179455.7114],[4099760.5229,2179530.4343],[4099245.7057,2179804.3857],[4098764.12,2179845.9086],[4098730.4429,2179863.68],[4098315.7343,2180082.5029],[4097626.56,2180248.5457],[4097028.66,2179642.6257],[4095741.6657,2179588.7257],[4095426.0229,2180252.8171],[4095477.6971,2180527.7714],[4095558.6257,2180958.4143],[4095035.4857,2181365.1771],[4094113.82,2181655.7457],[4093705.5057,2181852.5657],[4093416.2571,2181991.6257],[4093307.9029,2182845.7457],[4093325.6914,2183254.8429],[4093340.7143,2183600.3629],[4093074.8571,2183965.1486],[4092659.5829,2184147.3143],[4092205.34,2183857.8886],[4092099.9114,2183790.7143],[4091976.5543,2183711.8571],[4091837.8543,2183623.6286],[4091256.8343,2183640.3629],[4091010.5914,2183448.7057],[4090683.6286,2183194.96],[4089974.8086,2183435.02],[4088562.6286,2183979.1571],[4087259.1771,2184116.2086],[4085847.1029,2183982.1371],[4083202.2571,2183710.8914],[4082968.6429,2183686.9286],[4082119.7257,2183546.5457],[4081558.5486,2182966.5029],[4080735.8371,2183000.6057],[4080001.8829,2182915.6229],[4079954.6743,2182910.1571],[4079354.54,2182701.0571],[4079123.6,2182620.5914],[4078300.8429,2182360.06],[4076945.8114,2183499.1971],[4076031.6743,2183338.3457],[4075433.3,2183131.5171],[4074560.5371,2182559.9057],[4074252.76,2182079.0857],[4073554.5343,2181602.7143],[4072698.5771,2181495.7457],[4071892.4543,2181720.78],[4071593.8029,2182371.0171],[4071207.5686,2182629.1543],[4070607.5857,2183200.5743],[4069779.3629,2182973.3057],[4069493.4114,2182431.9829],[4069053.5143,2181391.5143],[4068589.0657,2181212.1],[4068014.7571,2182232.0114],[4067058.3286,2183092.8914],[4066357.1714,2183348.3629],[4064827.0057,2184560.1229],[4063966.4486,2184974.9886],[4063329.0743,2184912.0229],[4063392.8343,2185485.8543],[4064443.5943,2187016.5429],[4064316.3971,2187813.5371],[4063234.2686,2187878.8],[4062820.5829,2188612.18],[4061961.2743,2189154.8286],[4060433.5657,2189125.2514],[4059956.1686,2189412.56],[4060179.1486,2190337.1],[4061261.6657,2191166.7486],[4061007.1114,2191772.5314],[4061134.5657,2192537.6486],[4060625.3857,2193239.24],[4059797.92,2193973.0114],[4059543.4029,2194833.8057],[4059766.3229,2195343.9429],[4059225.2571,2195376.5771],[4058588.7171,2195186.5571],[4058015.8343,2194964.64],[4057283.8771,2195889.5143],[4056551.8514,2196017.94],[4056488.2857,2195414.0171],[4055215.2143,2196020.9143],[4055342.74,2197232.3343],[4055024.5314,2197870.0314],[4054419.8543,2198476.1086],[4054260.8257,2199304.9886],[4053815.3229,2200134.0171],[4053735.8229,2200178.68],[4053019.66,2200581.0143],[4052794.9971,2200906.2],[4052733.2486,2200995.5771],[4052383.2114,2200360.0],[4050091.6543,2199885.9657],[4049990.7371,2199993.0629],[4049872.8257,2200118.1943],[4049811.0743,2200036.8857],[4049114.5971,2200206.1714],[4049125.3057,2200693.2971],[4049365.2314,2201180.46],[4049271.08,2201715.3514],[4048900.6457,2202379.2457],[4048953.7514,2202568.1457],[4049459.1914,2204366.0086],[4049480.6657,2205364.14],[4048966.86,2205803.6686],[4048937.6543,2205931.1429],[4048787.4286,2206586.9057],[4049285.3257,2207007.3286],[4049685.16,2207223.6257],[4049744.5371,2207255.8543],[4049849.3886,2207575.8543],[4049934.2229,2208043.9286],[4049963.6514,2208206.2886],[4049552.8257,2208999.1657],[4048616.9314,2209620.4029],[4048463.0114,2210014.66],[4048083.2171,2210988.6143],[4048074.3,2211655.6143],[4048010.4371,2211939.1286],[4047424.02,2212416.2371],[4047405.4,2212425.8629],[4047264.6371,2213108.1914],[4047265.3086,2213822.8343],[4047370.9429,2214489.8229],[4047743.7114,2214889.7714],[4047419.7457,2215394.6229],[4047506.3343,2216114.0229],[4048289.8714,2216561.0886],[4049188.1571,2217236.8514],[4049096.2086,2217493.5886],[4049007.3086,2217741.8114],[4049113.1057,2218585.0829],[4049839.8457,2219785.3371],[4050003.0857,2220804.8771],[4050452.5943,2221643.1971],[4051283.9314,2222166.4857],[4051150.0571,2223011.5829],[4050762.7514,2222946.2943],[4050508.3629,2223073.1343],[4050508.7229,2223454.4714],[4050731.8257,2223644.9571],[4047807.4057,2226947.9286],[4046821.5371,2226818.8914],[4046130.8829,2226840.7514],[4045867.4686,2226849.0886],[4045295.0657,2227070.8543],[4044054.8886,2227641.4943],[4042878.6171,2228752.8371],[4041925.0486,2229896.24],[4041320.9571,2230372.4029],[4040525.9371,2230625.6257],[4039571.88,2230814.9486],[4040289.7371,2232387.68],[4041214.4314,2233753.6371],[4043031.3314,2235627.26],[4043032.8286,2235638.4029],[4043095.1486,2236104.5057],[4042363.2257,2235944.9886],[4042123.9257,2235804.0457],[4042109.8429,2235795.7514],[4041217.1571,2235942.2686],[4040773.7486,2235942.06],[4040421.3086,2236089.7257],[4039682.3371,2235645.7829],[4038738.7,2235292.7543],[4038170.2314,2235269.7429],[4037726.8286,2235167.1743],[4037840.78,2234427.5943],[4037704.5257,2233710.7657],[4037262.6829,2233268.4486],[4036381.0971,2233331.02],[4033453.9857,2237275.92],[4033383.86,2237341.3514],[4032499.4057,2238166.6114],[4032053.9143,2238484.6771],[4031417.6429,2239566.3857],[4031354.14,2240107.2829],[4030502.3743,2240801.0629],[4030494.9943,2240807.0714],[4030487.22,2240805.0514],[4029825.0,2240979.3686],[4029261.8371,2241484.2229],[4028809.02,2242543.0971],[4028251.9514,2242904.0886],[4028227.5886,2243341.7314],[4028142.04,2243959.9429],[4027615.5629,2244155.64],[4027370.7371,2244504.4943],[4027331.2257,2245059.7343],[4027345.3571,2245101.6571],[4026518.1057,2246119.6743],[4026152.2029,2246549.1486],[4025547.9771,2248426.3286],[4024816.1743,2247534.48],[4024147.9029,2247343.16],[4023607.66,2250333.9714],[4022557.6829,2251606.4914],[4022080.5,2252497.32],[4021444.1286,2253165.3629],[4021444.3286,2253833.5286],[4021702.2886,2254541.9514],[4022080.7543,2255584.2229],[4023002.5714,2258736.42],[4022970.2143,2260041.8657],[4022842.5371,2260901.5486],[4022610.3857,2261058.3971],[4022569.1629,2261247.72],[4022381.1371,2261587.7657],[4021736.7314,2261927.8914],[4021466.7571,2262142.4],[4021235.4943,2262326.1457],[4020744.3571,2262759.9086],[4020698.4429,2262800.4571],[4020492.4229,2263417.8971],[4020392.6257,2263489.9657],[4020170.2057,2263650.5886],[4019856.78,2264366.46],[4019382.24,2264941.8771],[4019373.3857,2264952.6143],[4019072.4286,2265054.9743],[4018925.8943,2265104.8114],[4018923.5457,2265123.2029],[4018863.0743,2265596.9629],[4018916.46,2266312.8229],[4018352.5257,2266930.3029],[4018039.28,2267037.7371],[4017547.0086,2267364.4086],[4016929.4829,2267436.1257],[4016267.2,2267588.3743],[4015953.8914,2267973.1743],[4015515.3543,2268026.96],[4014154.9343,2268765.3857],[4014485.6486,2269400.7257],[4014503.3314,2269928.6714],[4014288.4343,2270349.2514],[4013966.2257,2270537.2086],[4013706.6286,2270850.4171],[4013205.4086,2271168.1457],[4013047.9257,2271618.6886],[4013008.3571,2271731.8943],[4012712.8743,2272322.4943],[4012157.8943,2272904.18],[4010886.9543,2273678.3743],[4010663.0829,2274179.4886],[4010215.5657,2274465.8914],[4009964.8857,2274877.5257],[4009544.2314,2274680.8257],[4008873.0,2274886.7514],[4008613.32,2275428.1343],[4008156.7286,2276152.9743],[4007046.8657,2276958.4514],[4006187.5343,2277902.5686],[4005587.6343,2279030.0829],[4005417.4286,2279575.9286],[4005068.2971,2280050.2114],[4004629.7543,2280193.46],[4004540.1714,2280488.7543],[4004924.6857,2280627.52],[4005121.3486,2280940.72],[4005326.6914,2281960.82],[4005344.2543,2282784.0571],[4004941.44,2283222.5571],[4004198.5857,2283580.6],[4003428.9086,2283401.8714],[4002757.6829,2283478.0771],[4002363.8543,2283800.2571],[4002077.3886,2284176.1057],[4001723.3657,2284381.4429],[4001182.3686,2284695.2257],[4000663.2771,2284874.2829],[4000072.5686,2284570.2771],[3999651.8457,2284078.4],[3998794.46,2283804.7229],[3998415.3629,2284499.7029],[3998340.5114,2284589.9314],[3997074.7829,2286115.6971],[3996652.4057,2286703.3343],[3996266.7486,2287694.9657],[3996230.0029,2288502.9629],[3996285.0686,2289366.0457],[3996633.9429,2290431.1343],[3997074.6457,2291110.5857],[3997717.34,2291606.4029],[3998373.2629,2291914.3029],[3998383.2114,2291985.1257],[3998381.1514,2292624.26],[3998972.9657,2293029.2029],[3999447.9743,2293216.1029],[4000024.2143,2292935.7686],[4000678.3229,2293235.5829],[4000616.0143,2293765.12],[4000483.6086,2294427.04],[4000111.9829,2295366.0429],[3999759.3486,2296257.06],[4000210.9971,2296311.5714],[4000553.6229,2296615.28],[4000927.3971,2296202.5629],[4001577.6914,2295319.4629],[4001612.6429,2295271.9971],[4002196.6657,2294812.5571],[4002430.2657,2294181.7971],[4002889.7,2294018.2686],[4003380.2829,2294376.4857],[4004143.4086,2294684.0914],[4004322.4971,2295447.2457],[4004376.9857,2296233.7657],[4004393.0029,2296287.9143],[4004540.5029,2296786.6657],[4005155.6829,2296669.8629],[4005724.1343,2296444.04],[4006136.8457,2296486.8714],[4006666.3629,2296440.1543],[4007074.9829,2296096.0457],[4007258.1743,2295941.7771],[4008083.5971,2296432.38],[4008449.58,2296946.3457],[4008338.9543,2297344.5629],[4008332.76,2297366.8571],[4007943.3886,2297623.8429],[4007772.0429,2298628.4057],[4007826.5029,2298977.7029],[4007825.8114,2298979.4971],[4007844.1629,2299438.5886],[4008046.1457,2299934.4029],[4008266.4943,2300264.9486],[4008688.84,2300411.8571],[4009147.9143,2300393.5],[4009680.4371,2300338.4143],[4010176.2371,2300264.9657],[4010616.9457,2300264.9686],[4010837.3,2300338.4257],[4011149.4686,2300705.6943],[4011351.4486,2301183.1486],[4011296.3543,2301440.2371],[4010671.9771,2302046.2371],[4009735.4114,2303001.1457],[4009037.5743,2303882.5971],[4008743.7429,2304470.2314],[4008798.8143,2305094.5914],[4010139.2829,2306857.4971],[4012955.2286,2307361.44],[4015371.4057,2307795.3514],[4015811.8457,2308034.34],[4015958.6,2308273.2143],[4015884.8457,2308806.0371],[4015810.98,2309540.96],[4015975.6829,2310551.4886],[4016397.3629,2311690.6629],[4016690.9314,2312021.4371],[4017645.2314,2312499.4486],[4018250.7971,2312958.9343],[4018525.8886,2313546.9057],[4018580.6114,2314208.3371],[4018525.14,2314888.1429],[4018536.7229,2316499.0343],[4018818.56,2316822.82],[4019137.1943,2317309.9571],[4019531.4714,2317243.02],[4019716.0171,2317327.0629],[4019766.24,2317574.8086],[4020051.4086,2317835.2171],[4020630.24,2317911.0686],[4021049.6143,2318272.2857],[4021070.5714,2318471.3771],[4021124.7571,2318986.1229],[4020897.5657,2319972.9114],[4020956.0657,2320426.4057],[4020443.58,2321115.1371],[4020191.3657,2321799.6029],[4019729.4514,2321892.18],[4019250.6771,2322270.2171],[4018822.2029,2322849.7571],[4018351.6571,2323622.4486],[4017452.8857,2324374.2943],[4017165.1486,2324841.6629],[4016915.1257,2325247.7743],[4016826.9371,2325687.6943],[4016804.4971,2326093.0343],[4016503.0543,2326289.1429],[4016396.9829,2326309.1686],[4016286.64,2326329.9971],[4016137.8171,2326358.1057],[4015411.3229,2326495.3057],[4014924.1829,2327016.04],[4014974.32,2327528.2914],[4014923.7686,2327956.5686],[4015074.5857,2328552.8029],[4014721.6114,2329497.5543],[4014645.4971,2330799.1714],[4014435.4486,2331219.0714],[4014494.04,2331592.7657],[4014528.9286,2331622.8486],[4014796.0343,2331853.1543],[4015509.1743,2331694.0143],[4015869.8743,2332055.18],[4016045.8971,2332584.24],[4015709.8457,2333197.3],[4014979.2171,2333671.9457],[4014340.2257,2333726.0314],[4014181.4714,2333739.4686],[4014066.2286,2333877.7514],[4013845.5,2334142.6029],[4013408.7829,2334503.7943],[4012831.12,2334755.1257],[4013019.8571,2335128.1857],[4013609.4457,2335574.8171],[4013902.8286,2336422.9886],[4013952.8829,2337124.1857],[4013685.3543,2337371.1543],[4013665.2914,2337389.68],[4013625.3371,2337426.5629],[4013365.3486,2337596.1743],[4012852.7171,2337930.6086],[4012211.4543,2338193.8943],[4012197.7914,2338199.4686],[4012098.24,2338546.7229],[4012066.0171,2338659.1171],[4011390.5029,2339134.1],[4011551.1657,2339292.64],[4012344.76,2339666.7171],[4012682.2686,2339682.1057],[4012885.2771,2339858.8686],[4013119.3829,2340063.8029],[4013179.6743,2340216.3714],[4014056.7,2341378.5171],[4015263.8229,2342431.0171],[4015574.6171,2342763.2029],[4015628.7457,2343076.5229],[4015363.5457,2344148.0829],[4014946.7714,2345406.3229],[4014933.1057,2345447.5743],[4014568.2771,2346233.7457],[4014437.9314,2346364.3314],[4013965.7886,2346203.4371],[4013488.32,2346186.3],[4013171.0314,2345421.8771],[4013348.8771,2344657.4914],[4013173.3771,2344321.4714],[4012570.32,2344115.3629],[4011950.4571,2344198.8429],[4011604.2286,2344833.9343],[4011585.6114,2344868.0857],[4011578.4829,2344881.16],[4011415.5229,2345180.0829],[4010846.1543,2345574.08],[4010275.8,2345549.1714],[4010249.7114,2345864.9486],[4010402.4571,2346334.1314],[4010554.1171,2346714.2457],[4010981.2686,2346885.34],[4011180.58,2347027.9],[4011313.3657,2347255.9714],[4011297.0943,2347754.72],[4011150.0771,2348131.9114],[4011091.3029,2348818.4457],[4011195.7971,2349039.5314],[4011742.0629,2349342.1257],[4011788.4114,2349551.5771],[4011671.3914,2350319.5629],[4011554.48,2350959.5486],[4011565.4914,2351669.3514],[4011611.92,2351785.7171],[4012181.4771,2351948.6914],[4012332.5229,2352123.2429],[4012343.9429,2352367.6],[4012157.5714,2352542.1571],[4011680.0629,2352868.0086],[4011749.4057,2353391.6371],[4012016.38,2354037.4486],[4012617.4686,2354454.1457],[4012622.3343,2354460.3486],[4012990.6829,2354929.7286],[4013226.1971,2354930.4314],[4013283.1,2354930.4943],[4013855.0857,2355323.8686],[4014140.5029,2355910.3743],[4014150.38,2355921.4114],[4014942.0914,2356805.9629],[4015676.0143,2356875.3457],[4016119.1543,2357289.4286],[4016614.5457,2357752.3343],[4017105.32,2358382.6257],[4017931.3514,2359199.8143],[4017935.3171,2359203.7371],[4017938.1371,2359206.5143],[4017707.5971,2359356.2829],[4017523.98,2359377.96],[4017202.8886,2359415.8686],[4016853.9771,2359852.5029],[4016473.9086,2360245.5057],[4015495.6486,2360243.1314],[4014997.1743,2360062.8143],[4014676.4743,2360327.4486],[4014324.1914,2360617.8857],[4013956.5057,2361091.6771],[4013563.8629,2362410.1],[4013881.6457,2363039.7143],[4013887.7257,2363402.1714],[4013894.0829,2363781.5114],[4014515.5229,2364741.7857],[4014515.1286,2364755.5143],[4014689.5829,2365087.1286],[4014887.3257,2365261.6686],[4015306.0771,2365634.0229],[4015364.2114,2365890.0029],[4015620.0914,2366285.6114],[4015445.4886,2366844.1143],[4015375.62,2367274.6257],[4015410.4857,2367530.6057],[4015794.3371,2367844.78],[4016073.5057,2368089.1371],[4016422.4429,2368577.8371],[4016573.6657,2368566.2171],[4017329.7686,2368851.3343],[4017690.3743,2368711.7629],[4017923.02,2368572.18],[4018027.7057,2368455.8543],[4018178.9286,2368479.1371],[4018597.6257,2369270.3571],[4019074.5571,2369130.7943],[4019563.1114,2368874.8943],[4019679.4343,2368909.8114],[4020051.6057,2369654.4857],[4020226.0829,2369805.7543],[4020937.2829,2369396.5829],[4021075.2371,2369317.2143],[4021563.8029,2369311.4457],[4022517.6629,2369648.94],[4023041.1171,2369462.8486],[4023739.0314,2368834.6914],[4023983.3114,2368730.0143],[4023984.8286,2368731.5571],[4024863.02,2370134.14],[4025366.7829,2370067.4457],[4025666.8886,2369457.1457],[4025670.3686,2369456.2343],[4026147.2629,2368664.4543],[4028392.3943,2367964.7457],[4029158.3057,2367778.2857],[4030381.6086,2367480.48],[4031405.3,2367526.2943],[4032075.7143,2367685.3943],[4032665.7343,2367979.98],[4033126.1314,2368279.1114],[4033711.0971,2368977.12],[4033701.5,2369116.8486],[4033679.48,2369437.6486],[4033672.8743,2369534.0171],[4033872.7086,2370119.0314],[4033587.8486,2370794.4286],[4033103.5114,2371717.1829],[4032999.2086,2372359.2514],[4032752.2286,2372635.1743],[4032206.7657,2372994.2914],[4032087.2086,2373073.0029],[4032011.4286,2373738.8457],[4032353.8629,2374347.6829],[4032182.9371,2374728.1914],[4032582.32,2375027.9743],[4033326.0,2374910.2943],[4033419.0486,2374895.5714],[4033932.5229,2374591.8857],[4034046.0857,2374622.0943],[4034398.4314,2374715.82],[4034436.6429,2375219.9571],[4034929.0286,2375500.4229],[4034957.1629,2375542.64],[4035829.7543,2376462.0314],[4036376.5771,2377043.9229],[4037237.5286,2377346.62],[4037726.1771,2377300.1943],[4038061.1486,2376946.7314],[4038119.66,2376111.7571],[4038376.9314,2375375.64],[4039015.6543,2374998.7943],[4039694.4171,2375157.62],[4039703.7457,2375169.3943],[4039895.0743,2375410.8257],[4040248.3829,2375896.3343],[4040249.5371,2375895.9514],[4041795.2886,2376479.64],[4042417.4371,2377110.8943],[4043128.0657,2377183.0057],[4043874.2486,2377015.68],[4044247.3943,2377215.9543],[4044408.6029,2378353.2714],[4044630.7543,2378531.1457],[4045918.8457,2378134.1086],[4046993.6629,2378126.9543],[4047757.8143,2378669.58],[4047750.32,2378785.6314],[4047694.4171,2379608.3286],[4047879.6571,2380174.8],[4047931.4714,2380971.4829],[4048028.4057,2381236.6029],[4048054.5971,2381238.1657],[4048518.3971,2381528.3914],[4048772.7457,2382028.0229],[4048864.2286,2382574.1971],[4048769.0457,2383306.3143],[4048597.1057,2383879.0286],[4048546.3171,2384050.1743],[4048255.6143,2384771.3143],[4048218.0743,2384862.2],[4046892.9314,2385586.44],[4046475.6057,2386182.1829],[4046050.9629,2387242.2114],[4045471.0343,2387640.5457],[4044821.4686,2387996.2771],[4044303.3257,2387794.6886],[4043599.5429,2387941.4],[4043012.1486,2388718.9429],[4043036.1543,2389484.9857],[4043132.0771,2389755.5314],[4043490.82,2390769.1571],[4043540.2029,2390908.6657],[4043616.4743,2391052.5743],[4043927.7486,2391639.6886],[4044105.9743,2391871.7314],[4044818.68,2392219.5314],[4045701.8971,2392930.9543],[4046058.3571,2393398.9086],[4046406.9514,2393514.7657],[4046509.5057,2393484.1571],[4046770.9857,2393406.0886],[4047429.2971,2393304.9257],[4047909.5486,2393765.0543],[4048153.4343,2394315.7114],[4048235.0143,2394499.9114],[4048064.8429,2394855.7314],[4048243.1143,2395381.7514],[4047840.8029,2395969.5857],[4047097.8657,2396150.9257],[4046719.9057,2396499.5914],[4046488.5457,2396668.5057],[4046485.4257,2396795.5686],[4046473.3657,2397286.78],[4046450.38,2397314.8314],[4045637.88,2398306.4171],[4045351.9886,2399426.9771],[4045241.4857,2399550.6743],[4044840.5686,2399999.4657],[4044449.1543,2400254.9486],[4044379.6429,2400387.6829],[4044112.0657,2400898.6114],[4043553.9343,2401396.7886],[4043042.28,2401732.4657],[4041984.0771,2402380.5086],[4041379.5143,2403180.46],[4040909.8229,2403830.8314],[4040216.7257,2404054.5543],[4039821.3257,2404041.8143],[4038984.0114,2403911.4657],[4038436.3714,2403856.6629],[4038146.6943,2403827.6743],[4036541.8371,2404026.7457],[4035251.0486,2404732.3143],[4034250.9229,2404578.24],[4033506.6714,2404919.1543],[4032529.8057,2404765.1457],[4031692.54,2405239.4543],[4031529.8829,2405749.86],[4031576.6171,2406225.5229],[4032042.2114,2406491.6086],[4032728.9286,2406675.7657],[4032880.2457,2406779.96],[4032903.5686,2406907.5743],[4032903.6429,2407081.5971],[4032741.4171,2407280.2286],[4032826.7029,2407381.3629],[4033005.5371,2408072.0286],[4032411.2971,2408549.9029],[4032326.4857,2408640.1457],[4031791.6543,2409209.2371],[4031673.3543,2410270.7314],[4031433.6914,2410802.3429],[4031384.24,2410909.2429],[4031356.9714,2411250.9429],[4031648.7343,2411395.0829],[4031649.5429,2411381.2743],[4031658.9171,2411364.8],[4031676.1886,2411407.7771],[4031815.7171,2411472.9943],[4032026.5171,2411572.1371],[4032217.3971,2411657.7114],[4032375.08,2411744.9543],[4032434.1857,2412044.3114],[4032153.4543,2412174.0971],[4032019.5886,2412280.9886],[4031752.1771,2412527.4343],[4031667.1886,2413011.9771],[4031660.7,2413035.8714],[4032427.7886,2413370.0057],[4032568.84,2413439.1543],[4032621.2543,2413715.02],[4032515.84,2413838.7914],[4032383.8943,2413990.0229],[4031890.2971,2414183.3029],[4031940.76,2414498.9257],[4031931.7971,2414788.94],[4031676.3743,2415019.7057],[4031624.9686,2415284.1514],[4032328.6457,2415865.5257],[4032676.0971,2416284.0029],[4032819.8971,2416994.6571],[4032630.3457,2417175.7857],[4032389.7743,2417352.5486],[4032114.6114,2417508.7114],[4031733.0057,2417672.4086],[4031284.6914,2417871.08],[4031210.3257,2418028.6543],[4031191.02,2418241.7029],[4031272.4171,2418575.2314],[4031864.0057,2420058.0229],[4032239.9286,2420871.3743],[4032274.72,2421135.3743],[4032145.7886,2421322.9514],[4032145.2371,2421324.86],[4032259.6914,2421617.8257],[4032530.3771,2421654.8857],[4032792.1486,2421922.4343],[4033231.8943,2421757.8343],[4033747.8171,2421916.8257],[4034076.9829,2422304.8114],[4034072.9686,2423252.3571],[4034092.2257,2423281.4657],[4033985.0314,2423352.9743],[4033976.54,2423358.64],[4033970.6771,2423362.5514],[4033305.9914,2423935.14],[4033291.7029,2423947.4514],[4033133.6629,2423893.9086],[4032185.36,2423905.2171],[4030183.5429,2424633.5343],[4028834.9571,2425138.32],[4026559.34,2424023.84],[4025760.8771,2426585.1343],[4024908.4657,2426718.6057],[4024907.3171,2426718.7943],[4024148.3971,2426845.7114],[4023727.3714,2425597.9743],[4020259.6029,2425034.3143],[4019004.1057,2425554.88],[4018679.6314,2427272.9171],[4018331.06,2427783.4657],[4017587.0314,2427572.36],[4016517.5629,2428104.9171],[4014866.58,2427656.5943],[4014075.8171,2426413.3286],[4014019.3314,2426174.6657],[4013925.4429,2425792.3886],[4013754.0657,2425536.2114],[4013538.3171,2425346.74],[4013240.8886,2425164.5429],[4012969.5914,2425075.0686],[4012716.9229,2425070.84],[4012603.4914,2425091.7457],[4012603.0457,2425091.8286],[4012068.2857,2425324.2457],[4010518.5057,2424455.3943],[4010474.7029,2424501.4257],[4010362.2343,2424619.6143],[4010240.22,2424556.9257],[4009009.4086,2423744.6771],[4009020.8886,2423840.76],[4009015.9314,2423901.7286],[4008982.2971,2423953.1086],[4008947.4371,2423974.6114],[4008806.36,2423871.7886],[4007758.3514,2423110.92],[4007717.0486,2423080.94],[4006971.7886,2422524.5429],[4006908.0629,2422526.0114],[4005854.0971,2422550.2686],[4005481.4143,2422947.0286],[4005518.8571,2423359.6629],[4005735.3543,2425745.42],[4005688.2971,2426468.3343],[4005035.8629,2427564.7543],[4005127.9657,2428917.3029],[4004336.1743,2429396.3429],[4003613.9914,2430352.9829],[4002193.4429,2429565.4286],[4001517.7771,2428544.3143],[4001098.6286,2428405.6743],[4000469.6771,2429152.4086],[4000399.2686,2429991.9257],[3999933.56,2429899.8971],[3999872.7657,2430288.0229],[3999699.7914,2431392.3971],[4000093.2486,2434307.42],[4000139.0,2435403.4486],[4000673.3886,2436359.8629],[4000040.1371,2438654.4429],[4001166.3657,2438755.8429],[4001166.6029,2438755.8657],[4001170.52,2438772.8486],[4001169.6143,2438787.6543],[4001170.7571,2438802.1371],[4001175.2686,2438818.0514],[4001178.4371,2438837.3543],[4001181.76,2438855.0914],[4001193.4457,2438874.7257],[4001212.4543,2438885.7429],[4001239.8029,2438891.5371],[4001267.9057,2438914.4371],[4001279.5771,2438926.9571],[4001309.2714,2438941.7571],[4001322.5771,2438953.1114],[4001331.9686,2438969.38],[4001348.4514,2439003.4857],[4001372.78,2439033.6029],[4001382.28,2439043.7571],[4001381.3943,2439049.46],[4001114.5171,2440768.5229],[4001277.7743,2441467.1314],[4001261.7029,2442221.7829],[4001418.6657,2442780.6857],[4001463.8514,2443437.4686],[4001473.0914,2445379.8886],[4001488.1771,2445603.4743],[4003568.1086,2445287.0371],[4004713.7629,2446667.1457],[4004559.7857,2447067.0514],[4004714.0571,2447400.3943],[4005418.9457,2447681.9686],[4005969.6486,2447422.8543],[4006982.9086,2447233.3314],[4007643.7286,2447128.8457],[4008122.7314,2447277.9429],[4009317.8257,2447649.9343],[4009692.4286,2446995.72],[4009693.7857,2446997.9857],[4009905.4143,2446674.0571],[4010795.6771,2448566.5686],[4011392.4257,2449590.1514],[4012670.6343,2450720.0114],[4012687.7771,2450691.2343],[4012724.3257,2450666.8571],[4012746.9743,2450664.36],[4012774.6514,2450682.0371],[4012825.9914,2450717.3086],[4012871.1429,2450748.3314],[4012884.5714,2450757.5571],[4012984.46,2450842.2371],[4013001.9286,2450874.2743],[4013017.0286,2450941.52],[4013036.0,2450971.18],[4013062.6486,2450992.5771],[4013112.3971,2451011.94],[4013148.7514,2451008.3114],[4013241.7571,2450978.0629],[4013347.3486,2450985.5286],[4013350.6286,2450983.7371],[4013376.4486,2450969.6514],[4013419.68,2450908.5686],[4013425.6571,2450904.1171],[4015134.5143,2453843.8171],[4015210.7114,2453974.8971],[4015356.7086,2454226.0486],[4015788.0371,2454968.0457],[4017719.4771,2458310.6543],[4017495.06,2458363.4171],[4017498.6029,2458368.7457],[4015372.7686,2458874.9286],[4014882.3371,2458712.3371],[4012088.4114,2457786.0714],[4011129.44,2457756.1543],[4010023.7714,2458348.6057],[4009650.1486,2458805.3314],[4009239.9571,2458508.9714],[4008407.78,2458138.4914],[4007774.3457,2458416.1886],[4007238.9286,2459045.7286],[4006841.68,2459033.3371],[4006295.1429,2458774.0029],[4005552.4971,2458946.4486],[4004966.6486,2459082.4857],[4004218.3143,2459377.5971],[4003541.9371,2459897.2571],[4003065.5,2462396.1171],[4003479.5429,2463056.5971],[4003807.9057,2462946.46],[4004503.2714,2464465.58],[4003570.9857,2465456.2771],[4002507.7943,2465874.5057],[4001931.9543,2465676.2629],[4001665.8257,2465896.4086],[4002224.6371,2468307.2057],[4001539.8943,2469736.7971],[4001386.5629,2470311.92],[4001684.32,2470611.9743],[4002256.1514,2470811.9714],[4002842.1971,2470750.8686],[4003200.4829,2471086.9343],[4004219.7029,2471511.9486],[4005264.1543,2471711.8914],[4006234.9943,2471653.22],[4007588.4771,2475212.5114],[4007372.6486,2475762.6286],[4007217.6171,2475806.56],[4007029.6371,2476040.9771],[4006983.5886,2476258.9714],[4007001.9629,2476392.6771],[4007057.7,2476611.2543],[4007146.5114,2476788.2429],[4007252.4543,2476958.4],[4007377.4057,2477159.0886],[4007392.3286,2477265.6629],[4007381.2714,2477410.3343],[4007322.2743,2477492.2029],[4007318.7257,2478159.0114],[4006719.0286,2478885.5286],[4006472.9343,2479546.0171],[4006975.2429,2480096.4057],[4009425.5714,2481549.3229],[4009489.0486,2482011.6686],[4009309.1229,2482672.16],[4009482.4257,2483156.5171],[4010358.1457,2483398.62],[4011343.5143,2483486.5771],[4011894.6686,2483746.4486],[4013517.64,2482757.6171],[4015277.8143,2481685.1886],[4017070.2286,2480593.1171],[4018082.76,2479976.2086],[4019783.4629,2478949.1629],[4021280.4457,2478045.1371],[4022359.8914,2477393.2629],[4023447.5914,2476736.4057],[4023923.5886,2476448.9514],[4027132.7714,2474510.9371],[4029371.9229,2473158.72],[4032257.1057,2471421.94],[4034697.9257,2469965.6914],[4035487.7057,2469493.1771],[4036420.62,2468935.0343],[4041463.5343,2465917.9457],[4041674.4114,2465793.6914],[4043590.7943,2464653.0143],[4046435.0086,2462960.0657],[4047595.0257,2462275.7714],[4048888.8029,2461512.5743],[4055398.5143,2457672.4971],[4055467.8657,2457631.5229],[4055582.9,2457563.56],[4055593.1743,2457557.4886],[4057774.3514,2456268.8486],[4059766.3543,2455091.9743],[4060669.5371,2454559.5657],[4061173.2914,2454265.2743],[4061484.3971,2454083.5286],[4063349.6029,2452993.8857],[4064550.2514,2452292.4743],[4064816.4371,2452137.1829],[4065935.5514,2451484.4314],[4066410.7571,2451207.2886],[4067069.8743,2450822.9657],[4067473.5771,2450587.6314],[4069379.9143,2449473.34],[4071485.1914,2448242.7686],[4074909.1686,2446241.3971],[4076078.0886,2445564.3343],[4077518.9286,2444720.6514],[4085985.3714,2439793.8257],[4087992.1714,2438626.02],[4089257.88,2437889.4743],[4092815.3229,2435837.8971],[4093680.04,2435332.24],[4093951.4514,2435173.6886],[4094007.5771,2435140.9143],[4094085.7486,2435095.2629],[4095654.2429,2434181.1486],[4095784.4543,2434105.3057],[4098502.9343,2432529.4086],[4103550.1286,2429603.56],[4103624.1743,2429560.6343],[4103818.9971,2429900.3829],[4104718.7857,2431469.5429],[4104905.5171,2431795.08],[4105553.7429,2432927.42],[4106298.2371,2434227.9229],[4106846.0771,2435184.9029],[4109373.82,2439600.4371],[4109499.7886,2439820.4829],[4109964.0257,2440631.4229],[4113666.7543,2447099.4543],[4113990.1171,2447664.3114],[4114416.9886,2448508.8771],[4115578.5114,2450806.9429],[4116199.9257,2452036.4114],[4116254.88,2452035.9543],[4116473.5886,2452034.1343],[4116655.1086,2452032.6229],[4116838.4629,2452031.1],[4116887.6657,2452030.6914],[4117044.6543,2452418.2743],[4117481.56,2453219.3257],[4119425.22,2456782.9629],[4120799.5229,2459302.7029],[4121922.2971,2461361.2771],[4122585.3457,2462576.9486],[4124151.8743,2465449.1286],[4124156.2086,2465456.7714],[4124197.6,2465529.7486],[4124198.84,2465531.9343],[4125053.6971,2467034.5971],[4127631.5,2471565.8314],[4127765.9343,2471807.9771],[4127905.4257,2472059.2343],[4127926.9457,2472098.3],[4127959.2114,2472027.0429],[4128105.7171,2471703.4886],[4128133.8257,2471269.4457],[4127922.2086,2470853.8029],[4128236.3086,2470401.1486],[4128107.5829,2470059.4257],[4128984.56,2469892.1571],[4129446.12,2469882.2743],[4129981.8143,2469272.4857],[4130482.8343,2469059.3857],[4130591.1257,2469013.3286],[4130892.32,2469065.5457],[4131329.6343,2469141.36],[4132409.9029,2468434.0571],[4133037.9457,2467731.86],[4133144.2971,2467653.0286],[4133233.7829,2466712.44],[4133342.72,2465567.38],[4133398.12,2464985.0486],[4133408.5514,2464793.7571],[4133440.7686,2464202.8143],[4133434.7657,2463259.9486],[4133519.2057,2462533.5857],[4133855.4429,2461136.6914],[4134247.16,2460074.9943],[4134443.0314,2459530.1771],[4134834.8857,2458328.8086],[4135931.78,2456784.8],[4137356.64,2455289.3657],[4137999.16,2454702.2886],[4138252.7829,2454606.0429],[4138515.82,2454506.2229],[4138879.4514,2454571.74],[4139283.7857,2454644.5886],[4139954.1143,2455047.9771],[4141516.1114,2455664.7286],[4142122.3143,2455564.4314],[4142759.2886,2455720.2629],[4142824.4857,2456180.7371],[4142833.6086,2456245.14],[4143037.0543,2456760.7629],[4143231.3943,2457396.1086],[4143785.2686,2457349.2057],[4144634.5514,2457504.7429],[4145225.3571,2457420.8943],[4145954.8143,2456861.6657],[4145998.28,2456507.1314],[4146085.0171,2455799.64],[4145941.8229,2455319.9029],[4145809.3543,2454876.0914],[4145846.9257,2454211.1743],[4146640.9057,2453808.7571],[4147121.0343,2453475.9429],[4147757.9886,2453447.3657],[4148598.0829,2453141.7714],[4149225.8829,2452818.0029],[4149686.24,2452713.1143],[4150509.0543,2452525.6343],[4151469.1829,2452118.3914],[4152164.92,2451567.7257],[4152263.2914,2451489.8686],[4152279.1429,2451486.6771],[4152765.96,2451387.9343],[4152917.7971,2451908.4543],[4152847.8771,2452102.2257],[4152752.1371,2452367.5514],[4152855.0257,2452930.1171],[4153013.5829,2453379.7657],[4153064.8543,2453487.1229],[4153188.7571,2453746.5514],[4153261.5657,2454474.0457],[4153473.0486,2455264.8371],[4153767.5086,2456055.5629],[4153836.2286,2456096.6086],[4154321.1171,2456385.8771],[4154364.1143,2456388.7],[4154550.1514,2456400.8971],[4155132.84,2456438.4771],[4155474.1029,2456879.0657],[4155326.62,2457480.8029],[4155247.16,2457634.5829],[4155004.04,2458105.0057],[4154340.4229,2459022.4],[4154100.9057,2459802.8],[4154801.9714,2459818.2943],[4155337.0114,2459557.5914],[4155918.1629,2459416.7543],[4156883.7943,2459349.3829],[4157043.3714,2459338.3829],[4157448.5171,2459907.8114],[4157915.1314,2460221.2457],[4158001.24,2460279.0857],[4158231.2657,2460830.4086],[4158670.3571,2461194.8429],[4158889.4114,2461376.6514],[4158645.6429,2463481.58],[4158574.5943,2464495.5857],[4158789.9743,2464831.9229],[4158914.5057,2464827.8457],[4159046.8486,2464824.3171],[4159414.2114,2464814.6829],[4160110.8314,2464301.1486],[4160605.4771,2463833.1057],[4160779.26,2463586.9543],[4160956.2371,2463339.0229],[4161264.1943,2462401.6114],[4162073.2686,2461363.2286],[4163303.4971,2459889.4629],[4164044.7829,2459102.4086],[4164937.2686,2458365.78],[4165216.7914,2458047.6457],[4165772.4514,2457836.2543],[4166198.6029,2457320.7029],[4166055.1714,2457062.3457],[4165932.7771,2456841.8886],[4165778.5,2456941.0343],[4165271.1143,2457267.1086],[4164526.3829,2457415.6457],[4164536.78,2457173.7114],[4164553.0714,2456754.0343],[4164554.1943,2456726.2257],[4165031.5314,2455888.4971],[4165015.7114,2455865.4343],[4164890.7029,2455646.8686],[4164432.0971,2454845.0314],[4164400.4257,2454792.5514],[4164228.0229,2454487.8],[4163793.7057,2453492.6657],[4163694.2257,2452812.0914],[4164804.8514,2452354.2943],[4165357.6657,2452120.5857],[4166114.3714,2452054.5829],[4166499.5943,2452020.9829],[4167339.5229,2451300.6486],[4168028.4486,2450462.8657],[4168658.2743,2450119.6257],[4168979.9714,2450131.9714],[4169805.8457,2450163.6686],[4170025.88,2450557.4771],[4170230.1,2451840.4914],[4170784.02,2452062.36],[4171052.4829,2451104.22],[4170933.3543,2450385.5943],[4171579.7314,2449869.94],[4171595.62,2449333.7686],[4171598.8429,2449225.0143],[4171418.8114,2448704.9629],[4171286.2943,2448322.1657],[4171547.4543,2448160.84],[4171711.0114,2448059.8029],[4172163.98,2447092.5086],[4172542.8286,2446466.1029],[4172202.0714,2446208.2886],[4172074.3143,2446023.6257],[4171787.8457,2445609.5486],[4171576.2171,2445208.82],[4171328.2543,2444250.6714],[4171623.8543,2443863.8086],[4172093.4429,2443622.2086],[4172196.2686,2443569.3057],[4172889.34,2442357.9343],[4173627.9086,2442045.1314],[4173859.0971,2441464.7371],[4174708.6057,2440810.9829],[4175170.2457,2440544.0429],[4175966.9971,2440583.1771],[4176222.6114,2440595.7314],[4176533.2286,2440361.5343],[4176979.7714,2440024.8543],[4177432.2057,2440338.9],[4177427.7857,2440505.9171],[4177405.5829,2441344.9943],[4178227.2514,2441728.5286],[4178928.8543,2441544.76],[4179501.1914,2441499.18],[4179663.5171,2441355.7],[4180313.8286,2440780.8829],[4180663.78,2440683.7029],[4181190.8343,2440537.3429],[4181606.5257,2439984.6771],[4182603.5171,2439815.0029],[4183692.8086,2439769.9],[4184468.24,2439835.1657],[4184871.5114,2439643.76],[4185040.4343,2439564.7857],[4185095.7457,2439664.5771],[4185298.9829,2440033.5086],[4186129.9457,2441541.9314],[4186303.8743,2441856.76],[4186952.0029,2443029.9514],[4187124.0429,2443341.3686],[4187175.3914,2443434.5257],[4187184.3886,2443420.3943],[4187496.7714,2443248.7343],[4187745.6971,2443111.9457],[4188030.3086,2442953.36],[4188520.0629,2442685.7743],[4188906.8,2442474.4743],[4189680.9114,2442051.5257],[4192327.8086,2440602.1829],[4193550.14,2439937.1829],[4193634.1743,2439891.0714],[4194225.6486,2439572.4371],[4196985.5057,2438085.6743],[4197607.7686,2437750.4543],[4197731.6857,2437683.6971],[4198459.68,2437281.54],[4198904.6714,2437034.2314],[4199933.3371,2436462.5343],[4200474.9314,2436159.7286],[4202048.0257,2435280.2171],[4202296.1343,2435141.5314],[4202743.1829,2434891.64],[4204267.6086,2434044.7829],[4205544.2914,2433335.5514],[4208240.12,2431837.94],[4208785.9143,2431539.7429],[4209393.4257,2431207.8257],[4210452.5829,2430627.3514],[4212827.8571,2429329.7514],[4214351.6943,2428449.2029],[4214441.4771,2428400.8914],[4215703.1229,2427722.0543],[4216185.6257,2427462.44],[4216581.0514,2427249.6771],[4217322.2514,2426845.5343],[4218293.8143,2426315.7857],[4218788.4971,2426046.06],[4219040.2114,2425906.28],[4220276.7886,2425225.18],[4219634.2971,2423911.5143],[4220994.9971,2423159.0914],[4222645.2857,2422245.8286],[4223316.9314,2421894.5229],[4224840.8886,2421097.4143],[4226385.6057,2420271.8257],[4226398.7029,2420295.7229],[4226473.9229,2420261.4914],[4227784.4114,2419563.1171],[4228413.9657,2420914.6143],[4228463.2086,2421020.6257],[4229112.8143,2422419.1371],[4228412.98,2422783.1229],[4228288.0343,2422849.2543],[4227803.44,2423105.7486],[4227820.64,2423137.6114],[4228457.4,2424317.1257],[4228801.5829,2424952.4],[4229101.7086,2425500.0429],[4230733.5857,2428431.7543],[4231670.2714,2430248.6229],[4233862.18,2434500.22],[4234394.5457,2435549.0571],[4232746.7714,2438861.8629],[4232240.0971,2439361.0657],[4231698.1143,2439518.0286],[4231431.9057,2439763.6686],[4231844.2914,2439881.3857],[4232128.84,2440176.1743],[4232315.4257,2440586.2571],[4232255.9543,2441418.3371],[4231939.0171,2441674.9714],[4231385.7057,2442987.08],[4231178.3571,2443390.0371],[4230656.1086,2443478.1686],[4230399.3686,2443989.2371],[4230359.1971,2444465.9514],[4230297.7429,2445871.5171],[4230340.2457,2446130.8829],[4230531.3143,2447296.7257],[4230461.5914,2447793.0943],[4230121.5429,2447960.8914],[4229426.7657,2448303.7286],[4229426.0514,2448716.5543],[4229238.4629,2449070.3657],[4229336.3714,2449316.0829],[4229158.7114,2449615.8343],[4229226.2486,2450372.6771],[4229016.8114,2450515.4857],[4228852.0371,2450628.6086],[4228802.8829,2451081.9314],[4228516.4914,2451299.4257],[4228563.8371,2451706.7343],[4228565.8971,2451724.5343],[4228646.4114,2452419.9143],[4228794.8714,2453702.1257],[4228795.1686,2453701.5886],[4228795.2343,2453701.8886],[4228803.6743,2453740.4057],[4229039.0429,2454814.7429],[4229780.1029,2455430.9943],[4229909.2229,2455810.8029],[4230662.4514,2456741.1571],[4231521.3429,2457017.5543],[4231589.1029,2457004.8286],[4233343.4514,2456675.4143],[4234033.1629,2456454.8943],[4234593.8571,2456254.5457],[4234908.4686,2456141.5771],[4235342.9486,2455878.6571],[4236094.3743,2455182.9314],[4236818.7657,2456478.6943],[4237378.9971,2457480.82],[4238614.7714,2459832.6571],[4238783.2686,2460147.9971],[4239295.7543,2461107.1114],[4239506.02,2461500.6229],[4239929.9029,2462260.6771],[4240214.1914,2462770.4286],[4240274.4343,2463010.6686],[4240356.3829,2463337.4857],[4240788.5086,2464359.98],[4240930.1343,2464462.1086],[4241132.3971,2464607.9686],[4241437.6,2465061.52],[4242531.5657,2467136.2371],[4244498.7943,2470771.2486],[4245376.1514,2472375.32],[4245571.0971,2472731.7429],[4245742.62,2472619.7343],[4245733.8571,2472636.1543],[4245723.3314,2472668.1114],[4245706.7771,2472718.3771],[4245706.5829,2472720.1829],[4245689.4771,2472879.3457],[4245692.5,2472974.4771],[4245695.5514,2473070.5686],[4245700.26,2473174.56],[4245701.2943,2473197.44],[4245698.7886,2473244.5971],[4245698.6229,2473247.72],[4245694.5229,2473324.8943],[4245691.6429,2473379.0971],[4245672.3143,2473468.1114],[4245618.7229,2473566.2771],[4245473.4971,2473730.8543],[4245467.9914,2473737.0914],[4245311.4829,2473882.1371],[4245099.5886,2474030.9571],[4245076.0457,2474051.1086],[4244853.5657,2474241.54],[4244774.3057,2474313.2229],[4244749.36,2474364.56],[4244676.98,2474513.5029],[4244602.5543,2474712.2057],[4244544.0057,2474989.5829],[4244524.22,2475150.1371],[4244503.56,2475317.8],[4244511.4371,2475566.62],[4244486.5571,2475811.5686],[4244484.9429,2475820.1171],[4244483.3114,2475828.7571],[4244452.5314,2475967.7657],[4244437.0314,2476037.7743],[4244413.0229,2476105.7743],[4244361.9229,2476216.6714],[4244325.94,2476276.3114],[4244312.1429,2476299.1829],[4244187.4486,2476410.2486],[4244103.2514,2476465.0514],[4244087.7943,2476475.1114],[4244031.3771,2476536.0343],[4243883.6543,2476697.0371],[4243804.0629,2476840.36],[4243763.6886,2476913.0629],[4243741.4029,2476975.5429],[4243713.4743,2477053.8343],[4243672.1943,2477129.2771],[4243498.2429,2477335.2343],[4243439.6914,2477379.4114],[4243419.5314,2477394.6229],[4243305.1229,2477460.9657],[4243094.5457,2477511.2429],[4243076.32,2477515.5943],[4242888.9829,2477526.7857],[4242744.9657,2477503.66],[4242715.8514,2477498.5457],[4242686.4429,2477493.3829],[4242526.8429,2477464.1714],[4242376.1171,2477484.2657],[4242269.0743,2477498.54],[4242200.9,2477514.8],[4242087.2314,2477595.5086],[4242048.58,2477665.1114],[4242022.34,2477752.2943],[4242015.9657,2478178.2286],[4242011.7571,2478195.5629],[4241980.7257,2478323.3514],[4241942.9257,2478409.0057],[4241875.1171,2478507.9486],[4241804.5914,2478557.2629],[4241715.6857,2478572.5543],[4241617.42,2478557.9771],[4241546.9057,2478537.5771],[4241546.1857,2478537.0],[4241487.5686,2478490.0886],[4241465.8829,2478457.2143],[4241443.98,2478424.0086],[4241396.38,2478351.8457],[4241348.3,2478278.9543],[4241320.4686,2478171.3743],[4241248.4914,2477893.1629],[4241176.38,2477765.5829],[4241116.9629,2477660.4657],[4241005.8943,2477556.3029],[4240737.6771,2477485.0057],[4240458.1286,2477436.7229],[4240428.1686,2477431.5486],[4240191.1343,2477334.4571],[4240027.3743,2477298.1657],[4239966.1657,2477308.12],[4239948.1771,2477311.0457],[4239878.2514,2477340.7571],[4239874.7371,2477342.2514],[4239874.6457,2477342.2886],[4239868.9057,2477344.7286],[4239860.4,2477351.48],[4239768.88,2477424.1286],[4239733.22,2477452.9229],[4239706.8514,2477484.5629],[4239650.5743,2477552.0914],[4239681.0114,2477577.1],[4239690.9743,2477585.2857],[4239719.2514,2477609.0486],[4239724.4429,2477613.6829],[4239779.94,2477663.2029],[4239798.58,2477679.8371],[4239835.7314,2477735.9829],[4239862.6229,2477785.3314],[4239880.7486,2477818.5943],[4239885.6314,2477827.5543],[4239889.7857,2477835.1771],[4239900.0686,2477854.0486],[4239937.1571,2477922.1229],[4239939.5971,2477926.5971],[4239943.4914,2478021.4343],[4239948.5886,2478145.4257],[4239907.1257,2478357.0686],[4239903.1057,2478377.6],[4239919.8743,2478661.42],[4239915.36,2478699.1057],[4239913.7029,2478712.9829],[4239912.0257,2478727.0029],[4239904.38,2478790.8343],[4239896.6571,2478855.3114],[4239822.2486,2478985.2886],[4239795.4371,2479142.1029],[4239798.1971,2479165.0971],[4239800.9857,2479188.3257],[4239809.6086,2479256.4257],[4239814.7657,2479297.1486],[4239806.1629,2479324.0971],[4239803.2657,2479333.1686],[4239800.34,2479342.3314],[4239797.6457,2479350.7829],[4239794.9257,2479359.3229],[4239761.5714,2479463.7971],[4239764.0886,2479499.8229],[4239774.3514,2479646.7171],[4239793.9914,2479842.0229],[4239794.1343,2479843.4429],[4239754.8086,2480036.32],[4239730.6743,2480112.5886],[4239706.2943,2480189.6286],[4239694.5771,2480270.1],[4239682.74,2480351.3829],[4239657.4429,2480458.6143],[4239655.6743,2480466.1057],[4239610.5857,2480559.3686],[4239476.9457,2480975.7629],[4239474.52,2480983.32],[4239533.8886,2481336.8029],[4239516.7971,2481410.1971],[4239457.9057,2481592.6629],[4239455.4886,2481596.8914],[4239356.8429,2481769.2486],[4239255.4914,2481900.9029],[4239208.1457,2481962.4057],[4239186.0286,2482049.8629],[4239125.8343,2482327.1771],[4239122.3343,2482343.3057],[4239190.6229,2482604.6686],[4239212.2743,2482650.0229],[4239234.1457,2482695.8371],[4239306.4143,2482784.3343],[4239379.4143,2482873.7286],[4239407.3486,2482919.6571],[4239434.58,2482935.8171],[4239463.5657,2482953.0171],[4239516.1314,2482954.2571],[4239806.1171,2482971.68],[4239920.3771,2482900.5171],[4239927.5057,2482896.0771],[4240044.9229,2482822.9457],[4240232.46,2482829.6971],[4240290.2543,2482905.1286],[4240337.5514,2483015.0171],[4240325.6914,2483141.4771],[4240330.5686,2483188.1457],[4240338.4257,2483263.3314],[4240351.6057,2483389.4429],[4240334.4286,2483451.1057],[4240315.84,2483517.8371],[4240256.8771,2483614.0171],[4240218.46,2483645.2714],[4240179.6543,2483676.84],[4240079.3143,2483722.8114],[4240075.5086,2483723.4943],[4239961.94,2483743.8971],[4239726.1057,2483808.2829],[4239650.5971,2483828.9],[4239506.4143,2483916.4057],[4239460.2629,2483936.7629],[4239413.6486,2483957.3257],[4239410.8886,2483958.7],[4239408.1,2483960.0857],[4239304.4257,2484003.3486],[4239179.2429,2484080.0971],[4239097.0114,2484148.3343],[4238995.8143,2484232.3114],[4238900.4229,2484335.7543],[4238812.8886,2484378.7314],[4238753.2714,2484422.26],[4238693.0514,2484466.2314],[4238519.7514,2484674.9143],[4238344.7029,2484885.7057],[4238304.1657,2484947.0257],[4238263.22,2485008.9657],[4238237.96,2485108.2229],[4238237.9457,2485108.28],[4238237.9314,2485108.3371],[4238230.6286,2485211.4171],[4238245.7371,2485248.4114],[4238260.9971,2485285.78],[4238329.2914,2485366.8686],[4238332.7629,2485368.8114],[4238429.7,2485423.1057],[4238585.62,2485489.0857],[4238593.7657,2485495.1886],[4238738.8686,2485603.88],[4238853.2829,2485709.0371],[4238853.5943,2485709.5143],[4238939.7571,2485841.4057],[4239084.6829,2485937.0486],[4239231.0686,2486033.6571],[4239380.5914,2486181.3971],[4239382.0514,2486182.84],[4239569.9514,2486277.2171],[4239706.6771,2486329.0371],[4239722.4629,2486335.0229],[4239852.1771,2486351.9086],[4239946.4029,2486356.2229],[4240054.5629,2486321.1457],[4240062.2429,2486318.6543],[4240248.2771,2486239.7914],[4240267.9857,2486237.6343],[4240287.8943,2486235.46],[4240316.5143,2486235.36],[4240400.1914,2486175.8171],[4240404.3371,2486172.8686],[4240479.0486,2486069.4771],[4240609.6371,2485896.5543],[4240622.96,2485878.9114],[4240760.4457,2485738.14],[4240792.7143,2485714.8057],[4240847.0429,2485713.8714],[4240884.9429,2485713.2171],[4240940.0314,2485728.6114],[4241156.8514,2485773.08],[4241401.1457,2485881.7143],[4241590.06,2486051.0457],[4241815.2429,2486325.1514],[4241902.9829,2486431.9543],[4242030.84,2486503.4686],[4242095.0029,2486565.1429],[4242241.1514,2486784.8829],[4242367.2829,2486898.5429],[4242577.0829,2486968.7543],[4242654.28,2486949.4943],[4242685.0,2486945.2229],[4242748.2286,2486983.3771],[4242875.0543,2487106.5829],[4243008.6486,2487134.02],[4243008.7171,2487134.0343],[4243008.7829,2487134.0486],[4243145.8486,2487087.1],[4243291.82,2486975.4971],[4243375.6,2486933.9371],[4243454.9714,2486897.6571],[4243535.4314,2486809.0],[4243565.7914,2486716.94],[4243650.6543,2486459.5886],[4243644.7943,2486424.0486],[4243633.5543,2486397.2143],[4243595.34,2486367.2143],[4243533.6286,2486318.7629],[4243504.9029,2486299.6343],[4243494.4886,2486260.62],[4243474.9771,2486187.5314],[4243465.3314,2486119.6029],[4243455.5886,2486050.9886],[4243452.6,2486010.74],[4243449.5829,2485970.0857],[4243442.0257,2485891.0343],[4243412.3629,2485866.9143],[4243377.3429,2485838.4429],[4243304.24,2485829.0829],[4243269.1629,2485821.0486],[4243200.0114,2485731.8371],[4243171.12,2485681.64],[4243133.4971,2485616.28],[4243077.4486,2485495.1657],[4243056.3714,2485447.6057],[4243049.08,2485391.7943],[4243044.4057,2485356.0057],[4243059.8171,2485284.3343],[4243062.3343,2485265.2171],[4243064.8771,2485245.9057],[4243085.9686,2485181.6143],[4243088.3771,2485154.7343],[4243096.9057,2485059.5086],[4243156.8343,2484877.5914],[4243158.5971,2484872.2429],[4243282.2743,2484730.8714],[4243397.1314,2484629.12],[4243484.0571,2484591.8029],[4243492.92,2484590.6571],[4243750.3543,2484557.3943],[4243824.86,2484546.6457],[4243829.7571,2484545.94],[4243899.7486,2484558.3914],[4244043.9029,2484629.1543],[4244189.5143,2484700.6286],[4244339.2371,2484725.1057],[4244462.9971,2484796.8457],[4244605.9514,2484805.0943],[4244751.2257,2484813.4743],[4244980.6771,2484773.7657],[4245033.64,2484737.84],[4245114.4971,2484700.3286],[4245196.1714,2484662.4371],[4245234.7829,2484648.0629],[4245273.7857,2484633.5457],[4245370.1457,2484586.3086],[4245383.1371,2484579.94],[4245448.1143,2484512.1086],[4245570.5257,2484363.8429],[4245694.1743,2484214.08],[4245829.7571,2484006.82],[4245914.1114,2483919.1143],[4246002.0657,2483827.6657],[4246081.1629,2483763.3457],[4246193.0857,2483672.3314],[4246212.44,2483653.4829],[4246291.82,2483640.0514],[4246397.56,2483653.3771],[4246506.2,2483655.2429],[4246607.9114,2483656.9886],[4246831.2629,2483677.4657],[4246883.4171,2483671.1829],[4246885.5857,2483672.06],[4246936.9829,2483692.8057],[4247004.3286,2483719.7629],[4247072.3543,2483746.9943],[4247239.8143,2483829.2457],[4247269.1114,2483843.6371],[4247270.8514,2483845.1229],[4247441.0229,2483990.3857],[4247544.14,2484166.1114],[4247624.5914,2484225.8629],[4247658.3,2484250.8971],[4247707.4429,2484287.3914],[4247811.5171,2484434.4543],[4247818.5343,2484457.0571],[4247827.4857,2484567.4771],[4247836.5257,2484679.0114],[4247862.3429,2484856.48],[4247949.9343,2485015.0343],[4247958.4029,2485034.6114],[4247938.2171,2485125.5743],[4247933.4029,2485132.7943],[4247864.38,2485236.3171],[4247696.2371,2485380.1171],[4247636.6229,2485507.3229],[4247590.5629,2485605.6029],[4247465.44,2485829.9086],[4247424.8514,2485909.3429],[4247383.9343,2486083.4314],[4247372.4229,2486100.1257],[4247304.9086,2486198.0286],[4247227.9429,2486309.64],[4247181.6829,2486476.8543],[4247113.0171,2486552.66],[4247044.86,2486614.9829],[4247036.6571,2486622.4829],[4247010.7714,2486654.2486],[4246918.6057,2486767.3629],[4246885.3914,2486807.06],[4246813.8629,2486871.7714],[4246793.6286,2486890.08],[4246733.6714,2486996.82],[4246675.8686,2487162.2314],[4246633.5,2487239.9429],[4246611.7371,2487279.8571],[4246590.14,2487319.4743],[4246447.2886,2487421.9571],[4246409.4914,2487449.2314],[4246391.0571,2487473.4629],[4246259.6714,2487646.1714],[4246200.1629,2487711.1886],[4246163.1857,2487751.5886],[4246157.9143,2487757.3514],[4246081.2571,2487872.9429],[4245855.86,2488063.0571],[4245521.3257,2488376.18],[4245349.5857,2488525.8971],[4245174.5857,2488678.4514],[4245036.0114,2488767.4743],[4244880.0057,2488749.2857],[4244758.4571,2488816.8229],[4244736.0171,2488831.5086],[4244735.7886,2488831.8714],[4244721.04,2488855.1057],[4244670.0743,2488944.0171],[4244618.5943,2489033.8229],[4244490.8314,2489270.9314],[4244458.1971,2489400.2857],[4244456.54,2489406.86],[4244448.5971,2489635.7286],[4244494.1943,2489759.1771],[4244525.8057,2489782.7457],[4244529.6171,2489785.26],[4244533.4657,2489787.7971],[4244602.8571,2489836.7629],[4244620.2971,2489849.0686],[4244681.5257,2489869.1571],[4244730.3829,2489903.8543],[4244750.5743,2489954.6714],[4244698.42,2490091.0514],[4244748.0657,2490168.8657],[4244779.6886,2490190.0229],[4244888.4686,2490262.8029],[4245079.3257,2490445.2543],[4245100.3257,2490462.56],[4245273.8971,2490485.7457],[4245361.0,2490534.1257],[4245450.6171,2490583.9],[4245634.2086,2490669.3457],[4245828.4686,2490757.4286],[4245924.7257,2490767.5286],[4245932.14,2490764.6743],[4246032.78,2490725.96],[4246240.6943,2490677.84],[4246288.4829,2490662.2686],[4246336.7543,2490646.5429],[4246530.8143,2490597.64],[4246629.4971,2490604.8457],[4246731.0543,2490612.26],[4246931.2943,2490608.9371],[4247309.4486,2490655.1143],[4247438.76,2490670.9057],[4247561.0143,2490741.6571],[4247617.0629,2490785.6486],[4247631.6371,2490825.0771],[4247635.0571,2490861.8486],[4247638.5143,2490898.9943],[4247629.9571,2490995.66],[4247633.7857,2491014.8486],[4247656.8371,2491130.3571],[4247684.9914,2491333.5371],[4247686.9514,2491347.6914],[4247745.7629,2491531.4143],[4247784.4886,2491723.1514],[4247836.5171,2491800.7029],[4247841.7486,2491808.4971],[4247923.62,2491837.4143],[4248054.9286,2491849.9629],[4248107.4171,2491886.2229],[4248131.6971,2491907.3429],[4248142.4657,2491930.7429],[4248166.9371,2491983.9029],[4248161.4057,2492092.9886],[4248206.4857,2492199.3029],[4248316.1314,2492305.5286],[4248401.3714,2492336.18],[4248630.5914,2492385.5029],[4248645.6829,2492388.7486],[4248854.0914,2492470.8029],[4248991.4914,2492536.8657],[4249083.5943,2492533.6886],[4249256.6086,2492389.1],[4249401.6,2492377.4171],[4249536.5371,2492501.7714],[4249597.3914,2492684.3343],[4249580.0629,2492928.94],[4249816.6229,2493362.9229],[4250501.0857,2494620.7171],[4250579.3257,2494747.6371],[4250579.0914,2494748.6371],[4251066.7657,2495657.0543],[4251684.86,2496808.4057],[4253230.5343,2499615.0],[4253282.1943,2499708.8],[4253404.2829,2499938.1286],[4254577.2743,2502141.4286],[4254695.0914,2502362.7343],[4254905.9971,2502529.9543],[4253809.7314,2505051.8857],[4255101.9914,2505447.7143],[4255963.0057,2506297.0714],[4255873.2486,2507362.2086],[4255598.3057,2508568.1829],[4255151.8429,2509327.4143],[4254379.3114,2510641.1429],[4252649.9686,2511956.8943],[4251617.2057,2513153.9543],[4251801.3314,2513611.6886],[4250257.8343,2513985.4286],[4249816.7114,2514284.6543],[4249331.6086,2514416.58],[4247364.6714,2515071.9457],[4246385.4657,2515626.3457],[4245926.8057,2515784.6943],[4245255.4171,2516968.6171],[4244363.2971,2518456.2143],[4242316.6771,2519604.6057],[4242305.9086,2520836.9971],[4242582.9457,2523799.1371],[4242493.94,2524388.9229],[4242017.2686,2524947.8457],[4241267.3486,2525467.0914],[4239503.3457,2525915.6057],[4238435.8943,2525276.8171],[4237536.2943,2525346.98],[4237886.3543,2526658.5829],[4238219.8571,2527265.9486],[4238297.8743,2528036.1943],[4238199.7143,2528846.0457],[4237942.3057,2529332.0657],[4238011.9486,2529872.4829],[4238037.5629,2530821.5429],[4237975.3914,2531037.8229],[4237875.5571,2531393.1486],[4238285.08,2532184.7286],[4238557.8571,2532621.5943],[4238288.4343,2533167.4857],[4238060.6743,2533444.0914],[4237883.4714,2533659.2971],[4238292.2457,2534151.1057],[4238583.7571,2534088.1914],[4238781.9829,2534045.4143],[4239012.92,2534033.9171],[4239271.8657,2534019.7571],[4239544.1886,2534128.4514],[4239860.1857,2534415.8286],[4240557.6657,2534317.2486],[4240902.4886,2534484.8086],[4241328.8971,2535410.0743],[4244652.14,2535962.6771],[4245810.2314,2536177.2057],[4247109.2486,2536417.8371],[4247649.2029,2536964.2943],[4247854.9657,2536998.0857],[4249985.8429,2537348.0171],[4249927.8857,2537447.5771],[4249352.3857,2538263.8343],[4249297.4457,2538341.76],[4249537.22,2538535.1543],[4249546.4829,2538542.6257],[4249547.0371,2538542.4457],[4249558.7971,2538539.3543],[4249583.72,2538533.8143],[4249607.7943,2538528.9171],[4249618.26,2538527.7886],[4249644.1029,2538526.1886],[4249657.3314,2538525.8343],[4249677.6686,2538528.3343],[4249699.1629,2538528.9514],[4249706.7171,2538530.4857],[4249735.7743,2538535.1143],[4249745.5514,2538534.3543],[4249770.9486,2538534.0714],[4249777.4429,2538531.7314],[4249792.6286,2538522.4914],[4249811.2029,2538511.56],[4249818.4571,2538504.2],[4249830.8486,2538487.5971],[4249845.4571,2538479.7486],[4249853.0771,2538479.1],[4249881.2057,2538484.0686],[4249901.3057,2538492.3914],[4249921.1086,2538508.5],[4249929.3057,2538517.5057],[4249943.7829,2538536.56],[4249950.7114,2538547.3229],[4249959.0657,2538562.8086],[4249968.2743,2538580.1286],[4249972.9171,2538591.0914],[4249972.6029,2538592.3257],[4249974.98,2538613.4171],[4249973.46,2538625.2743],[4249969.4143,2538636.3829],[4249964.28,2538641.34],[4249951.6943,2538649.1514],[4249941.2686,2538652.58],[4249917.8457,2538650.5286],[4249906.0571,2538651.3343],[4249891.3171,2538659.2571],[4249887.96,2538663.2371],[4249880.7771,2538672.7057],[4249871.6257,2538695.3371],[4249868.4629,2538708.0971],[4249866.6057,2538721.3886],[4249865.0143,2538741.2829],[4249864.6971,2538749.2686],[4249865.5029,2538763.2286],[4249867.2343,2538776.8514],[4249869.3029,2538789.04],[4249874.3714,2538813.0829],[4249883.3,2538833.9429],[4249893.5657,2538855.1371],[4249896.8771,2538865.7571],[4249898.32,2538887.1771],[4249897.8657,2538898.6229],[4249894.9029,2538920.1686],[4249896.7629,2538940.4743],[4249898.2886,2538949.58],[4249909.7543,2538966.9086],[4249917.4057,2538972.8314],[4249928.4771,2538976.8743],[4249952.4371,2538982.0],[4249980.5286,2538984.6771],[4249995.5657,2538985.6371],[4250010.98,2538987.4629],[4250023.32,2538989.7457],[4250047.6143,2538993.44],[4250059.58,2538994.8571],[4250095.1571,2538996.96],[4250111.5314,2538998.26],[4250137.9514,2539002.0314],[4250160.3743,2539002.3114],[4250183.3057,2539003.3857],[4250197.7343,2539003.4486],[4250211.1343,2539005.3229],[4250238.4,2539008.4429],[4250261.6429,2539008.2714],[4250283.6943,2539007.6971],[4250297.2971,2539008.2114],[4250323.3086,2539008.8286],[4250344.2371,2539006.5629],[4250363.4829,2539002.9029],[4250375.7229,2539000.7971],[4250398.0486,2538996.6914],[4250407.76,2538993.8314],[4250425.6771,2538989.84],[4250445.5771,2538983.5114],[4250468.7971,2538976.7914],[4250490.9571,2538970.4686],[4250509.3771,2538967.26],[4250528.1171,2538962.8171],[4250541.2857,2538960.38],[4250565.32,2538957.4657],[4250570.0057,2538956.9257],[4250589.4543,2538954.6743],[4250615.02,2538956.6086],[4250618.9343,2538958.2371],[4250828.4029,2538955.4086],[4251235.1086,2538940.8829],[4252019.4743,2539100.6771],[4253123.3886,2539580.0543],[4252992.5971,2540349.9486],[4253007.0857,2540901.9543],[4254169.1057,2541221.54],[4254750.0514,2542601.5457],[4255155.9943,2543008.6943],[4255164.16,2543025.8629],[4256273.5486,2541960.4],[4257990.4943,2542946.6343],[4256986.5143,2544791.4086],[4257083.3571,2545011.5486],[4259152.5171,2544879.48],[4259478.2829,2545354.9829],[4259460.5943,2546455.68],[4261010.1914,2548467.7657],[4261573.6771,2549273.48],[4261573.5429,2551219.5171],[4261978.1229,2551619.2971],[4262115.78,2551755.3286],[4262134.8371,2551774.16],[4262228.2571,2552131.7829],[4262308.6114,2552429.5971],[4262362.1657,2552632.6514],[4262375.0771,2552828.9486],[4262367.6686,2553018.4771],[4262190.4029,2553248.5143],[4261979.2514,2553437.8771],[4261852.5914,2553535.6914],[4261523.0371,2553606.5286],[4259983.2743,2554763.9943],[4258443.3086,2554314.5229],[4258337.7971,2554534.6029],[4259316.1286,2555626.1371],[4259457.3029,2556057.5],[4259106.4314,2558179.1171],[4260023.28,2559622.8143],[4260076.3257,2559957.3429],[4259091.1029,2561207.3486],[4259031.5943,2561465.8857],[4258887.4229,2562092.22],[4258880.3571,2562122.8971],[4258634.5886,2563346.5686],[4257878.3514,2564825.4971],[4258225.3629,2565229.8286],[4258724.4971,2565811.4086],[4261192.0829,2567906.3486],[4262284.74,2568469.6057],[4262626.9971,2569456.7914],[4262850.1457,2570099.9114],[4265320.6714,2571479.9371],[4265428.6743,2572803.7543],[4264057.1771,2573224.42],[4261613.6086,2574770.1657],[4260770.3657,2575563.5114],[4260418.56,2575695.96],[4260173.4257,2575716.0771],[4260070.8686,2575724.4914],[4259752.16,2575656.3286],[4259733.1971,2575907.4686],[4259578.8057,2576100.58],[4259105.6229,2576312.6571],[4259048.2057,2576718.3429],[4259968.7686,2577306.8629],[4260085.3971,2577654.5714],[4260288.9,2577799.3171],[4260531.1314,2577673.1886],[4260860.6229,2577430.8029],[4261035.3857,2577256.0686],[4261083.5743,2577207.8914],[4261383.8829,2577217.1457],[4261568.9371,2577452.3943],[4261611.7486,2577506.8143],[4261718.4571,2577680.6429],[4261922.5143,2578260.1514],[4261835.9457,2578569.2343],[4261797.0886,2578625.2857],[4261507.94,2579042.3971],[4261208.6857,2579303.0086],[4260614.7743,2579534.2657],[4260373.6057,2579891.5571],[4260297.0057,2580403.4914],[4260578.3886,2580905.6743],[4261005.4029,2581736.2314],[4261069.6343,2582634.5457],[4261031.72,2583146.4857],[4260771.3114,2583571.3943],[4261455.6057,2584981.4343],[4261882.2171,2585493.1629],[4262346.9343,2585503.8343],[4262676.58,2585511.4057],[4263059.4857,2585114.0571],[4263640.8486,2584803.6114],[4264454.7314,2585208.6029],[4264789.4771,2585807.36],[4265225.7686,2586319.0829],[4265672.2714,2587246.2343],[4266161.5457,2587042.3686],[4266644.2171,2587329.4829],[4267354.8914,2588608.42],[4268685.2371,2591014.1057],[4268871.7343,2590755.6429],[4269164.7,2590184.0486],[4269043.6371,2589198.7857],[4269631.2086,2588725.2771],[4270885.3371,2588093.1],[4272666.12,2587778.6486],[4273590.4171,2587615.4343],[4275431.8886,2588869.2857],[4276490.4114,2588709.74],[4277313.6,2588983.2286],[4278136.74,2588666.7629],[4278998.0714,2587759.6114],[4278641.9771,2587168.26],[4278561.9543,2586734.7343],[4279659.6971,2586850.42],[4279697.92,2586495.7229],[4279421.3229,2586180.2257],[4278551.5543,2584997.34],[4278238.5714,2584352.1314],[4278231.2086,2584336.9543],[4277997.0229,2583854.1914],[4277390.2257,2583013.7314],[4277285.3486,2582868.4657],[4277794.5314,2582434.4629],[4278379.4343,2581963.1057],[4278520.0143,2581331.9829],[4278515.7714,2581332.4143],[4279102.9429,2578970.2686],[4278713.2343,2577886.8486],[4279956.88,2576092.7914],[4279602.4543,2575355.6857],[4279673.8429,2574716.3171],[4280224.4029,2574378.6457],[4279870.0971,2573437.3114],[4280217.9457,2572192.7857],[4280297.0114,2571909.9],[4281931.0086,2570666.0857],[4284133.0686,2571374.2371],[4284204.3429,2571826.44],[4284879.3971,2572659.7429],[4285500.9971,2573049.6257],[4285873.9486,2572836.3429],[4287064.3,2571113.3343],[4288946.6657,2570774.72],[4289408.4057,2571005.0457],[4289870.1171,2571057.9371],[4290242.8914,2571476.4971],[4290864.8771,2572174.8743],[4292001.7029,2573353.82],[4293308.4171,2574293.9371],[4293529.1143,2574452.7171],[4293848.9257,2574949.1914],[4294879.0257,2575658.1314],[4295482.8086,2575515.6943],[4295888.9543,2575397.8886],[4296157.6286,2575319.9543],[4297223.3429,2574351.6771],[4297578.5114,2574457.8829],[4297732.3829,2574617.8514],[4297897.0771,2573954.3571],[4298111.8086,2573564.7029],[4298584.1829,2573432.3486],[4299614.8229,2573553.68],[4300645.4629,2573889.3629],[4301203.7286,2574185.3714],[4301890.8371,2574822.6829],[4302213.1771,2575269.9086],[4302535.0143,2575716.4371],[4302964.4657,2576269.58],[4303308.0457,2577036.4029],[4303199.5657,2577826.5257],[4303668.06,2578772.0829],[4304077.1886,2579217.5057],[4305481.6943,2579985.2571],[4305908.4886,2580341.8029],[4305908.9914,2580662.1743],[4305697.9229,2581854.72],[4305752.6143,2582780.2429],[4306358.5714,2584302.34],[4307017.1229,2585335.2029],[4307941.6343,2585870.7],[4309150.4371,2586318.1057],[4309666.1629,2586763.7486],[4309969.8371,2587991.9457],[4310080.0429,2590368.0371],[4310401.34,2591507.2629],[4310704.12,2592130.4086],[4311824.9657,2593519.8286],[4311241.3857,2594703.82],[4311118.4543,2595522.5743],[4311120.1257,2596590.4771],[4311246.8971,2598210.1429],[4311870.8829,2599919.1057],[4311841.7286,2600368.3171],[4311818.9,2600720.04],[4311503.8429,2603505.5429],[4311358.9886,2603827.6771],[4311079.5429,2604449.1229],[4310442.3914,2605357.4286],[4309999.9429,2605998.5743],[4308706.5886,2605523.42],[4307377.6686,2605598.2771],[4305889.4286,2606161.9257],[4305039.1029,2606626.1571],[4304029.2057,2606966.4429],[4303703.8229,2607058.4886],[4302822.3,2607306.6086],[4301366.0257,2607309.7743],[4300566.8457,2607435.7571],[4298364.6629,2607751.1657],[4296570.8914,2608358.6714],[4295504.4371,2610422.3543],[4295502.2343,2613543.7057],[4294311.6057,2615447.4943],[4293316.6943,2616622.1314],[4293209.9257,2617013.44],[4293227.2829,2617564.7914],[4294113.1829,2619406.0314],[4294466.96,2621006.8086],[4294980.84,2621985.2857],[4295192.8514,2622894.7086],[4295248.1029,2623120.7429],[4295206.4514,2624684.2429],[4295006.8657,2625331.1857],[4295036.5343,2626112.4943],[4295037.9114,2626828.4714],[4295245.52,2627373.6286],[4295693.9914,2627712.5143],[4296833.0343,2629038.3057],[4297557.8914,2629888.2029],[4298076.8543,2631216.98],[4298202.8514,2631834.9657],[4299590.4514,2632322.48],[4299856.3571,2632534.5943],[4300003.3314,2632885.5314],[4300175.0857,2633295.6457],[4300012.6857,2636375.8914],[4300453.7429,2639358.7],[4300465.7286,2639446.0914],[4300796.9857,2641821.5457],[4301656.7829,2644812.2971],[4300844.3286,2646098.9743],[4302339.72,2647138.9257],[4303407.7743,2647820.7086],[4305151.7771,2648523.8257],[4306504.1143,2648869.18],[4309226.3743,2649035.9943],[4311224.3571,2649194.4057],[4311647.84,2649227.9829],[4312171.22,2649509.5857],[4312903.3029,2649931.6],[4313088.0657,2650070.5114],[4313624.2857,2650416.9486],[4314101.0143,2650465.0057],[4314982.3086,2651694.94],[4315546.1343,2652111.1686],[4316284.7571,2652322.9629],[4316375.4171,2652348.96],[4317086.6029,2652349.5543],[4317738.52,2652409.3943],[4317839.8257,2652325.0257],[4318094.0543,2652113.3029],[4318864.3571,2651402.62],[4319279.1657,2651699.5257],[4319515.78,2652767.7771],[4319100.9371,2653449.2857],[4319192.9029,2653563.1429],[4318950.6914,2653695.9829],[4318682.9429,2654131.6943],[4317787.2429,2655256.8971],[4317663.9714,2656323.1657],[4317778.1429,2657330.1914],[4318247.8914,2658277.88],[4318778.4486,2658751.54],[4318953.8886,2659284.6486],[4319010.8429,2659817.7829],[4318651.1314,2660647.0314],[4318114.52,2661061.4343],[4317518.54,2661416.5257],[4317278.3314,2662068.0943],[4317329.6171,2663904.4514],[4317502.7914,2664970.7086],[4317675.7114,2666096.2029],[4317669.5114,2667517.9029],[4317901.9314,2668584.1514],[4318193.8371,2669591.14],[4318129.6257,2670716.6514],[4317945.2314,2672197.5771],[4318179.8743,2672730.6629],[4318474.3371,2673085.9771],[4318945.96,2673500.4257],[4319595.2771,2673677.6429],[4319823.2114,2673677.4143],[4320245.5086,2673676.5857],[4320777.8686,2673616.24],[4321369.2171,2673318.46],[4321724.1286,2673317.7629],[4322966.3029,2673433.9086],[4323675.6943,2673965.8371],[4324502.6629,2674971.3229],[4325388.8314,2675976.7343],[4326274.5486,2677218.9629],[4326865.8257,2677573.3914],[4327634.7171,2677808.9971],[4328285.2286,2677511.1143],[4328757.86,2676976.0486],[4328915.7857,2676794.4257],[4328942.7,2676766.0886],[4329171.3857,2676503.3286],[4329107.5029,2675496.4743],[4329401.2143,2674963.5257],[4329482.2,2674742.24],[4329595.1829,2674437.88],[4329993.0029,2673366.2286]]]}},{"type":"Feature","properties":{"CARUID":"5906","CARENAME":"North Coast","LANDAREA":124017.5527},"geometry":{"type":"Polygon","coordinates":[[[4225567.2086,3090162.0771],[4178712.8629,3023691.78],[4178700.7114,3023673.4571],[4174085.3971,3016718.1771],[4170947.7114,3011989.6857],[4163724.86,3001044.6686],[4163497.0286,3000699.4257],[4163077.68,3000063.98],[4156524.2429,2990133.3486],[4148783.5286,2978403.6029],[4146171.3686,2974445.3114],[4139842.5286,2964855.0171],[4139517.4314,2964362.3886],[4133835.8457,2955752.9029],[4128748.8057,2948044.3514],[4128724.7086,2945395.5743],[4129929.9429,2944938.2686],[4130443.8429,2944757.3857],[4131268.76,2944198.8143],[4131452.4,2943840.0714],[4131758.4829,2943242.1457],[4131781.2743,2943047.4371],[4131828.2114,2942646.4914],[4131899.0857,2942041.0486],[4131904.6057,2941951.0943],[4131955.6571,2941119.2743],[4131988.12,2941046.6286],[4132417.4857,2940085.7886],[4133158.5457,2939499.2714],[4133396.6029,2938766.0486],[4133132.78,2936685.08],[4133245.7486,2935078.9571],[4133791.6429,2933717.2657],[4134113.5457,2932963.1],[4133178.8657,2931622.3886],[4133061.9886,2930928.7171],[4133025.9057,2930714.5857],[4133135.2571,2930563.8629],[4133669.3029,2929827.7629],[4134676.0914,2928906.0714],[4135081.9543,2927970.3486],[4134817.5514,2926671.4886],[4134120.4514,2924744.3429],[4134037.0314,2924513.7257],[4133796.1829,2923294.0314],[4133795.0371,2923288.2086],[4133731.0286,2922963.44],[4133661.8829,2922334.8914],[4133676.7543,2921517.78],[4133735.4029,2921059.1514],[4133803.5771,2920526.0686],[4134140.0114,2919506.4286],[4133945.0029,2919045.4971],[4133928.9429,2919035.1229],[4133512.5371,2918766.16],[4132522.3571,2917697.6571],[4131671.9714,2916398.6771],[4131279.8429,2915404.6686],[4131645.0286,2914313.0171],[4130782.9771,2913904.2514],[4128468.8771,2913268.4686],[4127289.2657,2912632.6057],[4126971.6257,2911995.8143],[4129126.6371,2911168.1286],[4130217.5857,2910553.5943],[4130651.8571,2909519.9886],[4131270.6486,2905797.5886],[4131412.6914,2904552.8486],[4132072.6086,2902798.7314],[4132773.26,2899931.8943],[4132894.1029,2899437.4429],[4132895.2057,2898438.14],[4134215.2371,2896416.8486],[4134400.3571,2893328.0914],[4135720.9771,2890693.5857],[4136285.38,2889663.9914],[4138374.7829,2888009.8286],[4138442.2714,2887875.1914],[4138710.8629,2887339.3829],[4139228.5857,2886738.7857],[4140417.2657,2886529.3486],[4140990.84,2886012.56],[4141159.4771,2885111.6429],[4141677.7943,2883882.4886],[4142097.5829,2883379.6629],[4142587.46,2882653.3514],[4143412.6543,2883100.4286],[4143562.6457,2883007.3257],[4143929.9143,2882779.1857],[4143791.3629,2880523.3543],[4143428.9371,2879042.7457],[4142745.1457,2877869.4457],[4141726.1086,2876954.5686],[4139692.24,2875456.4629],[4139450.6114,2875278.48],[4139059.9771,2874370.5657],[4138990.4543,2873742.0086],[4139259.0829,2873476.1714],[4140577.2571,2872171.7086],[4141171.1343,2871584.0057],[4142079.5971,2871234.8429],[4142736.4829,2871458.3857],[4143603.1371,2872240.7143],[4143938.8257,2873036.9886],[4144288.2543,2873260.5171],[4144541.8943,2873210.4171],[4144889.2229,2873141.8171],[4145671.9971,2872457.4086],[4145994.04,2870990.7714],[4145966.16,2870712.3514],[4145882.8486,2869880.3114],[4146093.1543,2868357.8029],[4146386.8657,2867687.3429],[4146317.4029,2866933.0714],[4146387.7286,2865976.2629],[4146415.4,2865793.5857],[4146490.6829,2865296.5257],[4146499.8571,2865235.96],[4146555.9771,2864747.08],[4146919.3914,2864495.6686],[4147356.6171,2864456.6743],[4148093.3686,2864390.9743],[4149015.7743,2864363.0886],[4149407.1057,2864251.3657],[4150189.9171,2863469.1743],[4150483.6629,2862728.8743],[4150386.1686,2862163.1714],[4149660.8371,2860207.66],[4149661.28,2859327.6743],[4149857.3371,2858370.8686],[4150281.1343,2856592.4114],[4150333.3086,2856373.4486],[4150697.0286,2855381.7257],[4150292.5114,2854306.1914],[4149398.9657,2854110.6857],[4149222.7286,2854180.7486],[4148379.7914,2854515.8486],[4146425.24,2855437.9229],[4144205.3743,2856199.3686],[4142865.0486,2856422.9486],[4141859.8314,2856045.8571],[4140794.7771,2855519.4457],[4140687.1057,2855466.2286],[4140212.5514,2854865.6143],[4140073.1057,2854521.9286],[4139849.8457,2853971.6686],[4139793.3543,2853681.9457],[4139306.4886,2851185.0543],[4138999.7314,2850123.4886],[4138483.4057,2849215.5771],[4137743.5171,2848684.8171],[4137150.7914,2848410.4571],[4136808.8771,2848252.68],[4135359.7514,2848262.9686],[4135256.24,2848282.58],[4134314.7514,2848460.9543],[4133646.1057,2848783.9257],[4131834.7,2848857.9029],[4130984.84,2849132.3257],[4130400.0143,2849594.9943],[4129453.7743,2850701.8429],[4128883.56,2851528.2829],[4128355.7457,2852606.6143],[4128326.0257,2852667.3286],[4128352.6771,2853065.94],[4128386.0971,2853565.6743],[4128572.0457,2855301.7686],[4128475.82,2855917.8114],[4126692.32,2856159.38],[4124477.0857,2855480.1914],[4123613.1857,2855531.0543],[4122512.6229,2855980.7629],[4121286.4486,2856081.3457],[4119962.8686,2855693.3629],[4119141.3971,2855004.3486],[4118850.6029,2854028.8514],[4118833.1657,2853783.8571],[4118783.1429,2853081.1343],[4119219.5171,2851819.9914],[4120257.9314,2850245.8],[4120299.9486,2850202.5114],[4122515.0171,2847920.3657],[4124379.9429,2845796.5429],[4125040.1171,2844500.7486],[4124988.4371,2842828.3],[4124545.3514,2841330.2086],[4123821.1057,2840885.1457],[4122943.2714,2840831.2714],[4122232.8143,2841154.3343],[4122005.6,2841309.3457],[4121369.3629,2841743.4],[4120366.5086,2842325.7486],[4118792.2171,2842888.3057],[4117538.2571,2843198.5629],[4116576.8286,2843102.9829],[4115268.1714,2841926.6286],[4114320.98,2841426.1914],[4113457.1314,2841232.6457],[4110990.8343,2841147.4743],[4110882.4086,2841116.9257],[4110455.5857,2840996.6886],[4110154.88,2840911.9829],[4109936.7429,2840678.1314],[4109765.1886,2840494.22],[4109334.3914,2839713.9971],[4108683.2429,2837665.4771],[4108321.3914,2837275.56],[4106259.8857,2836156.4171],[4105550.12,2835376.5657],[4105175.8114,2834303.5571],[4103369.1371,2831078.1971],[4103105.5314,2830409.3343],[4103002.1429,2829986.9114],[4102997.4914,2829967.9029],[4103002.5457,2829971.8],[4103028.0143,2828943.9914],[4102386.34,2828255.2629],[4100155.4371,2827920.8229],[4099115.8829,2828005.1657],[4098737.2857,2828386.3286],[4098750.5943,2828385.3743],[4097980.8371,2828933.7514],[4096610.06,2831559.9229],[4095640.6857,2832464.7971],[4094277.9257,2833055.0086],[4092146.4629,2834292.4886],[4090997.6971,2834569.1143],[4090161.9314,2834343.8086],[4089664.4457,2834209.7],[4088629.3571,2834025.66],[4088345.4343,2833899.2171],[4088346.2257,2833894.5857],[4088466.8714,2833303.7829],[4088501.5657,2832888.3457],[4088573.8943,2832699.2171],[4088764.3657,2832201.1771],[4090081.5486,2828756.9571],[4091185.44,2826340.4143],[4091448.5143,2825589.26],[4091731.8029,2824430.4514],[4091754.7029,2823471.2486],[4091790.7143,2821962.7771],[4091656.4457,2821290.0771],[4090557.9429,2821992.6057],[4087816.0457,2823746.1343],[4083871.2486,2821694.5543],[4081997.3829,2819970.8857],[4082606.7086,2817494.7314],[4083616.5514,2816121.2314],[4085253.2457,2813895.1371],[4086585.34,2813026.14],[4088122.52,2812023.3543],[4092273.08,2812185.2714],[4094690.0771,2810162.2514],[4095226.02,2807010.6514],[4093204.3914,2804160.88],[4092905.9286,2803335.5771],[4094116.1371,2801535.5971],[4093820.8314,2799584.5943],[4091495.1057,2798914.0543],[4089994.4657,2798918.2057],[4089095.3086,2797943.6457],[4087520.2171,2797120.8286],[4085944.8571,2796523.5029],[4084144.6943,2795626.0886],[4084148.1543,2794425.4371],[4084098.2657,2793930.7286],[4083928.7114,2792249.2771],[4084772.6171,2790257.6943],[4084899.2114,2789926.1114],[4086623.42,2788818.2571],[4087895.78,2787183.7571],[4089048.08,2787798.94],[4090623.2371,2789098.6686],[4090796.6,2789528.2514],[4091237.12,2790619.8114],[4091740.5657,2790926.7543],[4092181.24,2790754.16],[4092386.3714,2789249.2343],[4092720.36,2788844.3],[4093049.9543,2788444.6971],[4093229.6743,2788008.84],[4093236.72,2787882.3943],[4093268.58,2787310.8286],[4093299.9543,2787268.3371],[4093702.28,2786723.4143],[4093830.76,2786694.8914],[4093989.0029,2786659.7629],[4095128.1571,2786401.9029],[4095433.6257,2786332.76],[4095434.6657,2786314.7914],[4095448.3371,2785705.7371],[4095191.8029,2785032.0743],[4095048.0057,2784621.1229],[4094373.9743,2783724.7657],[4094476.5143,2782401.4743],[4094468.8743,2782385.8886],[4093827.9543,2780596.3457],[4093855.3,2779109.4943],[4094435.1229,2778438.2886],[4095165.7714,2778167.3714],[4095738.6571,2778473.1857],[4096460.2486,2778889.1971],[4098016.1314,2780154.48],[4098848.2886,2780014.3143],[4099735.9114,2779067.3914],[4100056.2571,2778327.7886],[4100092.5314,2778244.0314],[4100397.1457,2777773.7914],[4100700.9771,2777331.6857],[4101377.8571,2777251.9857],[4101592.4714,2777003.5486],[4102095.3514,2776421.4114],[4102875.9,2775896.3657],[4103076.4429,2775840.2943],[4103567.2857,2775703.0571],[4103682.6229,2775636.5457],[4104052.7343,2774767.4057],[4104960.5286,2774182.7486],[4105693.7429,2774135.1114],[4106264.5429,2773836.74],[4106571.3886,2773676.3429],[4108141.5429,2772931.2],[4108499.6629,2771203.52],[4108499.5943,2771175.7857],[4108377.9571,2771145.1371],[4108387.0686,2771116.32],[4108399.6486,2771077.74],[4108407.4343,2771055.9114],[4108407.9429,2771041.6457],[4108409.6486,2770993.6914],[4108420.4543,2770919.9829],[4108421.6286,2770911.9686],[4108424.8514,2770889.9886],[4108440.2057,2770785.2371],[4108457.9171,2770736.9514],[4108501.3714,2770665.7943],[4108521.5571,2770649.8114],[4108600.26,2770587.4857],[4108747.2714,2770207.3171],[4109227.6571,2768973.2114],[4108929.0714,2767676.1429],[4108311.2857,2766660.1514],[4108234.0343,2766533.1029],[4107472.9086,2765434.1229],[4107235.38,2764829.8657],[4107085.4457,2764270.7057],[4107177.0857,2763801.1514],[4107553.6257,2762068.1543],[4107808.5,2760733.3971],[4108172.7114,2758826.0229],[4108203.1429,2757685.9629],[4107951.9457,2755919.7086],[4108008.6886,2754198.4457],[4108059.5057,2753281.9143],[4108188.8714,2752175.2971],[4109149.8171,2750584.2714],[4109345.7029,2750309.68],[4109601.1371,2749951.62],[4109678.8057,2750071.6],[4110970.0457,2749127.1886],[4111431.5,2748537.12],[4111347.2,2747982.2514],[4111000.3543,2747846.3857],[4110876.6257,2747797.92],[4110825.26,2747665.2114],[4110605.1829,2747340.9429],[4110481.2286,2746888.1514],[4110008.1429,2746464.7371],[4109757.5629,2745946.6743],[4109794.9,2745203.2286],[4109702.7457,2744750.5514],[4109896.64,2744454.3257],[4110445.3686,2743616.0057],[4111120.46,2743126.0886],[4111953.2743,2743143.4371],[4112019.0571,2743144.8057],[4112373.3314,2743519.4286],[4113176.7629,2744015.1829],[4114044.1886,2743522.8829],[4114526.2971,2743195.8829],[4115137.7629,2742610.2314],[4115747.6229,2742473.7086],[4116147.7543,2742481.1],[4116395.3543,2742485.6714],[4116433.2771,2742442.5686],[4116514.2943,2742384.8257],[4116603.9343,2742422.2971],[4116689.0971,2742490.0629],[4116710.9257,2742490.4629],[4116904.8314,2742166.4514],[4117386.94,2741839.4543],[4117837.2943,2741448.5543],[4118229.2,2741018.6686],[4118107.6714,2740262.6514],[4117912.4171,2739672.22],[4118150.9286,2739176.56],[4118374.4543,2738712.0457],[4118289.2257,2737956.1057],[4118330.7286,2737255.5429],[4118305.3914,2736602.8514],[4118284.9229,2736075.6457],[4118743.9286,2735611.9857],[4119154.1286,2735664.0943],[4119256.4771,2735677.0943],[4119806.2057,2735359.0171],[4120393.0171,2734912.2829],[4120394.4114,2734723.2429],[4120481.2914,2734657.4057],[4121797.6771,2732818.2143],[4122088.7057,2732258.3314],[4122217.4143,2731241.12],[4122353.2857,2730500.3543],[4122508.7629,2729449.0657],[4122597.04,2727877.24],[4122866.2943,2725913.7143],[4123169.3057,2724240.3886],[4123661.4971,2722943.4857],[4123993.1657,2722579.2743],[4124050.1371,2722506.2914],[4124012.8743,2722434.4143],[4123839.6457,2721893.2343],[4123285.5743,2721312.4171],[4123737.2771,2720063.7914],[4124321.6114,2719985.9257],[4124946.4543,2720457.3286],[4125113.2543,2720543.5257],[4126152.86,2719465.1314],[4126687.1971,2719190.1343],[4127111.8714,2718971.5771],[4127774.7971,2717944.2229],[4128426.5114,2717541.0543],[4129282.3857,2717499.4743],[4129467.7686,2717489.3943],[4130124.0686,2717492.4257],[4130452.04,2717288.5],[4130759.2514,2716961.4371],[4130682.12,2716546.1771],[4131155.7657,2715841.5943],[4131297.2486,2715651.6143],[4131906.0771,2715684.0114],[4132048.3971,2715717.0629],[4132101.82,2715674.9286],[4132156.9914,2715624.9171],[4132181.9714,2715564.7886],[4132201.7457,2715444.5],[4132045.7486,2714918.8457],[4131904.5286,2714810.2486],[4131859.9029,2714775.9286],[4131653.3971,2714612.5714],[4131611.7457,2714448.7829],[4131693.5829,2714326.0429],[4131919.06,2714183.2771],[4132021.4771,2714081.0914],[4132061.6229,2713753.48],[4132614.7686,2713242.6857],[4133126.0771,2712403.8143],[4131681.7029,2712163.6914],[4131227.3771,2711796.1],[4130937.8743,2711386.9886],[4130834.62,2711305.3114],[4130626.7171,2710609.2457],[4130270.14,2710118.86],[4130142.0943,2709940.1486],[4129782.7457,2709438.6171],[4129310.8657,2708758.9086],[4129453.8543,2708179.8171],[4129448.9857,2708171.1629],[4129415.16,2708111.0314],[4129143.4114,2707656.22],[4129052.8657,2707474.3029],[4128418.1743,2708018.5429],[4128403.1343,2708040.68],[4128385.7771,2708038.5257],[4128285.9429,2708026.14],[4127809.9571,2708058.1457],[4127382.1914,2708086.9114],[4126745.4657,2708168.5229],[4125920.88,2708467.9457],[4125841.8,2708496.66],[4125451.5429,2708496.2543],[4124846.5743,2708650.6057],[4123682.5229,2708949.6257],[4123291.1629,2708353.9257],[4123537.1657,2707182.8257],[4123865.5943,2706237.7686],[4124310.82,2705821.9171],[4124810.9486,2705354.7829],[4126403.7114,2704744.9857],[4126475.2543,2704726.74],[4126475.8971,2704717.3543],[4126649.6743,2702174.4057],[4126649.74,2702171.58],[4126677.9771,2700927.3857],[4126670.0514,2700924.4057],[4126634.9829,2700879.8486],[4126017.1,2700261.1314],[4126017.3229,2698982.8629],[4126726.3571,2698877.2771],[4127129.9771,2698817.1771],[4128036.5857,2698692.8514],[4129108.0943,2697744.08],[4129383.3971,2697210.4086],[4129763.7971,2696463.0514],[4129758.7857,2695304.86],[4130290.1486,2694476.9543],[4130288.36,2694063.3143],[4129871.6857,2693070.2486],[4129742.7171,2692932.2057],[4128710.6857,2691827.54],[4128419.4686,2691248.1771],[4128001.2771,2689882.92],[4128118.9543,2689033.5229],[4128129.8486,2688943.8429],[4128613.5143,2684961.6714],[4128916.4714,2684391.3],[4129785.74,2683906.9029],[4130146.5143,2683795.1143],[4130784.3514,2683605.9771],[4129940.9543,2682534.0629],[4129901.4057,2682483.8029],[4129282.2171,2681490.2457],[4128539.34,2681456.2057],[4127085.1286,2681389.5771],[4126910.6286,2681380.5771],[4126520.6343,2681338.6371],[4125870.7057,2681210.5343],[4125307.4686,2681082.0543],[4124787.5057,2680997.0286],[4124138.5229,2680563.6886],[4123532.2543,2680304.5343],[4123300.1486,2680383.6371],[4123012.46,2680481.68],[4122615.9429,2680699.12],[4122449.7143,2680790.2743],[4122104.4257,2681185.7057],[4121329.0857,2682327.4486],[4120724.16,2682898.9571],[4120220.3257,2683175.2429],[4120184.9486,2683231.2857],[4120025.48,2683331.3743],[4119843.8914,2683494.58],[4119383.9457,2683907.96],[4118777.4257,2684301.9571],[4118301.4114,2684739.5343],[4118148.4257,2684946.1857],[4117912.7943,2685264.4857],[4117349.14,2685483.6171],[4116135.3686,2684917.4029],[4114530.58,2685268.8343],[4113795.6771,2684440.2571],[4113747.74,2684198.5857],[4113629.6229,2683603.1114],[4113458.1914,2682738.8371],[4112070.7829,2683192.7429],[4111408.5686,2682784.0257],[4111359.64,2682769.4371],[4111333.3457,2682785.1971],[4110801.62,2683132.6714],[4109342.48,2682822.3171],[4108148.1914,2682425.32],[4108148.3629,2682424.3829],[4108053.8457,2681582.0086],[4108053.7743,2681581.3571],[4104683.32,2683670.8857],[4100736.6743,2686148.5771],[4100525.8571,2686272.98],[4100125.1486,2686521.0457],[4099384.8343,2686983.9343],[4097079.0286,2688393.4],[4096607.1257,2688685.0286],[4095624.9457,2689282.24],[4095575.5743,2689312.2543],[4095313.3829,2689471.8857],[4095091.4686,2689610.5029],[4091888.7657,2691599.4714],[4092197.6171,2692263.58],[4090892.9371,2693191.5257],[4090654.6829,2693360.9829],[4090471.66,2693106.5714],[4090164.4343,2692679.5],[4088557.46,2693686.2771],[4087678.3343,2694334.7771],[4086832.1457,2694732.6057],[4086806.2914,2694749.42],[4086731.6457,2694797.9657],[4086706.7486,2694809.5657],[4086665.5143,2694828.7743],[4086643.4514,2694842.7343],[4086521.6429,2694919.0029],[4086440.0943,2694967.4857],[4086341.8286,2695030.0143],[4086010.2114,2694437.0571],[4085700.4971,2694631.0314],[4085472.6086,2694773.76],[4084753.4286,2695224.1829],[4085125.96,2695817.8029],[4081272.6743,2698269.7714],[4078093.1429,2700225.8743],[4071653.3629,2704222.4886],[4065453.12,2708074.5714],[4062017.4886,2710252.7886],[4061541.7571,2709498.6714],[4061078.9914,2708765.1057],[4059672.4857,2706535.5514],[4059063.6171,2705570.3857],[4058451.4314,2704599.9657],[4057816.1514,2703592.9343],[4055675.9629,2700200.3629],[4053850.2686,2697306.3229],[4053128.3857,2696162.0114],[4051540.7914,2693645.3971],[4051255.4429,2693193.0686],[4049637.4229,2690596.3429],[4049561.1457,2690475.4229],[4047507.9114,2687220.64],[4046184.2371,2685122.3543],[4045175.3486,2683522.5457],[4043055.3543,2680160.8429],[4040624.2029,2676336.6114],[4040677.5829,2676128.5086],[4040476.9571,2675755.5914],[4040133.3371,2675549.1057],[4039652.2686,2674929.9771],[4039581.3543,2674890.0257],[4038551.1743,2674310.26],[4038446.9257,2673415.9886],[4039098.7943,2673002.9],[4040162.62,2673001.8657],[4040882.0,2671453.9457],[4041567.8057,2670593.84],[4042802.9171,2669802.1029],[4043419.4714,2668426.18],[4043487.0343,2667531.9114],[4043003.9143,2667191.4971],[4041972.7371,2666464.9086],[4041765.5143,2665673.8057],[4040973.9286,2665088.7057],[4040457.6229,2665534.7429],[4039597.4571,2665705.6971],[4039390.7686,2666048.9229],[4037360.8143,2666150.0343],[4036775.6943,2665668.24],[4035915.5314,2665529.9486],[4035123.92,2664910.4686],[4034916.78,2664188.1486],[4035087.7971,2663603.4114],[4034384.8857,2663183.9686],[4034107.0229,2663018.16],[4034079.9143,2662684.3943],[4034066.0057,2662510.3143],[4034052.26,2662341.6057],[4034037.2857,2662157.8286],[4033623.9657,2661642.3257],[4033038.9143,2661470.4371],[4032570.5343,2660970.7543],[4032040.26,2660405.0457],[4031874.1571,2658377.9629],[4031796.2971,2657415.6514],[4032964.04,2656866.2886],[4033957.4543,2657157.1343],[4035196.5486,2657519.9086],[4036433.0114,2657142.3543],[4038270.1686,2655047.2114],[4038991.4543,2654978.7257],[4038922.22,2653776.4686],[4039231.0857,2652917.7257],[4040089.6971,2652402.6314],[4041566.6057,2652162.5886],[4041841.3829,2652162.6771],[4041978.6571,2651784.8343],[4042940.2029,2650823.1543],[4043128.7743,2649861.3543],[4043197.22,2649208.7029],[4042956.5657,2649036.9886],[4042337.7971,2648968.4686],[4041684.6029,2648556.3829],[4041684.3857,2648041.1257],[4040206.14,2647285.7171],[4039724.7143,2646564.4086],[4039977.86,2646260.56],[4040068.1029,2646152.2457],[4039861.7514,2645774.4114],[4040205.1257,2645327.8943],[4040514.0743,2644675.2629],[4040479.5229,2644228.7086],[4040049.8114,2644057.0514],[4039499.7743,2644297.7771],[4039087.22,2643988.6914],[4038812.1057,2643542.1629],[4038262.0829,2643404.9029],[4037849.5514,2643611.22],[4037161.9914,2643233.5],[4036817.9714,2642340.4143],[4036130.3314,2641653.5],[4035288.0743,2641207.1114],[4033912.9914,2640657.8086],[4033294.1371,2640108.2943],[4033053.4429,2639799.1714],[4032194.0343,2639627.6457],[4032090.7286,2640143.24],[4029993.7714,2640624.9971],[4029478.0543,2640144.1686],[4029426.3343,2639731.9657],[4028979.4171,2639457.2457],[4028463.7743,2639526.1371],[4027913.5943,2638770.4886],[4027672.8771,2639148.6086],[4027088.4686,2638942.6429],[4026366.48,2638324.4429],[4025644.5029,2637774.9571],[4025472.4686,2637259.7114],[4025671.4,2636343.1086],[4025815.4,2635679.6114],[4025368.4771,2635404.8914],[4025059.0314,2635061.4257],[4024302.7,2634580.6571],[4023168.2657,2634203.0714],[4022858.8714,2634340.6286],[4021776.0257,2634444.0629],[4020779.0343,2633757.2286],[4020022.7486,2633998.0171],[4019541.4457,2634307.4543],[4019541.1829,2634926.1629],[4019266.0714,2635373.0314],[4018234.7743,2635064.1257],[4017615.7943,2634136.7314],[4016721.9543,2633587.2886],[4016464.4057,2633306.6257],[4016154.6371,2632969.0543],[4016084.7114,2632759.6343],[4015982.6,2632453.8114],[4016257.0257,2631388.9629],[4016222.3029,2630530.2086],[4016145.8229,2630434.7143],[4015809.6857,2630015.0029],[4016083.9829,2628641.0],[4015568.3,2628297.5857],[4015533.7943,2627954.0857],[4015808.4743,2627541.9086],[4015533.3229,2626992.3257],[4015086.3943,2626683.2486],[4014089.48,2626924.1114],[4013161.3286,2626855.6914],[4010823.68,2627852.9971],[4009809.5429,2628334.4229],[4008125.12,2628231.8857],[4007162.38,2627132.7943],[4006268.6057,2627098.7229],[4005649.78,2626652.2743],[4004927.8771,2626515.0657],[4004687.1571,2626137.2343],[4003999.5971,2625759.5171],[4003329.1629,2625141.3057],[4003157.1257,2624626.06],[4002675.8314,2624351.3486],[4001816.4343,2624385.9914],[4001232.0371,2624283.0971],[4000647.6143,2623974.06],[3999822.4486,2623149.7657],[3999478.6714,2623321.6971],[3999478.5257,2623665.4229],[3999169.1,2623940.4514],[3998928.3771,2623562.62],[3998412.6971,2623906.4343],[3998034.5029,2624250.2143],[3997415.7229,2624456.5943],[3996298.4229,2623769.7914],[3995988.96,2623391.9771],[3994817.9743,2623507.1143],[3994238.3514,2623553.6714],[3993519.6229,2623540.7171],[3993280.6429,2623842.9371],[3992733.0771,2623935.9857],[3992371.7,2624380.1429],[3987899.8943,2617456.3029],[3986183.6257,2614856.7286],[3986201.2857,2614834.7229],[3985675.64,2613784.22],[3985493.6429,2613776.9543],[3984623.6371,2613742.2229],[3984317.3543,2612472.6657],[3984317.8829,2611509.5029],[3984845.2943,2609539.5229],[3985284.6229,2608248.1371],[3985285.0571,2607460.0943],[3985899.6457,2606584.8343],[3984692.8571,2605623.6943],[3985226.1914,2603981.1886],[3985251.0971,2602700.8857],[3985106.9371,2600816.6743],[3984478.1,2600817.7829],[3984091.1371,2600673.32],[3983487.3914,2598499.3629],[3983402.3771,2598364.4829],[3983076.4257,2597847.3429],[3984166.5714,2596011.9629],[3984844.9943,2594647.3943],[3985305.1114,2594261.2629],[3986249.4371,2593924.2429],[3986491.74,2593417.0486],[3986274.4257,2592571.6143],[3985839.2371,2591992.1114],[3985258.84,2591581.9771],[3985016.98,2591558.2086],[3984847.6857,2591485.9343],[3984533.3171,2591752.8571],[3984001.2657,2591463.5314],[3984267.8486,2590811.3971],[3984171.6371,2589748.5086],[3984196.3257,2588854.7143],[3983495.1571,2587985.5114],[3982987.5029,2587164.4371],[3983253.9286,2586826.4057],[3984077.1943,2586501.2771],[3984114.6829,2586470.1486],[3984513.0971,2586139.2886],[3984511.2943,2586135.9229],[3983786.5943,2584785.9514],[3983350.84,2584568.7371],[3983205.4457,2584012.8343],[3983326.3114,2583650.2971],[3983689.1171,2583239.5571],[3984076.0686,2582659.6029],[3983906.5143,2582224.5686],[3983422.3143,2581838.1143],[3983373.7229,2581282.1914],[3983421.9657,2580822.9514],[3983446.0314,2580436.2229],[3983373.24,2579880.3029],[3982404.9143,2579518.54],[3982065.9886,2579325.4086],[3981630.1943,2578914.7343],[3981581.6629,2578528.0057],[3981823.4229,2577887.5371],[3982210.3086,2577090.0114],[3981905.4857,2577064.98],[3981048.34,2576994.5971],[3979886.3571,2576633.0543],[3979305.2514,2575908.1771],[3979595.3543,2575110.6057],[3980490.3629,2574506.9029],[3981216.0971,2574435.1714],[3981675.58,2573661.86],[3982014.1057,2572961.0057],[3983175.2171,2572285.02],[3983900.9257,2571947.18],[3984094.3514,2571487.9829],[3983827.94,2570907.9571],[3983706.7429,2570339.9629],[3983948.5514,2569856.6171],[3984287.2029,2569615.1171],[3984529.1029,2569494.4429],[3984565.9286,2569503.9914],[3985279.9086,2569682.1657],[3985788.6886,2570136.4514],[3986539.6629,2570661.4514],[3987339.0086,2571041.5171],[3988477.4371,2571491.4543],[3988139.2829,2570832.1571],[3987946.2543,2570197.6886],[3987925.2657,2569366.4514],[3987923.0686,2569270.1229],[3988189.7086,2568894.6257],[3988262.8429,2568791.4943],[3988481.76,2568486.32],[3989063.32,2567951.6057],[3989305.8,2567514.5457],[3989379.6829,2566203.9086],[3989283.6714,2565402.9514],[3988679.5257,2564795.44],[3988389.6057,2564406.8171],[3987591.82,2564259.2229],[3987065.84,2563615.4571],[3987036.0943,2563579.0486],[3986794.8943,2562802.2714],[3986966.4886,2560557.1914],[3987161.1914,2559440.6829],[3987525.42,2558226.9771],[3988010.2429,2557522.68],[3988371.8657,2557413.1886],[3988494.7257,2557375.9886],[3989464.4114,2558822.7971],[3990481.8371,2559158.4229],[3991281.22,2559349.5914],[3992371.32,2558983.2086],[3993485.6714,2558519.86],[3993897.6486,2558082.5],[3993995.14,2557378.6229],[3993802.3514,2556577.6143],[3993924.1629,2555752.3771],[3993392.5914,2555108.6314],[3993054.2686,2554768.4257],[3993030.5457,2554283.0057],[3993224.6057,2553846.0086],[3992717.2486,2553165.9229],[3992790.2571,2552753.2971],[3993129.5343,2552388.8371],[3993226.7,2552024.7371],[3992961.1514,2551417.8],[3992623.0029,2550859.2886],[3992502.2457,2550640.7571],[3993447.0229,2550250.5543],[3993810.4543,2549983.0286],[3993351.3571,2549448.5657],[3993179.1829,2549048.9743],[3993110.1286,2548891.1429],[3993037.4971,2548722.68],[3992869.5029,2548118.0057],[3992749.9343,2547489.1371],[3992605.8657,2547005.3971],[3992171.5943,2546606.3971],[3991713.72,2545880.8371],[3991618.2886,2545276.1571],[3991547.32,2544550.5343],[3991482.5057,2544338.3971],[3991594.1171,2543829.4286],[3991884.7714,2543330.4743],[3991962.4171,2542830.8429],[3991981.5257,2542711.7343],[3992011.1457,2542529.3543],[3992201.4943,2541978.7571],[3992541.8686,2541669.2257],[3992445.2943,2541359.9943],[3992296.9229,2541124.0114],[3991896.4971,2540677.4457],[3991751.88,2540516.1343],[3991669.6486,2540424.1314],[3991404.58,2539770.3829],[3991139.9914,2538801.8914],[3991287.5714,2537312.8543],[3991821.46,2536537.9914],[3991919.3514,2535860.0543],[3992429.0143,2535085.1971],[3992744.8029,2534407.2286],[3992624.8257,2533777.7143],[3991827.6314,2533438.4771],[3991272.1514,2533026.7286],[3990862.0857,2532397.3514],[3990112.1171,2531695.0971],[3989265.5229,2530920.4086],[3988491.4543,2530387.7657],[3988465.5743,2530368.24],[3986871.72,2529165.8629],[3986154.08,2528377.9229],[3985034.4029,2528007.8743],[3984574.2,2528212.6971],[3984466.1771,2528260.8886],[3984240.6771,2528361.2114],[3984253.7857,2528470.3771],[3984308.2171,2529051.42],[3984450.5171,2529881.7657],[3984276.6971,2530190.96],[3984078.5286,2530637.3943],[3983557.1457,2531120.2714],[3982736.8971,2531101.0],[3982156.4229,2530537.9057],[3981244.1057,2528784.5829],[3981172.5857,2528647.1314],[3980998.6457,2527719.1457],[3980769.14,2526947.5543],[3980268.6,2526391.42],[3979802.8629,2526321.8314],[3979455.2514,2526787.3571],[3978537.6114,2527673.2171],[3978481.6371,2527820.4086],[3978273.3686,2528368.0543],[3977689.4543,2528562.5314],[3977216.7,2527888.2371],[3976703.2514,2526898.64],[3976590.9371,2526682.1743],[3975916.6543,2526438.7886],[3975612.0886,2526739.6057],[3975325.7486,2527022.4143],[3974769.6343,2527324.6086],[3974317.7829,2527637.2457],[3973789.4771,2527386.9371],[3973288.9686,2527081.0314],[3973084.9714,2526859.4571],[3972885.7571,2526643.0743],[3972426.9686,2526514.4086],[3972374.2571,2526542.4571],[3971891.7086,2526799.2371],[3971106.2171,2526847.7343],[3970716.8486,2526062.2286],[3970452.5943,2525325.3943],[3970924.98,2524452.9943],[3971598.9771,2524459.8114],[3971933.3457,2524208.8943],[3972210.4086,2524000.9743],[3972210.2857,2523396.22],[3971918.3343,2523371.8371],[3971501.2257,2522968.6371],[3970861.6971,2522662.7029],[3970326.4057,2522134.3686],[3970333.2143,2521439.2486],[3970194.0857,2521272.3086],[3970530.8886,2520640.3914],[3971522.8114,2519865.7657],[3973676.0286,2518401.1943],[3974329.1543,2517311.9743],[3974909.6743,2516125.9457],[3975586.9486,2514770.4857],[3976022.2371,2513366.6343],[3976336.5457,2512011.2],[3976940.8714,2508804.1429],[3977037.3514,2507255.08],[3976512.3,2506251.7171],[3976247.4229,2505935.7486],[3976052.5371,2505761.9257],[3975898.9114,2505624.9057],[3975503.0743,2505353.9829],[3974645.9429,2505086.7],[3974137.2086,2504203.2057],[3974164.3171,2503399.9314],[3974459.3371,2502784.14],[3974245.3086,2501927.3343],[3972986.4029,2501499.6057],[3971325.6857,2501500.8657],[3970039.9743,2501341.0714],[3967683.1943,2499012.3257],[3967763.76,2498557.1429],[3968165.9457,2498075.2914],[3968219.8057,2497379.1229],[3967416.3829,2496495.7571],[3967684.7886,2495371.1971],[3968060.3514,2494353.7686],[3967792.8771,2493122.1057],[3968382.8429,2492104.7514],[3968597.6143,2491087.2857],[3967097.9229,2489320.5029],[3967634.1371,2488785.1543],[3966991.3171,2488410.5743],[3965491.32,2488572.4971],[3965062.8314,2489055.3143],[3963187.8343,2489378.3114],[3962652.32,2490290.1829],[3962009.4629,2490344.2629],[3961045.2514,2489702.0371],[3960670.3086,2489327.2914],[3959598.8857,2489488.8886],[3959009.7714,2490347.1543],[3958795.9257,2491687.9857],[3957295.9429,2491260.4343],[3955849.6114,2490350.6657],[3954939.1371,2489119.2057],[3954832.6343,2487352.0057],[3954264.8,2487042.6343],[3954243.3771,2487030.9629],[3953386.2714,2487460.4257],[3951886.3429,2486684.6229],[3950279.2,2486525.0714],[3947868.4857,2486258.9514],[3946100.6257,2486260.2914],[3945457.84,2485725.0057],[3944279.2657,2485779.4943],[3943739.5886,2486153.7886],[3943582.8943,2486262.4629],[3942618.7486,2487174.5343],[3941922.32,2487067.8886],[3941118.9371,2488087.1229],[3940101.08,2488195.0829],[3940477.6971,2492003.0286],[3940317.2143,2492753.9],[3939513.9,2493987.6371],[3939942.9886,2494792.2114],[3940693.6114,2495221.6029],[3940813.58,2495501.4886],[3940854.5457,2495597.0543],[3942248.5029,2496026.9],[3943106.4743,2496992.5371],[3943321.1057,2497636.1571],[3942892.7171,2498440.7314],[3941928.4486,2498763.0543],[3940910.6429,2499299.8514],[3940160.8886,2500479.94],[3939678.8857,2501177.2829],[3939532.5257,2501201.7971],[3939531.6114,2501205.1114],[3939404.5714,2501665.2029],[3938569.5829,2501898.9743],[3937798.4943,2501706.7286],[3937266.78,2501626.3714],[3936840.3771,2501558.6343],[3936703.7657,2501498.3657],[3935980.0886,2501179.1029],[3935740.9743,2500666.5629],[3935550.8057,2499975.4371],[3935473.9943,2499517.2229],[3935030.0943,2499249.7629],[3934962.2771,2499177.6429],[3934337.0571,2498512.7657],[3933944.7857,2497926.4971],[3933852.5286,2497355.6114],[3933333.3857,2497042.9457],[3932850.7714,2496373.9343],[3932158.9714,2496551.3257],[3931707.1229,2496983.5629],[3931030.3686,2496812.8543],[3930601.8114,2496803.9886],[3930013.3057,2496844.9714],[3929352.0571,2496522.9171],[3928038.4343,2496532.6029],[3927784.1771,2495666.8829],[3927117.9,2495545.6229],[3927138.6571,2495366.8486],[3927013.6229,2494734.3429],[3926417.1286,2494573.6829],[3925676.8314,2494891.1457],[3925147.7457,2494577.02],[3924596.7029,2494544.0057],[3924009.2914,2494877.8914],[3923984.7914,2494892.1486],[3923439.86,2495566.3886],[3922580.4571,2495510.6286],[3922139.7686,2495855.2943],[3922970.96,2496943.4857],[3922970.8743,2496943.4886],[3922801.5543,2496952.26],[3922111.1143,2497957.6543],[3920948.5429,2498824.5314],[3919812.6571,2499175.7771],[3919480.2171,2499288.0914],[3919370.6714,2499678.8857],[3919427.8314,2500013.8257],[3919876.4971,2500628.2657],[3920214.9143,2501577.3857],[3920693.6343,2502749.8914],[3921004.0657,2503671.08],[3920673.5857,2504396.9629],[3918872.4514,2504262.8714],[3918262.8343,2504264.58],[3917930.8343,2504572.0086],[3917672.4771,2505208.72],[3917578.2143,2505440.8457],[3917403.0114,2505866.9],[3917035.8743,2505833.6086],[3916674.1571,2505284.9971],[3916452.5486,2504701.3486],[3915974.08,2504222.8],[3915660.4771,2504213.3829],[3915588.9057,2504211.2343],[3915750.2771,2504678.2314],[3916024.9257,2505470.7057],[3916268.4143,2506175.4343],[3916467.4486,2506877.0657],[3915657.0343,2507112.7343],[3914294.0857,2507142.0514],[3912180.1457,2506852.1343],[3910539.08,2506436.4857],[3908592.0229,2506661.2829],[3908091.4343,2507051.6343],[3908036.1943,2507720.3543],[3907591.3057,2508249.9286],[3906562.1571,2508028.4143],[3905755.6057,2507528.4571],[3905422.0543,2506916.8943],[3905311.2571,2506082.8286],[3905506.6829,2505165.3657],[3906175.3343,2504359.3543],[3906871.6971,2503859.2971],[3904007.2571,2501525.3657],[3903423.1486,2501372.9429],[3903312.8457,2502989.0114],[3902260.6657,2503073.2829],[3902255.5943,2503072.8371],[3902239.9457,2503071.4686],[3901775.54,2502901.7686],[3901323.8514,2503014.1286],[3900886.2743,2502900.7057],[3899813.5143,2502913.5743],[3899976.7686,2502095.4914],[3899996.7886,2501995.8829],[3899900.1657,2501876.56],[3899361.4914,2501209.5371],[3898345.14,2500959.2514],[3897808.72,2500693.2543],[3898752.5086,2499430.5971],[3898752.4886,2499430.5971],[3898663.6571,2499411.7457],[3898059.4343,2498995.3314],[3898059.2057,2498994.6343],[3897864.0686,2498396.08],[3897779.2571,2498127.4629],[3897708.5257,2497788.1686],[3897256.6686,2497505.0086],[3896782.8343,2497701.4543],[3896713.8229,2497625.06],[3895321.0971,2495895.6171],[3894872.1886,2495406.3143],[3893980.1657,2494434.0229],[3894125.9143,2492899.4886],[3894041.0314,2492686.94],[3893685.4629,2491796.6],[3893208.6,2491061.06],[3892034.0743,2491753.6286],[3891193.8914,2492246.26],[3891166.9114,2492266.5143],[3889835.9571,2493006.1086],[3888612.4829,2493803.9057],[3887539.24,2494484.9114],[3887138.3571,2494740.3057],[3884716.8857,2495718.6343],[3883046.9029,2496602.24],[3881265.5914,2497040.7286],[3879345.1143,2497005.7457],[3878112.8257,2497052.9771],[3876367.4857,2497126.6114],[3874957.92,2497046.2143],[3874952.2657,2497045.8914],[3874514.1771,2497021.2543],[3873791.5514,2496615.3943],[3870751.5171,2495303.3257],[3869865.0629,2494896.3029],[3866643.3657,2493417.02],[3857286.7629,2486634.0971],[3856454.4657,2486029.9657],[3854747.2457,2485305.1914],[3854047.5371,2485008.1429],[3853739.9743,2484877.6314],[3852093.4771,2484300.9971],[3849459.3429,2484216.7629],[3847566.0114,2484543.9943],[3845096.3314,2485281.62],[3843450.1029,2485198.4229],[3845828.2829,2491106.7171],[3848709.6486,2498265.1086],[3850610.1971,2502899.3229],[3850609.9429,2502900.4571],[3850602.0086,2502936.1686],[3850381.5371,2503928.2971],[3849898.7943,2505255.8343],[3849416.0571,2506583.3686],[3848390.2286,2507609.1914],[3844890.36,2511531.46],[3842128.1886,2513954.64],[3838252.6829,2517354.5171],[3835453.6343,2519593.7543],[3833726.9886,2520975.0714],[3828959.9229,2525862.82],[3825460.0543,2528397.2086],[3822322.24,2532168.6171],[3820994.7029,2536452.94],[3820210.2514,2540133.8371],[3820180.6829,2541119.4314],[3820167.3714,2541563.1486],[3820029.2229,2546168.0943],[3823046.3514,2559956.3686],[3825097.9971,2567981.9314],[3825330.0857,2570786.3229],[3825460.0543,2572356.7657],[3825701.4257,2576279.0343],[3825641.0829,2590912.1057],[3825399.7114,2598032.5286],[3825158.3429,2601894.4514],[3823170.3686,2605400.5686],[3823170.1314,2605400.9886],[3823132.2343,2605467.8257],[3823131.9514,2605468.3257],[3823064.5086,2605587.2714],[3822822.2714,2606114.3],[3819365.4543,2611850.9771],[3816103.2229,2617645.7829],[3813336.2343,2624916.4829],[3811157.9714,2631833.9514],[3809318.2114,2640399.84],[3808808.98,2642757.4],[3808523.44,2644079.3429],[3808023.0286,2647788.2857],[3807877.0857,2649333.5486],[3807522.6143,2653086.7714],[3807463.7429,2658032.0257],[3807640.3571,2661858.7114],[3808121.7429,2664730.8371],[3805733.3114,2662559.5371],[3801173.58,2658922.6086],[3798568.0229,2657565.5457],[3796831.34,2657050.3314],[3790425.6486,2655149.9743],[3784888.8314,2654172.8886],[3777560.6943,2652924.3943],[3774650.7257,2651490.1943],[3773760.92,2651051.6457],[3768766.9314,2647523.2857],[3766554.1029,2644825.7429],[3766553.8771,2644825.4686],[3763067.2686,2640575.1257],[3760787.4029,2636666.7857],[3760136.0114,2635553.9943],[3756777.3914,2626200.8714],[3755847.6971,2623611.8457],[3754417.54,2619782.7171],[3754164.94,2619106.3971],[3750039.4686,2603608.7429],[3747454.8371,2591088.1114],[3746728.2371,2587568.2657],[3745968.28,2577336.0143],[3744556.9371,2571202.0943],[3742827.1257,2560771.3429],[3741842.8114,2554835.92],[3741015.1457,2550827.6514],[3739942.9229,2545635.0371],[3738201.1829,2541168.0743],[3734918.62,2532749.4371],[3733646.1514,2529485.9943],[3730820.0857,2530548.2743],[3725992.32,2532362.9657],[3721324.0257,2534642.8314],[3714538.7143,2537275.5314],[3711622.6486,2537985.8543],[3710304.6771,2538306.9],[3706396.34,2540152.5057],[3699665.3086,2542459.5114],[3698204.6057,2543325.1143],[3696734.0543,2544196.5514],[3694454.1886,2546422.1343],[3691468.6514,2551578.9686],[3690437.2857,2554781.64],[3689514.4829,2556681.5257],[3683869.1029,2563819.6743],[3678278.0057,2571527.7914],[3677246.6371,2572396.3086],[3677195.4143,2572479.0771],[3676022.9829,2574373.5543],[3672795.4714,2579588.74],[3671221.28,2583822.7743],[3663350.3171,2604097.2886],[3662235.1543,2609608.2743],[3661016.1686,2615632.3171],[3660518.1029,2619642.62],[3659441.9771,2628307.28],[3658736.3057,2640547.9829],[3659286.0371,2654703.6057],[3659496.26,2660116.8229],[3659561.8171,2662722.7743],[3659648.8029,2662839.8886],[3672000.7229,2679470.4914],[3658642.28,2689432.9],[3658201.4943,2689764.3314],[3660123.1743,2699910.7771],[3662168.3886,2710709.48],[3663765.0343,2719135.5943],[3664091.1486,2719683.9771],[3664091.2971,2719684.3086],[3669207.9543,2731083.66],[3671818.3886,2736899.4229],[3674245.2343,2742427.1886],[3675523.5257,2745429.7971],[3677222.2771,2749420.0286],[3680413.4971,2756691.2943],[3681367.8229,2759032.6286],[3681688.7429,2759819.9743],[3682940.7714,2762891.6829],[3686131.9886,2769670.3457],[3686865.0743,2771234.74],[3689408.8771,2776663.1857],[3695084.5371,2789128.2143],[3697341.38,2793558.7771],[3698178.7057,2794905.1],[3698955.4686,2796182.6714],[3699066.3371,2796365.0],[3699294.7914,2796740.7143],[3700717.4971,2798701.02],[3700823.7914,2798846.1514],[3701514.7,2799986.7686],[3701931.7,2800683.8114],[3703256.2857,2802443.7943],[3704249.7257,2803762.2457],[3705247.2543,2805084.7886],[3706220.2514,2806386.8886],[3707193.2514,2807688.9914],[3708182.6029,2808987.0029],[3709188.3057,2810321.8086],[3710185.8343,2811644.3514],[3711175.1857,2812966.8943],[3712164.5371,2814285.3486],[3714167.7686,2816934.52],[3715288.2971,2818424.7314],[3715288.3371,2818424.7857],[3716162.8257,2819587.78],[3718166.0571,2822249.2171],[3720169.2886,2824910.6543],[3722172.52,2827572.0914],[3724175.7514,2830233.5286],[3726178.9829,2832894.9657],[3731815.5714,2840231.2714],[3741464.8714,2852790.3314],[3748466.0571,2861922.9371],[3754767.1,2870142.2514],[3758171.4914,2874583.0657],[3771004.5686,2865915.1086],[3774968.04,2863238.0286],[3787543.6,2854549.4714],[3787553.7657,2854542.4486],[3787570.6057,2854534.4371],[3787568.9914,2854531.9286],[3787664.7314,2854465.7829],[3787670.9114,2854468.0314],[3797245.4771,2848099.76],[3805876.2229,2842359.2457],[3819200.52,2833496.9371],[3823646.7086,2830539.6714],[3823646.8,2830539.6114],[3850051.1371,2813021.6314],[3876440.0657,2795513.8771],[3877026.2629,2795124.9629],[3888634.0057,2787423.7971],[3896653.1971,2782103.4571],[3896654.6657,2782108.6829],[3896657.0629,2782100.8943],[3896659.9,2782114.1343],[3897116.2057,2784244.4314],[3898015.8943,2785093.3543],[3897978.0057,2786719.2886],[3897934.1743,2788600.1629],[3900694.2,2789060.9971],[3901707.84,2788730.8971],[3901691.8486,2788690.8371],[3901713.4029,2788668.2743],[3901843.1,2788629.3],[3901979.2343,2788642.6229],[3904425.8857,2787845.5229],[3910127.86,2788533.32],[3911531.6029,2788702.6429],[3913976.9057,2789145.2686],[3916992.0486,2789928.4514],[3920586.0743,2790593.7829],[3923754.1257,2791239.0143],[3929971.94,2793272.2314],[3931200.4629,2793709.32],[3933804.1629,2795096.1257],[3933815.5829,2795088.2857],[3933826.9943,2795096.0943],[3934550.36,2795591.0286],[3939238.7229,2797506.2771],[3939413.2971,2797628.74],[3940575.4114,2798443.9486],[3940827.0486,2798657.6943],[3942438.96,2800026.8629],[3944162.6,2801455.02],[3947215.9057,2803227.9086],[3947659.1286,2803917.3657],[3949333.52,2804853.0571],[3953076.2829,2807118.4114],[3955883.3543,2807857.1171],[3961174.1457,2809418.0629],[3962963.6886,2809946.0314],[3963812.1,2810196.34],[3965634.2343,2810984.2886],[3966471.4286,2813594.3743],[3966403.8543,2814979.66],[3966274.4429,2817632.6171],[3967998.0829,2820439.6886],[3969573.9829,2822508.0571],[3972479.5457,2828097.5743],[3972775.0286,2831446.3629],[3972922.7714,2833957.9514],[3972987.9514,2834397.9286],[3971834.3857,2835189.6486],[3972501.5457,2836148.9229],[3972840.1971,2837230.24],[3973032.5257,2837842.6829],[3972845.1486,2838484.0571],[3973577.2343,2840804.5286],[3974577.8314,2841956.8286],[3975210.6086,2843991.0571],[3975600.9,2844599.2771],[3976633.1971,2845138.5971],[3977253.3629,2845649.0143],[3977908.04,2846792.3114],[3979124.7571,2847202.0657],[3979703.2943,2847991.8286],[3981820.9143,2850881.3886],[3982185.5029,2851701.8257],[3982137.0314,2852493.4571],[3982047.4486,2853119.1229],[3981819.9429,2854708.0914],[3981423.4914,2855690.7029],[3982165.9257,2855906.7743],[3982831.0943,2856448.5257],[3983819.3714,2857890.1686],[3983934.8057,2858308.4657],[3983783.6743,2859014.9543],[3983937.6057,2859553.6857],[3984139.32,2859814.3086],[3985101.4914,2859153.9486],[3986317.9171,2860600.5057],[3989912.94,2862668.8743],[3992424.5257,2862274.8971],[3994837.6257,2863604.5657],[3998580.3857,2865599.0629],[3998629.0371,2865570.5429],[4001374.6486,2867519.9257],[4002064.6143,2867979.9029],[4002243.0743,2868098.8743],[4002724.1086,2868419.5657],[4002629.2314,2868465.6486],[4001740.1286,2868897.5],[4001879.6714,2869061.3743],[4007222.3143,2875335.5543],[4008130.24,2876400.9771],[4008599.8914,2876952.1],[4009144.4914,2880834.1286],[4009265.7543,2881698.5171],[4009290.38,2881874.0457],[4009696.3286,2884767.7314],[4010244.8571,2888461.7314],[4010595.9686,2890826.2514],[4002077.4914,2893215.9229],[3999631.5943,2897587.6143],[3999209.8886,2898740.28],[3996904.5571,2901917.1371],[3995808.12,2903252.54],[3996527.1086,2905130.7171],[3998254.7657,2909643.78],[3998563.2714,2910449.6686],[3999913.1543,2914007.1743],[3999910.0486,2914008.7343],[3999082.8086,2914655.0171],[3998334.1486,2915239.9057],[3998252.9943,2915326.2971],[3996807.4971,2916865.0486],[3996344.4457,2917452.3343],[3996042.32,2917835.52],[3995544.58,2918182.9171],[3995638.6314,2918347.5143],[3994788.3771,2919425.8886],[3994012.2543,2921172.1629],[3993649.7029,2921987.9],[3993409.4629,2922528.44],[3993234.2257,2923349.8629],[3993015.4886,2924375.2],[3992995.76,2925164.36],[3992966.24,2926345.0743],[3992897.1686,2927081.8514],[3992670.76,2929496.8743],[3992572.2686,2931171.2657],[3992465.7486,2931786.7086],[3992313.7657,2932664.8314],[3992129.0457,2933732.1029],[3992104.8114,2935877.58],[3992100.2457,2936271.9457],[3992111.74,2936269.0971],[3990104.9371,2938474.0457],[3989744.5057,2938870.0657],[3989340.0029,2939324.04],[3988411.1657,2940354.36],[3983997.5971,2945250.1543],[3983026.0,2946324.3543],[3982941.4286,2946417.8571],[3982171.5771,2947269.0086],[3981227.9543,2948312.28],[3979407.0857,2950325.44],[3978200.0971,2956647.2857],[3977032.6829,2958952.4343],[3976969.2743,2959122.2057],[3975805.9086,2962237.0229],[3974217.74,2966326.1886],[3974103.9171,2966619.2514],[3973688.7314,2967688.2571],[3972429.7771,2970543.5657],[3971215.3943,2973297.7829],[3970992.7543,2973835.8343],[3969909.4743,2976453.76],[3969377.6943,2979074.0714],[3968682.7,2982498.5914],[3968227.6057,2985882.1143],[3964534.8857,2988074.2371],[3962944.56,2989018.3057],[3959158.34,2991203.0314],[3955110.1686,2993546.8371],[3956986.2057,2996938.1371],[3957299.5571,2997511.76],[3957702.3971,2998249.2029],[3957820.82,2998465.9943],[3958105.7657,2998987.62],[3958455.8914,2999628.5629],[3960545.7486,3003454.28],[3961433.5486,3007956.6914],[3961666.4657,3009137.9086],[3961766.1629,3009643.5229],[3963022.0457,3010547.6086],[3963739.4086,3011064.0229],[3966589.7057,3013115.8943],[3962371.5971,3020418.78],[3962138.0143,3020823.1857],[3961125.2114,3022576.6657],[3960561.2029,3023553.1457],[3959435.8686,3025501.4543],[3959235.1286,3025848.9971],[3958684.88,3026801.6543],[3958424.5514,3027252.3629],[3958978.0343,3027729.3171],[3960107.4057,3028702.5314],[3960729.9171,3029238.9714],[3967442.2286,3035023.1829],[3968149.2886,3035632.4771],[3968827.1314,3036216.5971],[3969687.9857,3036954.8629],[3973418.2171,3040153.8886],[3962017.7143,3054431.2771],[3961039.7257,3055656.0571],[3962718.9371,3056412.0571],[3964984.5343,3057432.0571],[3965078.1886,3057474.2229],[3968032.4029,3058804.2429],[3970168.7057,3059766.0314],[3973893.7086,3061443.0743],[3974754.86,3061830.7743],[3974811.5114,3062148.9257],[3975562.9943,3066369.2057],[3976759.8286,3073090.5514],[3977770.9343,3078077.7629],[3977834.9543,3078393.5429],[3977847.4743,3079573.5],[3977893.0686,3083870.88],[3978299.8743,3089740.4914],[3978317.3143,3091894.4914],[3978328.9314,3093329.0943],[3978363.0686,3093745.5743],[3978447.5143,3094775.8143],[3978619.5057,3096874.1086],[3978674.3286,3097575.84],[3978696.98,3097865.7657],[3978732.7543,3098323.6629],[3978764.7943,3098733.7857],[3979347.3571,3100627.1143],[3979404.06,3100811.3971],[3979778.9286,3103308.5114],[3980304.8429,3106811.7657],[3981176.8657,3111385.7771],[3981314.48,3112107.6029],[3981844.8886,3114889.7486],[3982019.2343,3118304.0029],[3982376.6743,3120952.3143],[3982658.4971,3123040.3743],[3982936.1229,3124295.8543],[3983319.9657,3126031.6714],[3983470.2714,3126711.3886],[3983507.8943,3126881.5343],[3983674.2657,3127633.9],[3983753.2429,3127991.0514],[3983878.6257,3128558.0657],[3983966.0857,3128953.5714],[3984077.6314,3129332.1543],[3984822.7,3131860.8771],[3984820.2714,3131906.1514],[3984840.3343,3131920.7229],[3984924.9829,3132208.0114],[3985786.1314,3135660.2971],[3986232.94,3137451.5229],[3986552.2,3138731.4171],[3986523.1429,3143496.8457],[3987191.4657,3148596.4343],[3987394.8686,3151473.1257],[3987398.8457,3152533.2257],[3987408.5171,3155110.5971],[3987414.0229,3156578.0229],[3987418.3257,3157724.8],[3987420.1057,3158198.8314],[3987423.94,3159219.8714],[3989069.8771,3157962.72],[3989380.2029,3157727.5],[3990525.3743,3156859.4914],[3990595.7057,3156806.18],[3991719.9371,3155960.72],[3993472.3286,3154642.86],[3994443.8971,3153912.2057],[3994891.2171,3153575.8057],[4002109.6486,3148147.2943],[4006820.1571,3144633.74],[4007892.3857,3143833.9686],[4008494.6,3143384.78],[4009324.1829,3142765.9943],[4010197.34,3142114.7114],[4013657.5486,3139533.7486],[4020519.4714,3134457.3286],[4021817.3943,3133497.1343],[4022094.2143,3133292.34],[4025239.22,3130965.68],[4032926.3543,3125325.4057],[4036854.4914,3122443.2143],[4037714.4371,3121817.4314],[4038596.62,3121175.4714],[4044946.74,3116554.5],[4048503.1771,3113966.4914],[4054242.3514,3109824.5229],[4057287.8771,3107626.5571],[4060185.0971,3105535.6314],[4068715.9,3099429.8143],[4069045.9286,3099195.0457],[4071915.0714,3097152.5857],[4074203.0,3095537.3571],[4077733.0743,3092991.2371],[4077733.0886,3092991.2257],[4078168.6943,3092734.1343],[4082051.3343,3090020.7657],[4082867.9829,3089450.0543],[4083402.7,3089074.9486],[4083666.5429,3088889.8629],[4083845.6429,3089121.4971],[4083895.3229,3089195.9314],[4083946.3771,3089260.2171],[4083947.0,3089261.0],[4083975.5914,3089297.0],[4083664.5543,3089526.0057],[4084010.1771,3089973.8543],[4084070.5629,3090052.1029],[4084134.1914,3090134.5486],[4084245.1886,3090054.8114],[4084450.3257,3089907.4486],[4084550.4257,3090059.5486],[4087743.6886,3094911.6514],[4121698.46,3142984.2429],[4122064.64,3143493.1371],[4127702.4971,3151662.9743],[4130310.7486,3155304.1486],[4142120.6257,3172397.6771],[4146016.1971,3177890.8629],[4146485.3857,3177555.5657],[4153748.36,3172407.6857],[4156324.2543,3170581.9314],[4158030.1829,3169372.8],[4160644.0629,3167535.3343],[4162580.8457,3166173.8457],[4162978.3143,3165905.9943],[4163217.74,3165744.6457],[4163680.8229,3165436.7143],[4169622.5886,3161268.0914],[4173201.0114,3158778.1629],[4181273.0714,3153161.4857],[4182234.8229,3152497.7971],[4192954.7457,3145100.1457],[4201654.3143,3139146.3171],[4203200.02,3138102.8657],[4204578.8286,3137172.0829],[4211989.0571,3132212.8171],[4215977.9057,3129543.2971],[4216295.2257,3129332.7686],[4221773.5314,3125698.1371],[4226118.1457,3122815.6657],[4227407.6429,3121960.1343],[4228123.9514,3121489.0171],[4229962.24,3120279.9714],[4230514.5886,3119916.6886],[4234053.4886,3117589.1457],[4238667.3571,3114554.5886],[4238867.8571,3114422.7229],[4241486.8457,3112715.2],[4226242.3543,3091118.02],[4225843.0771,3090552.7686],[4225567.2086,3090162.0771]]]}},{"type":"Feature","properties":{"CARUID":"5907","CARENAME":"Nechako","LANDAREA":191611.9827},"geometry":{"type":"Polygon","coordinates":[[[4018904.4143,3410247.2714],[4019429.8686,3409818.8457],[4019955.3257,3409390.4171],[4020480.7829,3408961.9914],[4021006.2371,3408533.5629],[4021531.6943,3408105.1371],[4022057.1486,3407676.7086],[4022582.6057,3407248.2829],[4022799.1771,3407071.7],[4023108.06,3406819.8543],[4023633.5171,3406391.4286],[4024158.9714,3405963.0],[4024684.4286,3405534.5743],[4025209.8829,3405106.1457],[4025737.0171,3404679.7886],[4025780.7486,3404644.4171],[4026013.9686,3404455.7829],[4026015.1486,3404454.8314],[4026264.1514,3404253.4314],[4026791.2886,3403827.0714],[4027318.4229,3403400.7143],[4027845.5571,3402974.3543],[4028372.6943,3402547.9971],[4028899.8286,3402121.6371],[4029426.9657,3401695.28],[4029954.1,3401268.92],[4030481.2371,3400842.5629],[4031008.3714,3400416.2029],[4031535.5086,3399989.8457],[4032062.6457,3399563.4857],[4032589.78,3399137.1257],[4033116.9143,3398710.7686],[4033644.0514,3398284.4086],[4034171.1857,3397858.0514],[4034698.3229,3397431.6943],[4035225.4571,3397005.3343],[4035338.9143,3396913.5657],[4035699.8114,3396621.6657],[4035752.5914,3396578.9771],[4036281.3971,3396154.6943],[4036335.2314,3396111.5029],[4036810.2057,3395730.4114],[4037339.0114,3395306.1286],[4037867.82,3394881.8457],[4038396.6257,3394457.56],[4038925.4343,3394033.2771],[4039331.4943,3393707.48],[4039454.24,3393608.9943],[4039983.0486,3393184.7114],[4040144.76,3393054.9629],[4040145.7343,3393054.18],[4040511.8571,3392760.4257],[4041040.6629,3392336.1429],[4041569.4714,3391911.86],[4042098.2771,3391487.5771],[4042627.0857,3391063.2914],[4043155.8943,3390639.0086],[4043684.7,3390214.7257],[4044213.5086,3389790.4429],[4044742.3143,3389366.16],[4045271.1229,3388941.8743],[4045799.9286,3388517.5914],[4046328.7343,3388093.3086],[4046859.2057,3387671.1086],[4047389.6743,3387248.9057],[4047920.1457,3386826.7057],[4048450.6171,3386404.5029],[4048981.0886,3385982.3029],[4049511.5571,3385560.1],[4049912.6543,3385240.8686],[4049912.6829,3385240.8457],[4049993.6114,3385176.4343],[4050006.4143,3385166.2429],[4050042.0286,3385137.9],[4050203.1371,3385009.6714],[4050504.86,3384769.5343],[4050572.5,3384715.6971],[4051067.0343,3384322.0971],[4051102.9714,3384293.4943],[4051633.4429,3383871.2943],[4052163.9143,3383449.0914],[4052694.3857,3383026.8886],[4053224.8543,3382604.6886],[4053593.9857,3382310.8943],[4053755.3257,3382182.4857],[4053772.12,3382169.12],[4054285.7971,3381760.2829],[4054816.2686,3381338.0829],[4055346.7371,3380915.88],[4055877.2086,3380493.68],[4056407.68,3380071.4771],[4056938.1486,3379649.2771],[4057470.2743,3379229.1629],[4058002.4,3378809.0514],[4058534.5257,3378388.9371],[4059066.6514,3377968.8229],[4059598.7771,3377548.7114],[4060130.9057,3377128.5971],[4060663.0314,3376708.4829],[4061195.1571,3376288.3686],[4061727.2829,3375868.2571],[4062259.4086,3375448.1429],[4062791.5371,3375028.0286],[4063323.6629,3374607.9143],[4063687.1171,3374320.9686],[4063855.7886,3374187.8029],[4064387.9143,3373767.6886],[4064920.04,3373347.5743],[4065452.1686,3372927.46],[4065984.2943,3372507.3486],[4066516.42,3372087.2343],[4067048.5457,3371667.12],[4067580.6714,3371247.0086],[4068114.4429,3370828.9914],[4068648.2143,3370410.9714],[4069181.9886,3369992.9543],[4069444.1114,3369787.6743],[4069715.7629,3369574.9343],[4070249.5343,3369156.9171],[4070285.9,3369128.4371],[4070783.3086,3368738.8971],[4071317.08,3368320.8771],[4071500.9543,3368176.8771],[4071850.8543,3367902.86],[4072384.6286,3367484.84],[4072918.4029,3367066.8229],[4073452.1743,3366648.8029],[4073985.9486,3366230.7829],[4074519.7229,3365812.7657],[4075053.4943,3365394.7457],[4075587.2686,3364976.7286],[4076121.0429,3364558.7086],[4076654.8143,3364140.6886],[4077188.5886,3363722.6714],[4077722.36,3363304.6543],[4078256.1343,3362886.6343],[4078791.5457,3362470.7171],[4079326.9571,3362054.8],[4079862.3686,3361638.8829],[4080397.78,3361222.9657],[4080933.1914,3360807.0486],[4081468.6029,3360391.1314],[4082004.0171,3359975.2143],[4082539.4286,3359559.2943],[4083074.84,3359143.3771],[4083610.2543,3358727.46],[4084145.6657,3358311.5429],[4084681.0771,3357895.6257],[4085216.4914,3357479.7057],[4085685.6571,3357115.2486],[4085751.9029,3357063.7886],[4086287.3143,3356647.8714],[4086822.7257,3356231.9543],[4086985.4714,3356105.5314],[4086989.4971,3356102.4057],[4087043.2686,3356060.6343],[4087049.8771,3356055.5],[4087358.14,3355816.0371],[4087536.9514,3355677.1343],[4087554.8429,3355663.2343],[4087893.5514,3355400.12],[4088428.9629,3354984.2029],[4088964.3743,3354568.2857],[4089501.4171,3354154.4743],[4090038.4571,3353740.6657],[4090575.5,3353326.8571],[4091112.5429,3352913.0457],[4091649.5857,3352499.2371],[4092186.6286,3352085.4257],[4092723.6714,3351671.6171],[4093260.7143,3351257.8057],[4093797.7571,3350843.9971],[4094334.8,3350430.1857],[4094871.8429,3350016.3771],[4094890.6629,3350001.8743],[4095408.8857,3349602.5657],[4095945.9286,3349188.7571],[4096482.9714,3348774.9457],[4097020.0143,3348361.1371],[4097557.0571,3347947.3257],[4098094.1,3347533.5171],[4098631.1429,3347119.7057],[4099168.1829,3346705.8971],[4099705.2257,3346292.0886],[4100243.8914,3345880.3914],[4100782.5543,3345468.6971],[4101139.7114,3345195.7257],[4101321.22,3345057.0],[4101859.8857,3344645.3057],[4102398.5486,3344233.6086],[4102937.2143,3343821.9143],[4103475.88,3343410.2171],[4104014.5457,3342998.52],[4104553.2114,3342586.8257],[4105091.8743,3342175.1286],[4105630.54,3341763.4314],[4106169.2057,3341351.7371],[4106707.8714,3340940.04],[4107246.5371,3340528.3429],[4107785.2,3340116.6486],[4108323.8657,3339704.9514],[4108862.5314,3339293.2571],[4109401.1971,3338881.56],[4109939.86,3338469.8657],[4110478.5257,3338058.1686],[4111018.8029,3337648.5943],[4111559.0829,3337239.02],[4112099.36,3336829.4429],[4112639.64,3336419.8686],[4113179.9171,3336010.2943],[4113720.1971,3335600.7171],[4114260.4771,3335191.1429],[4114800.7543,3334781.5657],[4115341.0343,3334371.9914],[4115881.3143,3333962.4143],[4116421.5943,3333552.84],[4116961.8714,3333143.2629],[4117502.1514,3332733.6886],[4118042.4314,3332324.1114],[4118582.7086,3331914.5371],[4119122.9886,3331504.96],[4119663.2686,3331095.3857],[4120203.5457,3330685.8086],[4120743.8257,3330276.2343],[4121284.1029,3329866.66],[4121825.9857,3329459.2114],[4122367.8714,3329051.7629],[4122909.7543,3328644.3143],[4123451.64,3328236.8657],[4123993.5229,3327829.4171],[4124535.4086,3327421.9686],[4125077.2943,3327014.5171],[4125619.1771,3326607.0686],[4126161.0629,3326199.62],[4126702.9486,3325792.1714],[4127244.8343,3325384.7229],[4127786.7171,3324977.2743],[4128328.6029,3324569.8229],[4128870.4886,3324162.3743],[4129412.3714,3323754.9257],[4129954.2571,3323347.4771],[4130496.14,3322940.0286],[4131038.0257,3322532.58],[4131579.9086,3322125.1314],[4132121.7943,3321717.6829],[4132665.2743,3321312.3686],[4133208.7571,3320907.0514],[4133752.2371,3320501.7371],[4134295.72,3320096.42],[4134839.2,3319691.1057],[4135382.6829,3319285.7886],[4135926.1657,3318880.4743],[4136469.6486,3318475.1571],[4136756.2629,3318261.4057],[4137013.1286,3318069.84],[4137092.4371,3318010.6943],[4137556.6114,3317664.5257],[4138100.0943,3317259.2086],[4138643.5771,3316853.8914],[4139187.0571,3316448.5771],[4139730.54,3316043.26],[4140274.0229,3315637.9457],[4140817.5029,3315232.6286],[4141360.9857,3314827.3143],[4141904.4657,3314421.9971],[4142447.9486,3314016.6829],[4142991.4286,3313611.3657],[4143536.5,3313208.1914],[4144081.5714,3312805.0143],[4144626.64,3312401.8371],[4145171.7114,3311998.66],[4145716.7829,3311595.4857],[4146261.8514,3311192.3086],[4146806.9229,3310789.1314],[4147351.9943,3310385.9543],[4147897.0657,3309982.7771],[4148442.1371,3309579.6],[4148987.2086,3309176.4229],[4149532.2771,3308773.2457],[4150077.3486,3308370.0686],[4150622.42,3307966.8943],[4151167.4914,3307563.7171],[4151712.5629,3307160.54],[4152257.6314,3306757.3629],[4152802.7029,3306354.1857],[4153347.7743,3305951.0114],[4153892.8429,3305547.8343],[4154031.6286,3305446.02],[4154439.4943,3305146.8029],[4154986.1429,3304745.7743],[4155532.7943,3304344.7429],[4156079.4457,3303943.7114],[4156626.0971,3303542.68],[4157172.7486,3303141.6486],[4157719.4,3302740.6171],[4158266.0514,3302339.5857],[4158812.7029,3301938.5543],[4159359.3543,3301537.5229],[4159703.6057,3301284.9771],[4159764.2343,3301240.4971],[4159906.0057,3301136.4914],[4160058.7457,3301024.4371],[4160193.14,3300925.8429],[4160195.9857,3300923.7571],[4160452.6571,3300735.46],[4160999.3086,3300334.4286],[4161186.1029,3300197.3943],[4161545.96,3299933.3971],[4162092.6114,3299532.3657],[4162639.2629,3299131.3343],[4163185.9143,3298730.3057],[4163732.5629,3298329.2743],[4164279.2143,3297928.2429],[4164825.8657,3297527.2114],[4165374.0886,3297128.3343],[4165922.3114,3296729.4543],[4166470.5343,3296330.5743],[4167018.7571,3295931.6943],[4167566.98,3295532.8171],[4168115.2029,3295133.9371],[4168663.4257,3294735.0571],[4169211.6486,3294336.1771],[4169759.8743,3293937.2971],[4170308.0971,3293538.4171],[4170856.32,3293139.5371],[4171404.5429,3292740.6571],[4171952.7657,3292341.78],[4172500.9914,3291942.9],[4173049.2143,3291544.02],[4173597.4371,3291145.14],[4174145.66,3290746.26],[4174693.8829,3290347.3829],[4175242.1057,3289948.5029],[4175790.3286,3289549.6229],[4176340.1143,3289152.9029],[4176889.9,3288756.18],[4177439.6857,3288359.46],[4177989.4743,3287962.7371],[4178539.26,3287566.0171],[4179089.0457,3287169.2943],[4179638.8343,3286772.5714],[4180188.62,3286375.8514],[4180738.4086,3285979.1286],[4181288.1943,3285582.4086],[4181837.98,3285185.6857],[4182387.7686,3284788.9629],[4182937.5543,3284392.2429],[4183487.3429,3283995.52],[4184037.1286,3283598.7971],[4184586.9143,3283202.0771],[4185136.7029,3282805.3543],[4185686.4886,3282408.6343],[4186236.2743,3282011.9114],[4186786.06,3281615.1914],[4187337.4029,3281220.6343],[4187888.7429,3280826.0771],[4188440.0857,3280431.52],[4188991.4257,3280036.96],[4189542.7686,3279642.4029],[4190094.1086,3279247.8457],[4190645.4514,3278853.2886],[4191196.7943,3278458.7314],[4191748.1343,3278064.1714],[4192299.4771,3277669.6143],[4192850.82,3277275.0571],[4193402.1629,3276880.5],[4193953.5029,3276485.94],[4194504.8457,3276091.3829],[4195056.1886,3275696.8257],[4195607.5286,3275302.2686],[4196158.8714,3274907.7114],[4196710.2114,3274513.1514],[4197261.5543,3274118.5943],[4197812.8943,3273724.0371],[4198365.7829,3273331.6514],[4198918.6686,3272939.2629],[4199471.5571,3272546.8771],[4199885.3829,3272253.1829],[4200024.4457,3272154.4886],[4200313.28,3271949.5029],[4200414.7343,3271877.5],[4200559.5314,3271774.7343],[4200577.3343,3271762.1],[4201130.2229,3271369.7143],[4201683.1114,3270977.3257],[4202236.0,3270584.9371],[4202788.8886,3270192.5486],[4203341.7771,3269800.1629],[4203894.6657,3269407.7743],[4204287.0543,3269129.2943],[4204447.5543,3269015.3857],[4205000.4429,3268623.0],[4205091.5886,3268558.3114],[4205553.3314,3268230.6114],[4206106.22,3267838.2229],[4206659.1086,3267445.8343],[4207211.9943,3267053.4486],[4207764.8829,3266661.06],[4208317.7714,3266268.6743],[4208870.66,3265876.2857],[4209425.0829,3265486.0743],[4209492.3286,3265438.7486],[4209979.5114,3265095.8629],[4210533.9371,3264705.6514],[4211088.3629,3264315.44],[4211642.7886,3263925.2286],[4212197.2143,3263535.0171],[4212751.64,3263144.8057],[4213306.0686,3262754.5943],[4213860.4943,3262364.3829],[4214414.92,3261974.1714],[4214969.3457,3261583.96],[4215523.7743,3261193.7486],[4216078.2,3260803.5371],[4216632.6257,3260413.3257],[4217187.0543,3260023.1143],[4217741.48,3259632.9029],[4218295.9057,3259242.6914],[4218850.3314,3258852.48],[4219404.7571,3258462.2686],[4219959.1829,3258072.0571],[4220515.1371,3257684.0286],[4221071.0914,3257296.0],[4221627.0486,3256907.9686],[4222183.0029,3256519.94],[4222738.96,3256131.9114],[4223294.9143,3255743.8829],[4223850.8714,3255355.8514],[4224406.8257,3254967.8229],[4224962.7829,3254579.7943],[4225518.7371,3254191.7629],[4226074.6943,3253803.7343],[4226630.6514,3253415.7029],[4227186.6057,3253027.6743],[4227742.5629,3252639.6457],[4228298.5171,3252251.6143],[4228854.4743,3251863.5857],[4229410.4286,3251475.5571],[4229966.3857,3251087.5286],[4230522.34,3250699.5],[4231078.2943,3250311.4686],[4231635.7714,3249925.6286],[4232193.2457,3249539.7886],[4232750.7229,3249153.9486],[4233308.2,3248768.1057],[4233865.6743,3248382.2657],[4234423.1514,3247996.4229],[4234980.6286,3247610.5829],[4235538.1057,3247224.74],[4236095.5829,3246838.9],[4236653.06,3246453.0571],[4237210.5371,3246067.2171],[4237768.0114,3245681.3743],[4238325.4886,3245295.5343],[4238882.9657,3244909.6914],[4239440.4429,3244523.8514],[4239663.3029,3244369.6057],[4239997.92,3244138.0086],[4240555.3943,3243752.1686],[4241112.8714,3243366.3286],[4241670.3486,3242980.4857],[4242227.8229,3242594.6457],[4242786.8114,3242211.0],[4243345.8,3241827.3514],[4243904.7886,3241443.7057],[4244463.7771,3241060.06],[4245022.7657,3240676.4114],[4245581.7543,3240292.7657],[4246140.7429,3239909.1171],[4246699.7314,3239525.4686],[4247258.72,3239141.8229],[4247817.7086,3238758.1743],[4248376.7,3238374.5286],[4248935.6886,3237990.88],[4249494.6771,3237607.2343],[4250053.6657,3237223.5857],[4250612.6543,3236839.94],[4251171.6429,3236456.2914],[4251730.6314,3236072.6457],[4252289.62,3235688.9971],[4252848.6086,3235305.3514],[4253407.5971,3234921.7057],[4253968.0886,3234540.2571],[4254528.58,3234158.8114],[4255089.0714,3233777.3629],[4255649.5629,3233395.9171],[4256210.0571,3233014.4714],[4256770.5486,3232633.0229],[4257331.04,3232251.5743],[4257891.5343,3231870.1286],[4258452.0257,3231488.68],[4259012.5171,3231107.2343],[4259573.0114,3230725.7857],[4260133.5029,3230344.34],[4260693.9971,3229962.8914],[4261254.4886,3229581.4457],[4261814.98,3229199.9971],[4262375.4743,3228818.5514],[4262935.9657,3228437.1029],[4263496.4571,3228055.6571],[4264056.9486,3227674.2086],[4264617.44,3227292.7629],[4265179.4286,3226913.5229],[4265741.4143,3226534.2829],[4266303.4,3226155.04],[4266865.3886,3225775.8],[4267008.7514,3225679.0543],[4267427.3743,3225396.5571],[4267989.3629,3225017.3171],[4268551.3486,3224638.0771],[4269113.3371,3224258.8343],[4269675.3257,3223879.5943],[4270237.3114,3223500.3514],[4270799.3,3223121.1114],[4271361.2886,3222741.8686],[4271923.2743,3222362.6286],[4272485.2629,3221983.3857],[4273047.2486,3221604.1457],[4273609.2371,3221224.9029],[4274171.2229,3220845.6629],[4274733.2114,3220466.4229],[4275295.1971,3220087.18],[4275857.1829,3219707.94],[4276420.6571,3219330.9114],[4276984.1286,3218953.8829],[4277547.6029,3218576.8543],[4278111.0771,3218199.8229],[4278674.5486,3217822.7943],[4279238.0229,3217445.7657],[4279801.4971,3217068.7343],[4280364.9714,3216691.7057],[4280928.4429,3216314.6771],[4281491.9171,3215937.6457],[4282055.3914,3215560.6171],[4282618.8657,3215183.5886],[4283182.34,3214806.5571],[4283745.8114,3214429.5286],[4284309.2857,3214052.5],[4284789.2114,3213731.3743],[4284872.76,3213675.4686],[4285436.2314,3213298.44],[4285999.7057,3212921.4114],[4286563.18,3212544.3829],[4287126.6514,3212167.3543],[4287691.6029,3211792.5429],[4288256.5514,3211417.7314],[4288821.5029,3211042.92],[4289386.4543,3210668.1086],[4289951.4057,3210293.2943],[4290516.3571,3209918.4829],[4291081.3057,3209543.6714],[4291646.2571,3209168.86],[4292211.2086,3208794.0486],[4292776.16,3208419.2343],[4293341.1114,3208044.4229],[4293906.0629,3207669.6114],[4294471.0143,3207294.8],[4295035.9657,3206919.9886],[4295600.9171,3206545.1771],[4296040.9629,3206253.2314],[4296051.5343,3206246.2171],[4296052.1,3206245.8429],[4296165.8686,3206170.3629],[4296730.8171,3205795.5514],[4297295.7686,3205420.74],[4297860.72,3205045.9286],[4298425.6714,3204671.1171],[4298992.0886,3204298.5314],[4299558.5086,3203925.9429],[4300124.9286,3203553.3543],[4300691.3486,3203180.7657],[4301257.7686,3202808.1771],[4301824.1886,3202435.5886],[4302390.6086,3202063.0],[4302914.9914,3201718.0629],[4302957.0286,3201690.4114],[4303457.9429,3201360.9114],[4303523.4486,3201317.8229],[4304089.8686,3200945.2343],[4304656.2886,3200572.6457],[4305222.7086,3200200.0571],[4305789.1286,3199827.4686],[4306355.5486,3199454.88],[4306921.9686,3199082.2914],[4307274.1343,3198850.64],[4307488.3857,3198709.7029],[4308054.8057,3198337.1143],[4308621.2257,3197964.5257],[4309187.6457,3197591.94],[4309754.0657,3197219.3514],[4310321.9429,3196848.9914],[4310581.8086,3196679.5143],[4310583.5314,3196678.3914],[4310585.2343,3196677.28],[4310741.0114,3196575.6857],[4310889.8229,3196478.6343],[4311401.98,3196144.6143],[4311457.7029,3196108.2743],[4312025.5829,3195737.9143],[4312033.9029,3195732.4886],[4312034.2714,3195732.2486],[4312042.2057,3195727.0743],[4312593.4629,3195367.5571],[4313161.3429,3194997.1971],[4313729.2229,3194626.8371],[4314297.1029,3194256.4771],[4314864.9829,3193886.1171],[4315432.8629,3193515.76],[4316000.7429,3193145.4],[4316568.6229,3192775.04],[4316857.4629,3192586.6657],[4316857.4771,3192586.6543],[4317108.0686,3192423.2229],[4317136.5029,3192404.68],[4317704.3829,3192034.32],[4318262.2657,3191670.4829],[4318272.2629,3191663.9629],[4318840.1429,3191293.6029],[4319034.2314,3191167.02],[4319034.3857,3191166.92],[4319056.2057,3191152.6886],[4319408.0229,3190923.2429],[4319449.6629,3190896.0857],[4319975.9029,3190552.8857],[4320543.78,3190182.5257],[4321111.66,3189812.1657],[4321680.9914,3189444.0429],[4322250.3229,3189075.92],[4322469.8829,3188933.9514],[4322819.6514,3188707.7943],[4323388.9829,3188339.6714],[4323958.3143,3187971.5457],[4324269.9571,3187770.04],[4324527.6457,3187603.42],[4324656.6886,3187519.9829],[4325096.9771,3187235.2971],[4325378.5229,3187053.2514],[4325406.2171,3187035.3457],[4325640.6686,3186883.7514],[4325666.3086,3186867.1714],[4326235.64,3186499.0486],[4326804.9714,3186130.9229],[4327374.3029,3185762.8],[4327943.6343,3185394.6743],[4328512.9657,3185026.5486],[4329082.2971,3184658.4257],[4329651.6286,3184290.3],[4330220.96,3183922.1771],[4330790.2886,3183554.0514],[4331359.62,3183185.9286],[4331928.9514,3182817.8029],[4332498.2829,3182449.68],[4333069.0543,3182083.7971],[4333639.8286,3181717.9143],[4334210.6,3181352.0286],[4334314.4,3181285.6886],[4334777.1171,3180989.96],[4334781.3714,3180986.1486],[4335352.1486,3180620.2629],[4335922.9229,3180254.3771],[4336493.6943,3179888.4943],[4337013.5343,3179555.2629],[4337064.4686,3179522.6114],[4337635.2429,3179156.7257],[4338206.0171,3178790.8429],[4338776.7914,3178424.9571],[4339347.5657,3178059.0743],[4339918.34,3177693.1914],[4340489.1114,3177327.3057],[4341059.8857,3176961.4229],[4341630.66,3176595.5371],[4342201.4343,3176229.6543],[4342772.2057,3175863.7714],[4343342.98,3175497.8886],[4343913.7543,3175132.0029],[4344485.96,3174768.3657],[4345058.1657,3174404.7286],[4345318.9571,3174238.9971],[4345630.3743,3174041.0914],[4346202.58,3173677.4543],[4346774.7886,3173313.8171],[4346867.58,3173254.8457],[4346997.4914,3173172.2886],[4347062.4857,3173130.9857],[4347346.9943,3172950.18],[4347592.2171,3172794.34],[4347761.18,3172686.9657],[4347919.2029,3172586.5429],[4348491.4114,3172222.9029],[4348807.8543,3172021.8029],[4348818.5286,3172015.02],[4349063.6171,3171859.2657],[4349483.3629,3171592.5171],[4349635.8257,3171495.6286],[4349958.7629,3171290.4029],[4349963.4086,3171287.4486],[4349971.0629,3171282.5857],[4350208.0314,3171131.9914],[4350484.0343,3170956.5914],[4350780.24,3170768.3543],[4351352.4486,3170404.7143],[4351924.6543,3170041.0771],[4352496.8629,3169677.44],[4353069.0714,3169313.8029],[4353641.2771,3168950.1657],[4354213.4829,3168586.5286],[4354785.6914,3168222.8886],[4355357.8971,3167859.2514],[4355931.5286,3167497.8686],[4356115.2457,3167382.1286],[4356189.2943,3167335.48],[4356502.0371,3167138.4514],[4356505.16,3167136.4829],[4356494.5457,3167126.4543],[4356400.9114,3167037.9714],[4356296.5171,3166765.9314],[4356261.38,3166769.8857],[4356176.8229,3166759.6686],[4356110.4114,3166729.1714],[4356039.2314,3166696.4857],[4355967.46,3166679.4543],[4355924.0371,3166677.3514],[4355892.6971,3166668.52],[4355858.7886,3166669.4771],[4353896.4343,3163416.0229],[4350302.3686,3157692.3086],[4351515.5086,3156964.7771],[4352508.26,3155980.6114],[4352766.8057,3154142.3343],[4352173.5714,3153251.74],[4351813.22,3152710.76],[4351079.4657,3151991.4114],[4350272.0914,3151937.5086],[4348474.02,3152794.62],[4348435.2057,3152777.4343],[4346892.3314,3153036.5914],[4346355.8943,3153427.6171],[4345819.4457,3153696.6314],[4345161.0771,3153526.7857],[4344527.1314,3152698.96],[4344502.8114,3152065.7114],[4344210.24,3151456.8971],[4344066.7514,3150781.3229],[4343221.3057,3149866.7],[4340500.5686,3149762.88],[4340462.0657,3148077.3429],[4338623.6657,3147604.3171],[4338312.6743,3146676.7171],[4338181.4657,3146285.3657],[4337518.6343,3144783.3629],[4337548.46,3144221.8943],[4337307.0286,3143888.0343],[4336977.5543,3143717.3143],[4336521.7657,3143164.9229],[4336340.8543,3142892.54],[4336308.2914,3142557.7114],[4336486.5657,3142261.9571],[4336547.7057,3141927.1371],[4336421.3143,3141584.58],[4335919.4543,3141465.0514],[4335488.1629,3141357.0257],[4335424.4629,3141053.3571],[4335517.1943,3140819.8029],[4335554.3143,3140329.2343],[4335458.0114,3139679.0514],[4335275.4771,3138962.7229],[4335537.9914,3138238.6829],[4335895.06,3137810.7914],[4335930.9743,3137424.1943],[4335348.1314,3136370.9429],[4334963.1657,3133335.2],[4335435.5257,3132593.6971],[4336302.7657,3130297.2086],[4337284.3571,3128869.4943],[4339327.4486,3126363.6914],[4339120.44,3125326.5914],[4338868.4286,3124377.5029],[4338668.5314,3123287.9286],[4338665.0343,3122299.7371],[4338649.5771,3122196.62],[4338650.4629,3122193.2971],[4338688.0886,3122099.8229],[4338693.0857,3122087.4029],[4338745.88,3122019.0514],[4338753.74,3121979.12],[4338761.52,3121939.5914],[4338756.1114,3121849.9971],[4338755.6371,3121842.14],[4338766.2314,3121761.8457],[4338774.3571,3121703.2571],[4338782.4,3121645.2543],[4338825.56,3121545.2257],[4338881.16,3121478.5771],[4338902.7229,3121466.56],[4339032.5571,3121394.1943],[4339098.6743,3121372.5114],[4339155.5829,3121359.3543],[4339158.8486,3121359.6229],[4338858.26,3119983.4686],[4338508.88,3118863.9143],[4339045.7143,3118197.2486],[4339628.1371,3117783.4886],[4339788.7657,3117617.4],[4340062.6629,3117334.1914],[4340122.1257,3116481.5743],[4339660.2971,3115650.9743],[4339660.9143,3115634.5543],[4339798.7886,3113838.08],[4339927.6257,3112159.38],[4339417.1286,3111237.3829],[4338853.22,3108524.0657],[4339036.36,3107456.3971],[4338814.7143,3104713.6657],[4338409.3286,3101768.4114],[4338569.0257,3100583.6943],[4338440.5457,3098995.9143],[4338113.7971,3098160.3714],[4337782.7429,3097129.4343],[4337047.4657,3095766.8429],[4336788.9371,3092692.7743],[4336604.3714,3090704.7514],[4336086.4771,3088994.2229],[4335868.1086,3088276.9257],[4335901.3371,3085267.0086],[4336267.4229,3084312.6771],[4336219.0829,3084040.7486],[4336045.5771,3083064.6771],[4334821.3086,3080637.0657],[4334994.5486,3079356.5429],[4334784.6086,3077974.8371],[4334250.5743,3076563.8343],[4332889.4886,3074418.2371],[4332621.3314,3073286.44],[4332882.6229,3072014.9914],[4333555.3371,3070633.4629],[4334490.76,3068502.3257],[4335194.9171,3068091.2543],[4337381.6571,3068395.7143],[4338570.2457,3067970.48],[4339258.9714,3067147.6371],[4339899.1371,3065637.7114],[4340296.4886,3064700.4914],[4340470.1486,3063656.8657],[4340187.8971,3062760.2686],[4339581.5,3061878.5486],[4339056.2286,3061233.1543],[4338864.7229,3060016.2286],[4336859.7657,3058038.4543],[4336597.46,3057415.4143],[4336766.58,3055546.0],[4336725.0314,3054922.86],[4335705.5371,3052460.1343],[4335440.1114,3052082.3],[4335118.56,3051844.6629],[4334189.9314,3050855.6743],[4334096.1886,3049803.98],[4333291.0257,3049008.7057],[4332141.5171,3048169.1314],[4331443.9429,3047896.1829],[4329245.32,3046330.2943],[4329229.8714,3046325.1771],[4328211.5571,3045476.7114],[4326618.6057,3044635.44],[4325957.7114,3044286.4057],[4324106.8886,3043278.92],[4322707.2229,3042933.9143],[4322113.8971,3042525.7429],[4321664.88,3042031.8486],[4321393.7457,3041318.44],[4321200.9286,3040345.4],[4321144.9543,3040224.5714],[4321279.7714,3039011.6286],[4320980.1971,3036850.44],[4321397.9,3036414.4886],[4321670.5343,3036129.9429],[4322339.4657,3035949.6286],[4322788.5314,3036096.7286],[4323832.1657,3036058.1857],[4324353.3771,3035675.4743],[4324596.8943,3034921.1057],[4324719.5914,3033299.8914],[4325402.8571,3030499.3857],[4325198.1886,3028472.8486],[4325209.4543,3027010.0914],[4325223.1943,3024406.2686],[4325154.4114,3023523.6171],[4324097.5314,3022382.9714],[4322965.82,3021756.8629],[4322198.68,3021608.9029],[4321322.4114,3021166.8543],[4320080.3,3021018.2686],[4318218.3629,3020023.7886],[4316941.7,3018956.4486],[4316578.9314,3018184.02],[4316953.0886,3016933.5314],[4318430.0114,3016784.6543],[4320867.5657,3017589.2686],[4321754.4286,3018102.1],[4324118.0971,3017327.5171],[4325522.1886,3016554.1057],[4326409.8514,3015781.2543],[4326859.8086,3014089.4343],[4327491.8257,3012783.6657],[4327911.3114,3009878.2429],[4327964.5343,3006752.1943],[4328377.5314,3005097.1686],[4328456.2371,3004104.1857],[4329160.6371,3003074.1429],[4330713.2314,3001969.7771],[4331488.6143,3001895.2857],[4332374.9971,3002187.8743],[4334054.5771,3002342.2686],[4335328.8314,3002459.4029],[4335959.4029,3001466.1857],[4336660.9257,3001428.5257],[4337215.2429,3001097.1171],[4338917.9171,2999257.3914],[4339693.5,2998999.2114],[4340653.48,2999034.6657],[4343090.76,2998406.9543],[4343532.2571,2997967.9057],[4343608.42,2997891.9429],[4343868.1829,2996459.6029],[4343575.9943,2995614.8943],[4342404.3,2994035.6657],[4342005.2229,2991372.9886],[4342195.3914,2987810.5114],[4342565.3771,2986378.1743],[4342613.3257,2984864.8829],[4342643.3429,2983917.4943],[4343048.6571,2983329.8743],[4343546.7114,2982218.9],[4343839.5114,2980524.5114],[4343957.6086,2980278.1257],[4344450.5857,2979249.6429],[4345581.8571,2978041.5857],[4346879.4971,2975821.9457],[4346131.3343,2974046.2914],[4345782.6057,2972820.8371],[4346058.7486,2971920.5029],[4347236.5,2970194.8686],[4347805.8857,2969881.1286],[4347962.6914,2969794.7286],[4349315.3343,2968419.2229],[4350101.8257,2967364.3429],[4350101.3171,2967363.3857],[4350107.4686,2967356.7657],[4350709.3971,2966709.3571],[4351457.6886,2966943.5457],[4352159.2143,2966721.8829],[4353071.1943,2967002.9114],[4353428.9229,2967241.5314],[4354388.1543,2966921.8771],[4355268.6771,2966198.4],[4355196.6857,2964715.26],[4354594.3029,2962605.0971],[4354654.84,2961568.1057],[4354570.5343,2961158.1314],[4354232.9886,2961085.7857],[4353497.6343,2960724.0486],[4353328.9457,2960223.6371],[4353546.1429,2959644.8543],[4355162.5171,2957860.2657],[4354897.38,2957335.74],[4354547.9314,2956395.2114],[4354294.9829,2955297.9286],[4354680.9743,2954912.0743],[4355609.6829,2954767.3829],[4355935.4829,2953875.0886],[4355911.5657,2953037.0514],[4356333.8086,2952289.4514],[4357262.5486,2951722.7314],[4359457.8057,2950028.5857],[4360772.48,2949606.5629],[4361918.2857,2949715.1],[4362879.9429,2949364.9657],[4363175.7514,2948957.0371],[4363970.2657,2948979.7286],[4365162.0286,2948651.4029],[4365722.7171,2947809.0057],[4366259.9429,2946639.1171],[4366974.7257,2946221.2914],[4368082.5657,2945573.7057],[4368315.0886,2945526.0314],[4368885.86,2946049.0],[4369669.6257,2947001.1971],[4370429.2771,2947543.5143],[4371237.1657,2947700.0057],[4371888.2971,2947434.4971],[4372250.0286,2946614.2514],[4372298.2429,2945444.2314],[4372756.8514,2943726.7229],[4372850.9429,2943583.7486],[4372616.6257,2941641.96],[4372709.98,2941127.2657],[4373107.2,2940706.0257],[4373294.04,2940167.92],[4372615.8257,2939267.0257],[4373199.5857,2938536.22],[4373270.0343,2938448.0457],[4373900.9343,2938307.4371],[4375630.04,2939031.0514],[4377242.3343,2939521.0171],[4377521.3771,2939418.0057],[4377686.2971,2939357.1257],[4377756.2657,2938936.1314],[4377669.3371,2938529.4229],[4377311.3457,2936854.5371],[4377871.4086,2934328.5514],[4378128.0886,2933135.7257],[4378121.1629,2932535.1686],[4378120.5029,2932477.8486],[4378115.2229,2932020.2914],[4378103.9429,2931042.46],[4378851.6257,2930527.7],[4379786.3086,2930597.3143],[4380393.8229,2930293.0571],[4380545.5,2929927.08],[4380907.5914,2929053.4143],[4381472.8657,2928864.5886],[4381925.9343,2928713.2457],[4382099.2829,2928655.3371],[4383057.24,2927930.0371],[4383163.6257,2927817.9086],[4383501.14,2927462.1714],[4383501.9629,2927436.2629],[4385051.7457,2926551.5343],[4385420.1486,2926593.9514],[4385853.5629,2926614.5286],[4386286.98,2926613.42],[4386785.36,2926308.3686],[4387175.3429,2925916.6629],[4387744.1571,2925019.1629],[4388086.9057,2924554.9343],[4388131.7686,2924494.1714],[4389176.3057,2923750.8371],[4389182.5714,2923759.1229],[4390024.3,2923128.2771],[4390725.7114,2923292.1086],[4392243.6086,2924330.9486],[4392502.6743,2924508.2543],[4393133.9429,2924508.4343],[4393227.0771,2923769.8886],[4393344.6543,2922837.5514],[4392970.9343,2921412.0571],[4393027.7457,2921162.3657],[4393204.8943,2920383.8286],[4393477.4571,2920129.0257],[4393929.7343,2919706.2171],[4394631.16,2919309.0629],[4394794.9543,2918491.1514],[4394811.6286,2917731.1486],[4394818.54,2917416.18],[4394304.4543,2916668.4171],[4393537.3686,2916317.0],[4392621.7743,2915897.5486],[4390798.84,2915629.2486],[4389817.3,2914928.3229],[4389513.5629,2914250.6429],[4389258.96,2913331.4486],[4388976.32,2912311.0343],[4388840.6771,2910557.3086],[4388167.44,2910064.1943],[4386959.0143,2909007.0486],[4385860.92,2908402.9571],[4385163.8343,2908192.1886],[4384540.6629,2908003.7686],[4384328.8943,2907910.8543],[4383198.38,2907414.8486],[4382344.5571,2906767.5543],[4381702.5571,2905701.8657],[4381370.8914,2904691.0],[4381316.4171,2904524.9771],[4380975.5143,2903332.5629],[4380952.7486,2903252.9286],[4380564.8371,2902848.4543],[4380087.7257,2902900.6543],[4378989.8886,2903669.8257],[4378757.1714,2903923.2429],[4378029.8743,2903861.82],[4377635.04,2903412.8457],[4377472.44,2902760.3229],[4377425.2514,2902322.14],[4377737.4371,2901270.4343],[4377737.4971,2901270.2257],[4377873.0257,2900438.1429],[4378272.5143,2899638.8743],[4378273.6086,2899636.6829],[4378472.3657,2899144.8286],[4378189.4714,2899120.9114],[4378107.3543,2899114.0543],[4377624.2771,2899438.0943],[4376822.3229,2899792.6371],[4375978.7286,2900048.2714],[4375041.3714,2900507.0314],[4374583.0429,2901028.0257],[4374354.9457,2901464.6514],[4374218.38,2901726.0657],[4374180.5114,2901952.9571],[4374145.3457,2902163.6114],[4373951.7371,2902882.2314],[4373926.4171,2902976.2086],[4373673.8371,2903600.6771],[4373540.8486,2903929.4743],[4372686.5514,2905388.0943],[4372142.9771,2906149.24],[4371957.3429,2906409.1771],[4371463.7257,2907280.8971],[4371403.3829,2907306.8486],[4371326.7343,2907339.8114],[4370353.0143,2908095.8486],[4369647.0343,2908729.8057],[4369344.5114,2909016.8371],[4369184.4829,2909168.6686],[4368632.9457,2909346.7714],[4368502.9714,2909388.7457],[4367845.6914,2909949.5943],[4366920.7543,2910364.7457],[4366190.5343,2910730.9286],[4365387.3429,2910829.5371],[4364657.1743,2910806.4029],[4363927.0029,2910734.6257],[4362929.0886,2910493.0571],[4360668.7257,2911124.0029],[4358414.1057,2911753.3486],[4355249.9257,2912853.3629],[4353740.9114,2912953.1143],[4352852.5286,2913137.0171],[4351100.12,2913115.5429],[4349883.0686,2912461.0514],[4348885.1657,2912292.4314],[4347838.5829,2912172.5286],[4347546.1629,2911371.2343],[4346864.6143,2911007.6371],[4346613.6486,2911225.5],[4346499.4571,2911324.6286],[4346134.3714,2911349.5486],[4345063.4571,2911351.2914],[4344308.9486,2911279.5514],[4342568.7114,2911391.8457],[4340840.6,2911905.5714],[4341131.4286,2913562.3171],[4341131.0943,2914098.3086],[4340790.0714,2914804.9714],[4339378.4086,2914685.6571],[4338307.4714,2914395.5771],[4337212.0429,2913570.8029],[4336700.7143,2912891.1257],[4336627.1457,2911944.0486],[4336164.6514,2911653.0543],[4335385.7914,2911848.9486],[4334898.9743,2911606.5943],[4334083.48,2910963.7086],[4333669.6914,2910769.8657],[4333036.8743,2910697.9286],[4331917.2571,2910991.6943],[4330870.6743,2911188.0143],[4330505.3457,2911845.9771],[4330553.3057,2912942.3257],[4330892.7343,2914672.1743],[4331475.6143,2915963.6343],[4331888.74,2916402.44],[4331546.9257,2918424.64],[4332251.7,2919107.2971],[4332348.4114,2920033.1057],[4332299.3943,2920617.8314],[4333562.6943,2922713.6457],[4333501.2343,2923749.0914],[4333136.0857,2924041.7343],[4332770.9486,2924310.0314],[4332308.2029,2925138.5771],[4331943.0429,2925455.5714],[4331650.9714,2925529.0314],[4330969.4743,2925408.54],[4330507.02,2925555.2686],[4330093.2314,2925750.6057],[4329679.08,2926700.9114],[4329289.6514,2926774.5257],[4328729.8057,2927091.78],[4328461.8943,2927579.1571],[4324811.0343,2928022.9629],[4324226.5943,2928924.6857],[4323614.5571,2929174.6257],[4322461.9286,2929645.3314],[4321366.6314,2930060.74],[4320417.4143,2930062.2829],[4319906.2857,2929941.52],[4319322.0314,2929431.9829],[4319005.08,2928290.7],[4318907.1229,2927246.4886],[4318835.6571,2926926.3429],[4317409.9029,2926022.3371],[4316725.3286,2926093.1114],[4316137.7686,2926625.7943],[4316041.2057,2926713.34],[4315528.3286,2927333.1886],[4314707.2314,2927953.7543],[4314126.1057,2928745.6429],[4313922.6771,2929949.8143],[4313890.2914,2930947.5143],[4313241.2029,2932083.38],[4311832.9829,2932809.0457],[4311632.8286,2932912.1886],[4310366.5257,2932436.3543],[4309477.3314,2931514.4657],[4309088.8829,2930411.1829],[4307832.1057,2929869.1514],[4306493.7371,2928396.5343],[4305228.3943,2927093.2114],[4304522.76,2926563.0229],[4304023.9714,2926359.2771],[4302953.3971,2926852.3029],[4302028.6057,2928345.7857],[4302344.4286,2929691.2486],[4302222.4057,2931134.3686],[4302294.8429,2933042.1914],[4302513.2857,2934705.4971],[4302391.3343,2935904.0314],[4302196.5943,2936393.4286],[4301588.3,2936786.6257],[4300809.7143,2937010.0457],[4300225.7657,2937256.8029],[4300215.72,2938645.7114],[4299563.1914,2939532.68],[4298588.7,2940330.3657],[4297525.2314,2941279.3171],[4297145.02,2941440.62],[4297046.1057,2941482.5857],[4296461.9829,2941732.3286],[4295647.42,2942817.0686],[4295101.4914,2944000.8086],[4293298.0571,2946098.9486],[4293069.8286,2946997.4714],[4292128.9686,2950701.5257],[4292023.18,2952279.5543],[4291993.0886,2952728.3629],[4292513.3914,2954583.0657],[4292444.7371,2954960.9229],[4292203.3829,2955269.6543],[4290271.1914,2955328.1686],[4287856.02,2955884.5486],[4285648.1057,2957010.86],[4282750.0143,2958030.3029],[4282437.2171,2958077.0886],[4282250.0314,2958105.0886],[4282049.0657,2958135.1486],[4281059.84,2958283.1086],[4280300.2971,2958396.7171],[4278506.3371,2959249.3914],[4277885.2743,2959245.9943],[4276954.3171,2958063.3714],[4276285.2171,2957965.2143],[4275608.6943,2957865.9629],[4274992.7629,2957581.9486],[4274849.7,2957515.9829],[4274644.0514,2956091.9371],[4273713.3429,2954631.7514],[4273576.2314,2953693.9657],[4274026.5943,2952599.4571],[4274131.3486,2951592.24],[4274019.8629,2951113.4171],[4273993.8543,2951001.7286],[4273476.7229,2950271.4771],[4273674.8543,2949861.3971],[4273782.2543,2949639.1086],[4274030.8143,2949124.6686],[4274171.0771,2947249.18],[4274136.6971,2946930.4514],[4274040.8686,2946042.0971],[4274001.2143,2945999.32],[4273827.7514,2945812.1971],[4273512.6857,2944833.6657],[4272882.0,2943414.4486],[4272372.58,2942288.8429],[4272300.9743,2941066.0086],[4272155.9171,2940283.3229],[4272059.6914,2939329.4914],[4271793.1543,2938448.84],[4271550.5514,2937934.9543],[4271234.7743,2937713.94],[4270542.3257,2937746.6371],[4270311.4457,2937882.4343],[4269569.0971,2938740.8857],[4269096.7743,2939246.5857],[4267789.0657,2940963.3914],[4267153.1229,2941486.5686],[4266535.18,2941701.3457],[4265335.6343,2941312.34],[4264427.1343,2940559.8686],[4263627.8857,2939606.8914],[4263373.8486,2939021.14],[4263530.2457,2938583.7886],[4263720.7257,2938051.14],[4263734.6543,2937701.6857],[4263739.7829,2937560.9029],[4263742.1686,2937495.3314],[4263755.8314,2937120.1429],[4263755.9171,2937117.84],[4263773.1143,2936647.72],[4262794.2886,2934258.9114],[4262619.6686,2933832.7457],[4262453.3257,2932739.6429],[4262585.82,2932377.1114],[4262718.5543,2932015.1371],[4262961.2257,2931356.1029],[4263579.7914,2930591.6543],[4264689.6029,2929599.6486],[4264717.2,2929563.3714],[4265617.4429,2928380.18],[4265762.88,2927178.9743],[4265483.9829,2926538.5771],[4265271.4429,2926050.5486],[4264726.7857,2925696.4343],[4263815.5457,2925103.9829],[4262905.6257,2924903.6314],[4262013.8971,2924466.7143],[4261721.2543,2923786.36],[4262032.8457,2920813.3171],[4262038.6229,2920758.1829],[4262695.0486,2918009.0257],[4262767.8457,2916451.9857],[4262646.1657,2915916.7514],[4262183.9486,2915527.4486],[4261478.48,2915332.7057],[4260894.6429,2915527.1714],[4259045.8343,2915915.96],[4256515.8857,2916231.6429],[4253402.0943,2917033.6629],[4251030.2629,2917702.0571],[4249886.9171,2917872.0857],[4248844.9714,2917794.1229],[4248257.0514,2917750.1286],[4247329.0029,2917496.8571],[4245155.4,2917894.3886],[4244519.6943,2918935.7657],[4244554.78,2920930.3429],[4243301.1229,2921777.46],[4242632.5229,2922429.0543],[4242600.8,2922527.8943],[4242162.8657,2923403.3486],[4243087.0343,2924132.8143],[4244278.6943,2925494.5686],[4244789.3057,2927099.5857],[4244472.8743,2929093.7114],[4244147.6943,2930068.6914],[4241357.5886,2932800.0429],[4239980.3514,2933364.6914],[4239415.3314,2933152.7114],[4239062.0971,2931951.9286],[4237826.1029,2931174.82],[4237261.0686,2931668.9971],[4237013.8314,2932233.8229],[4236486.9686,2932274.3857],[4235493.3343,2931538.6829],[4234319.0629,2931151.3514],[4233402.8571,2930531.8],[4232331.7314,2928944.3886],[4231879.9943,2927679.66],[4231737.9314,2926479.4714],[4232241.0086,2925485.7429],[4232744.1143,2924808.1829],[4232781.9771,2924684.1943],[4232885.9886,2924343.5914],[4232344.0029,2923891.8543],[4231595.5714,2923904.6029],[4230847.1343,2924110.8857],[4230395.4857,2923852.7286],[4230292.1914,2923181.6543],[4230317.9057,2922375.0743],[4230227.4743,2921355.5629],[4229917.7086,2920477.9943],[4229453.1343,2919884.32],[4228536.94,2919471.2314],[4227298.1543,2919470.9743],[4226007.7486,2919161.04],[4224678.6343,2919322.0457],[4224265.9629,2919472.0029],[4222516.7,2918517.5686],[4220400.2686,2917373.8571],[4218259.5286,2916570.7029],[4214233.4857,2915171.2143],[4213041.4571,2914246.6029],[4211825.04,2912543.5114],[4210851.8371,2910475.5286],[4210048.9029,2908310.2429],[4209534.6286,2907156.6543],[4209148.68,2906290.92],[4207628.0657,2903188.9371],[4206363.0543,2902191.3343],[4205000.7686,2901801.8629],[4204196.32,2901619.2629],[4202641.1029,2901266.2429],[4200184.1371,2901436.0],[4197496.0629,2902055.6886],[4192874.0114,2903805.9771],[4192144.2143,2904049.0543],[4190684.6286,2903902.8086],[4188677.6371,2902260.4257],[4186925.9914,2899778.7857],[4185466.3229,2898075.6629],[4183957.94,2895667.0314],[4183301.0057,2894036.98],[4183008.9429,2892479.9371],[4182985.6886,2891742.9486],[4182985.6229,2891740.8886],[4182985.4314,2891734.8914],[4182985.3457,2891732.2943],[4182949.9686,2890544.5629],[4183610.4514,2888328.1771],[4185194.52,2887328.5314],[4187290.1857,2886230.9686],[4188654.9171,2885377.5971],[4189459.3057,2884695.2],[4189996.8343,2883306.86],[4189367.1086,2881772.3657],[4188809.0257,2881138.8771],[4187632.0371,2879957.0571],[4186005.1057,2879468.4257],[4183236.8029,2878856.7314],[4182459.8571,2878466.4457],[4182193.3,2877906.2114],[4182488.6457,2875787.34],[4182629.6029,2874145.5543],[4182338.2686,2873842.5771],[4181755.7229,2873679.7171],[4180477.7143,2874553.04],[4179781.9571,2874860.0457],[4179647.4314,2874822.6971],[4179312.6829,2874729.7543],[4179037.76,2874453.7057],[4178990.2886,2873739.5971],[4179040.3657,2872846.96],[4179114.52,2872689.7571],[4179561.0314,2871743.1914],[4179773.3371,2870785.6114],[4179580.46,2869795.5743],[4179160.5971,2868919.0457],[4179178.1457,2868091.3314],[4179423.1514,2866963.3343],[4179522.3314,2865778.5629],[4179556.5114,2864691.1714],[4179491.5029,2864342.3057],[4179299.4371,2863311.6143],[4178699.6771,2862279.5371],[4178743.9886,2862251.6457],[4178675.2857,2862237.5171],[4178031.82,2862105.2086],[4177424.5,2862226.0486],[4177205.9714,2862006.7457],[4177304.0629,2861373.5257],[4177326.6029,2861244.68],[4177402.1886,2860813.3343],[4177480.4743,2860232.1057],[4177506.3057,2860039.9857],[4177549.6457,2859717.6571],[4177665.34,2859142.32],[4177745.4286,2858744.0657],[4178443.0714,2855129.6171],[4178980.2229,2853523.16],[4179199.2314,2852994.2229],[4179443.8257,2852403.4857],[4179955.3771,2852038.2257],[4180471.88,2851993.0314],[4181074.7229,2851940.7914],[4182284.8457,2851925.2514],[4182923.2229,2851916.6914],[4185332.1829,2852475.4971],[4187449.1343,2852693.8657],[4190113.5686,2852924.2486],[4193252.4971,2852655.8771],[4193082.9543,2850709.48],[4192160.0657,2847011.2943],[4191650.7686,2842996.84],[4191456.6086,2841853.3286],[4191391.4057,2841164.5257],[4191153.0514,2838654.2057],[4191834.3114,2836586.3629],[4193610.1314,2835442.8314],[4195312.9543,2835004.74],[4197906.8829,2834923.2971],[4198426.6714,2834906.9771],[4200445.7257,2835320.1714],[4202525.5971,2835867.1314],[4202927.9943,2835883.6057],[4202997.2029,2835954.52],[4203613.9857,2836269.3371],[4204742.6171,2837712.4429],[4205634.9743,2837948.4971],[4206487.9657,2837646.5629],[4207498.5286,2835809.2114],[4207953.1829,2834813.3514],[4208850.5829,2834479.3257],[4210431.7829,2833676.3771],[4211952.1743,2834466.64],[4215260.5457,2836363.3143],[4218230.78,2837803.24],[4220125.7771,2838721.9029],[4221110.9829,2838977.1486],[4221865.0886,2838758.1171],[4222594.9029,2837906.6171],[4223057.2114,2836203.6943],[4223402.3743,2834656.8343],[4223762.8943,2833041.1257],[4224614.5771,2829270.3714],[4224979.62,2827251.1943],[4225865.3514,2823174.0657],[4226086.8257,2822154.5943],[4227546.4829,2820038.0486],[4229152.0171,2819040.4943],[4230708.8771,2819161.8743],[4232095.4571,2819356.2571],[4232516.8343,2819271.9229],[4233676.2029,2819039.84],[4234843.3743,2818480.2371],[4236314.3343,2816813.7943],[4238307.5571,2812580.9057],[4239255.2,2809223.8143],[4239473.6,2807423.64],[4239242.14,2806073.5086],[4238879.5171,2805171.0743],[4238984.4771,2804626.8686],[4239322.3743,2803913.9857],[4239143.66,2803638.2457],[4238901.9857,2803265.0257],[4238143.6229,2803036.3886],[4237991.4229,2802955.6714],[4237229.9429,2802551.8257],[4236864.5514,2801674.3343],[4236834.9886,2799714.86],[4236323.4686,2798823.3257],[4234086.0686,2797582.24],[4233089.4886,2797019.7114],[4232386.4229,2796622.8657],[4232188.9686,2796511.4514],[4230971.9429,2795878.4],[4230375.4943,2795282.0771],[4230617.9571,2794040.9829],[4231637.4457,2790755.6857],[4232584.2,2787859.7514],[4232315.7314,2786399.6371],[4231950.2914,2785523.5457],[4230830.5686,2784744.5543],[4228214.14,2784244.6829],[4226121.0171,2784170.74],[4223516.7657,2783756.0143],[4223127.0514,2782977.2514],[4223135.6514,2782148.12],[4223145.5543,2779534.6057],[4223149.3229,2778540.0057],[4223269.5371,2774954.5343],[4223262.3686,2773954.5057],[4223849.1086,2772819.92],[4226085.4829,2770037.1257],[4227869.7143,2768296.4429],[4227954.5114,2768244.8629],[4227947.6343,2768233.4429],[4228863.5486,2767283.0629],[4228035.9629,2766220.3514],[4227002.5257,2764424.2657],[4226834.98,2763804.6343],[4226273.3429,2762773.8143],[4226170.5657,2762359.54],[4225945.0257,2761423.4286],[4225480.5343,2760414.7371],[4224914.86,2759582.64],[4224665.7343,2758113.6314],[4224343.1657,2757459.2514],[4224460.3971,2756885.7543],[4224482.0771,2756880.7229],[4225922.9257,2756546.3171],[4229287.9457,2754311.4686],[4233870.3029,2754703.9886],[4238501.3743,2754610.0543],[4241523.8371,2755098.7543],[4243620.12,2755586.7886],[4244838.8286,2755684.9686],[4245278.1686,2755101.7343],[4244842.2771,2754275.4086],[4244163.28,2753546.4257],[4243582.1229,2752428.4514],[4241739.8486,2749998.3057],[4241256.0886,2748783.0714],[4241305.9457,2748199.7286],[4241696.3371,2747762.3286],[4243207.7914,2747131.1029],[4245840.2629,2747570.8657],[4251909.8257,2749156.4629],[4251974.1857,2749172.1314],[4255517.3971,2750034.8086],[4258744.8743,2750198.1943],[4259417.2571,2750232.2314],[4260782.6343,2749455.0171],[4261654.7314,2748512.5114],[4263076.0429,2746976.4543],[4263783.8286,2747279.6686],[4263839.8514,2747303.6686],[4263860.7143,2747235.2057],[4263905.1743,2747089.2914],[4264244.52,2746826.3629],[4264946.4686,2746277.1429],[4266375.6029,2745565.6857],[4267110.0457,2745336.9229],[4267588.52,2745187.8914],[4268339.4457,2745346.8429],[4268973.1257,2746244.94],[4269752.6686,2746621.2914],[4270821.3543,2746751.04],[4271759.5886,2747264.9743],[4272958.0629,2747641.0571],[4274881.98,2747249.3286],[4277107.8914,2746359.7886],[4277143.5286,2742952.1743],[4277816.1886,2740858.8514],[4277279.7657,2739422.1486],[4276498.5029,2737329.6943],[4276049.0171,2736852.4657],[4274998.8171,2735546.5629],[4275054.58,2734966.2686],[4275516.1029,2734663.5229],[4275718.4229,2734530.8086],[4277624.5429,2734036.56],[4278157.3543,2733953.9057],[4278375.4971,2733920.0629],[4279328.6686,2733977.4086],[4279934.5714,2734469.7943],[4280380.9371,2735158.4886],[4282720.4714,2735156.9057],[4284174.2057,2734864.0171],[4285578.2171,2733792.58],[4287824.0029,2730165.4657],[4288540.5886,2726806.4743],[4288332.2229,2723204.1371],[4289188.2629,2718141.3429],[4291119.4943,2714830.7257],[4293105.3,2713710.2943],[4295188.9714,2713271.0286],[4298531.9371,2712003.7714],[4299144.0229,2711893.9257],[4300300.6829,2711686.3457],[4300312.6429,2711676.12],[4301051.9514,2711043.8829],[4301243.3914,2710849.6029],[4300943.7514,2709694.68],[4300928.9657,2709676.5],[4301103.7943,2709537.0257],[4300353.6686,2708627.7771],[4300272.6943,2708516.5543],[4300054.14,2708353.5857],[4298572.7029,2707248.9257],[4297164.9429,2705299.8571],[4296535.98,2702620.6229],[4296490.7571,2699892.7743],[4296541.4029,2697107.3057],[4296575.4829,2697088.2743],[4296542.8371,2697041.9914],[4296368.4714,2696794.7657],[4296011.7143,2696355.6943],[4295733.9743,2696116.1429],[4295458.4686,2695158.4086],[4295620.0543,2694579.78],[4295442.8886,2693981.1943],[4295026.8543,2693402.4514],[4294671.0629,2692644.2],[4295471.8314,2692065.18],[4295791.8829,2692024.9914],[4296173.5971,2691266.7257],[4295738.3943,2690448.5857],[4295420.9457,2690189.0571],[4295306.3286,2688792.4171],[4295294.0857,2687735.7486],[4294970.5514,2686984.0971],[4294834.58,2686113.8429],[4294488.5829,2685765.5971],[4294211.6229,2685556.6],[4294004.7429,2685104.0257],[4293798.2057,2684547.0314],[4293730.2829,2684094.4943],[4293696.8714,2683711.5857],[4293944.8257,2682458.4086],[4293962.2029,2682403.38],[4293945.6971,2682146.3571],[4293795.2457,2679803.5829],[4293757.3714,2679244.9286],[4293659.6543,2678706.2143],[4293363.2457,2678047.7371],[4292768.0571,2677548.6543],[4292093.0686,2677209.0486],[4291695.8914,2677108.9743],[4291219.8343,2676669.82],[4291061.9057,2676270.7486],[4290625.4657,2675891.46],[4289892.5657,2674833.7743],[4289674.9343,2674434.6771],[4289478.3314,2673696.4314],[4289273.6743,2672409.5114],[4289536.7229,2671332.0771],[4289500.12,2670414.2857],[4289109.7257,2670061.72],[4288726.4914,2669715.62],[4288409.2886,2669356.36],[4288691.8086,2668418.5829],[4288723.5029,2668357.9343],[4288730.1743,2668345.1686],[4288498.96,2667583.72],[4288373.04,2666941.84],[4288151.6771,2666107.38],[4287994.3914,2665272.9371],[4288029.0743,2664534.7886],[4288063.1886,2663957.1086],[4288681.52,2663438.0029],[4288842.76,2662801.6971],[4289184.04,2662203.0486],[4289824.3057,2661943.2371],[4290364.3857,2661882.8971],[4290685.2229,2661443.8486],[4290946.3943,2660925.0371],[4291727.3514,2660266.26],[4293028.0514,2659626.9857],[4293069.7629,2659108.2314],[4292953.5971,2658150.5314],[4293333.9343,2657890.9543],[4293614.5914,2657531.7229],[4293556.9314,2656933.16],[4293440.6971,2655995.4143],[4293333.8971,2655207.3029],[4294457.5857,2653411.3057],[4293847.1143,2651416.02],[4293512.0171,2650418.3657],[4293296.1829,2649480.6],[4293079.8057,2648702.4457],[4292605.3714,2647704.7371],[4292429.1657,2646826.8343],[4292343.3429,2645739.4514],[4292528.6429,2644083.4286],[4292822.3429,2642829.2371],[4292832.3457,2642786.52],[4293045.2514,2642203.3543],[4293174.7257,2641848.72],[4293676.1857,2641110.3429],[4294617.1714,2640391.6057],[4295157.2886,2640510.64],[4295797.98,2641008.1171],[4296218.0514,2641067.4829],[4296400.1057,2641029.5086],[4296698.1514,2640967.3343],[4298759.0314,2640108.0171],[4300465.7286,2639446.0914],[4300453.7429,2639358.7],[4300012.6857,2636375.8914],[4300175.0857,2633295.6457],[4300003.3314,2632885.5314],[4299856.3571,2632534.5943],[4299590.4514,2632322.48],[4298202.8514,2631834.9657],[4298076.8543,2631216.98],[4297557.8914,2629888.2029],[4296833.0343,2629038.3057],[4295693.9914,2627712.5143],[4295245.52,2627373.6286],[4295037.9114,2626828.4714],[4295036.5343,2626112.4943],[4295006.8657,2625331.1857],[4295206.4514,2624684.2429],[4295248.1029,2623120.7429],[4295192.8514,2622894.7086],[4294980.84,2621985.2857],[4294466.96,2621006.8086],[4294113.1829,2619406.0314],[4293227.2829,2617564.7914],[4293209.9257,2617013.44],[4293316.6943,2616622.1314],[4294311.6057,2615447.4943],[4295502.2343,2613543.7057],[4295504.4371,2610422.3543],[4296570.8914,2608358.6714],[4298364.6629,2607751.1657],[4300566.8457,2607435.7571],[4301366.0257,2607309.7743],[4302822.3,2607306.6086],[4303703.8229,2607058.4886],[4304029.2057,2606966.4429],[4305039.1029,2606626.1571],[4305889.4286,2606161.9257],[4307377.6686,2605598.2771],[4308706.5886,2605523.42],[4309999.9429,2605998.5743],[4310442.3914,2605357.4286],[4311079.5429,2604449.1229],[4311358.9886,2603827.6771],[4311503.8429,2603505.5429],[4311818.9,2600720.04],[4311841.7286,2600368.3171],[4311870.8829,2599919.1057],[4311246.8971,2598210.1429],[4311120.1257,2596590.4771],[4311118.4543,2595522.5743],[4311241.3857,2594703.82],[4311824.9657,2593519.8286],[4310704.12,2592130.4086],[4310401.34,2591507.2629],[4310080.0429,2590368.0371],[4309969.8371,2587991.9457],[4309666.1629,2586763.7486],[4309150.4371,2586318.1057],[4307941.6343,2585870.7],[4307017.1229,2585335.2029],[4306358.5714,2584302.34],[4305752.6143,2582780.2429],[4305697.9229,2581854.72],[4305908.9914,2580662.1743],[4305908.4886,2580341.8029],[4305481.6943,2579985.2571],[4304077.1886,2579217.5057],[4303668.06,2578772.0829],[4303199.5657,2577826.5257],[4303308.0457,2577036.4029],[4302964.4657,2576269.58],[4302535.0143,2575716.4371],[4302213.1771,2575269.9086],[4301890.8371,2574822.6829],[4301203.7286,2574185.3714],[4300645.4629,2573889.3629],[4299614.8229,2573553.68],[4298584.1829,2573432.3486],[4298111.8086,2573564.7029],[4297897.0771,2573954.3571],[4297732.3829,2574617.8514],[4297578.5114,2574457.8829],[4297223.3429,2574351.6771],[4296157.6286,2575319.9543],[4295888.9543,2575397.8886],[4295482.8086,2575515.6943],[4294879.0257,2575658.1314],[4293848.9257,2574949.1914],[4293529.1143,2574452.7171],[4293308.4171,2574293.9371],[4292001.7029,2573353.82],[4290864.8771,2572174.8743],[4290242.8914,2571476.4971],[4289870.1171,2571057.9371],[4289408.4057,2571005.0457],[4288946.6657,2570774.72],[4287064.3,2571113.3343],[4285873.9486,2572836.3429],[4285500.9971,2573049.6257],[4284879.3971,2572659.7429],[4284204.3429,2571826.44],[4284133.0686,2571374.2371],[4281931.0086,2570666.0857],[4280297.0114,2571909.9],[4280217.9457,2572192.7857],[4279870.0971,2573437.3114],[4280224.4029,2574378.6457],[4279673.8429,2574716.3171],[4279602.4543,2575355.6857],[4279956.88,2576092.7914],[4278713.2343,2577886.8486],[4279102.9429,2578970.2686],[4278515.7714,2581332.4143],[4278520.0143,2581331.9829],[4278379.4343,2581963.1057],[4277794.5314,2582434.4629],[4277285.3486,2582868.4657],[4277390.2257,2583013.7314],[4277997.0229,2583854.1914],[4278231.2086,2584336.9543],[4278238.5714,2584352.1314],[4278551.5543,2584997.34],[4279421.3229,2586180.2257],[4279697.92,2586495.7229],[4279659.6971,2586850.42],[4278561.9543,2586734.7343],[4278641.9771,2587168.26],[4278998.0714,2587759.6114],[4278136.74,2588666.7629],[4277313.6,2588983.2286],[4276490.4114,2588709.74],[4275431.8886,2588869.2857],[4273590.4171,2587615.4343],[4272666.12,2587778.6486],[4270885.3371,2588093.1],[4269631.2086,2588725.2771],[4269043.6371,2589198.7857],[4269164.7,2590184.0486],[4268871.7343,2590755.6429],[4268685.2371,2591014.1057],[4267354.8914,2588608.42],[4266644.2171,2587329.4829],[4266161.5457,2587042.3686],[4265672.2714,2587246.2343],[4265225.7686,2586319.0829],[4264789.4771,2585807.36],[4264454.7314,2585208.6029],[4263640.8486,2584803.6114],[4263059.4857,2585114.0571],[4262676.58,2585511.4057],[4262346.9343,2585503.8343],[4261882.2171,2585493.1629],[4261455.6057,2584981.4343],[4260771.3114,2583571.3943],[4261031.72,2583146.4857],[4261069.6343,2582634.5457],[4261005.4029,2581736.2314],[4260578.3886,2580905.6743],[4260297.0057,2580403.4914],[4260373.6057,2579891.5571],[4260614.7743,2579534.2657],[4261208.6857,2579303.0086],[4261507.94,2579042.3971],[4261797.0886,2578625.2857],[4261835.9457,2578569.2343],[4261922.5143,2578260.1514],[4261718.4571,2577680.6429],[4261611.7486,2577506.8143],[4261568.9371,2577452.3943],[4261383.8829,2577217.1457],[4261083.5743,2577207.8914],[4261035.3857,2577256.0686],[4260860.6229,2577430.8029],[4260531.1314,2577673.1886],[4260288.9,2577799.3171],[4260085.3971,2577654.5714],[4259968.7686,2577306.8629],[4259048.2057,2576718.3429],[4259105.6229,2576312.6571],[4259578.8057,2576100.58],[4259733.1971,2575907.4686],[4259752.16,2575656.3286],[4260070.8686,2575724.4914],[4260173.4257,2575716.0771],[4260418.56,2575695.96],[4260770.3657,2575563.5114],[4261613.6086,2574770.1657],[4264057.1771,2573224.42],[4265428.6743,2572803.7543],[4265320.6714,2571479.9371],[4262850.1457,2570099.9114],[4262626.9971,2569456.7914],[4262284.74,2568469.6057],[4261192.0829,2567906.3486],[4258724.4971,2565811.4086],[4258225.3629,2565229.8286],[4257878.3514,2564825.4971],[4258634.5886,2563346.5686],[4258880.3571,2562122.8971],[4258887.4229,2562092.22],[4259031.5943,2561465.8857],[4259091.1029,2561207.3486],[4260076.3257,2559957.3429],[4260023.28,2559622.8143],[4259106.4314,2558179.1171],[4259457.3029,2556057.5],[4259316.1286,2555626.1371],[4258337.7971,2554534.6029],[4258443.3086,2554314.5229],[4259983.2743,2554763.9943],[4261523.0371,2553606.5286],[4261852.5914,2553535.6914],[4261979.2514,2553437.8771],[4262190.4029,2553248.5143],[4262367.6686,2553018.4771],[4262375.0771,2552828.9486],[4262362.1657,2552632.6514],[4262308.6114,2552429.5971],[4262228.2571,2552131.7829],[4262134.8371,2551774.16],[4262115.78,2551755.3286],[4261978.1229,2551619.2971],[4261573.5429,2551219.5171],[4261573.6771,2549273.48],[4261010.1914,2548467.7657],[4259460.5943,2546455.68],[4259478.2829,2545354.9829],[4259152.5171,2544879.48],[4257083.3571,2545011.5486],[4256986.5143,2544791.4086],[4257990.4943,2542946.6343],[4256273.5486,2541960.4],[4255164.16,2543025.8629],[4255155.9943,2543008.6943],[4254750.0514,2542601.5457],[4254169.1057,2541221.54],[4253007.0857,2540901.9543],[4252992.5971,2540349.9486],[4253123.3886,2539580.0543],[4252019.4743,2539100.6771],[4251235.1086,2538940.8829],[4250828.4029,2538955.4086],[4250618.9343,2538958.2371],[4250615.02,2538956.6086],[4250589.4543,2538954.6743],[4250570.0057,2538956.9257],[4250565.32,2538957.4657],[4250541.2857,2538960.38],[4250528.1171,2538962.8171],[4250509.3771,2538967.26],[4250490.9571,2538970.4686],[4250468.7971,2538976.7914],[4250445.5771,2538983.5114],[4250425.6771,2538989.84],[4250407.76,2538993.8314],[4250398.0486,2538996.6914],[4250375.7229,2539000.7971],[4250363.4829,2539002.9029],[4250344.2371,2539006.5629],[4250323.3086,2539008.8286],[4250297.2971,2539008.2114],[4250283.6943,2539007.6971],[4250261.6429,2539008.2714],[4250238.4,2539008.4429],[4250211.1343,2539005.3229],[4250197.7343,2539003.4486],[4250183.3057,2539003.3857],[4250160.3743,2539002.3114],[4250137.9514,2539002.0314],[4250111.5314,2538998.26],[4250095.1571,2538996.96],[4250059.58,2538994.8571],[4250047.6143,2538993.44],[4250023.32,2538989.7457],[4250010.98,2538987.4629],[4249995.5657,2538985.6371],[4249980.5286,2538984.6771],[4249952.4371,2538982.0],[4249928.4771,2538976.8743],[4249917.4057,2538972.8314],[4249909.7543,2538966.9086],[4249898.2886,2538949.58],[4249896.7629,2538940.4743],[4249894.9029,2538920.1686],[4249897.8657,2538898.6229],[4249898.32,2538887.1771],[4249896.8771,2538865.7571],[4249893.5657,2538855.1371],[4249883.3,2538833.9429],[4249874.3714,2538813.0829],[4249869.3029,2538789.04],[4249867.2343,2538776.8514],[4249865.5029,2538763.2286],[4249864.6971,2538749.2686],[4249865.0143,2538741.2829],[4249866.6057,2538721.3886],[4249868.4629,2538708.0971],[4249871.6257,2538695.3371],[4249880.7771,2538672.7057],[4249887.96,2538663.2371],[4249891.3171,2538659.2571],[4249906.0571,2538651.3343],[4249917.8457,2538650.5286],[4249941.2686,2538652.58],[4249951.6943,2538649.1514],[4249964.28,2538641.34],[4249969.4143,2538636.3829],[4249973.46,2538625.2743],[4249974.98,2538613.4171],[4249972.6029,2538592.3257],[4249972.9171,2538591.0914],[4249968.2743,2538580.1286],[4249959.0657,2538562.8086],[4249950.7114,2538547.3229],[4249943.7829,2538536.56],[4249929.3057,2538517.5057],[4249921.1086,2538508.5],[4249901.3057,2538492.3914],[4249881.2057,2538484.0686],[4249853.0771,2538479.1],[4249845.4571,2538479.7486],[4249830.8486,2538487.5971],[4249818.4571,2538504.2],[4249811.2029,2538511.56],[4249792.6286,2538522.4914],[4249777.4429,2538531.7314],[4249770.9486,2538534.0714],[4249745.5514,2538534.3543],[4249735.7743,2538535.1143],[4249706.7171,2538530.4857],[4249699.1629,2538528.9514],[4249677.6686,2538528.3343],[4249657.3314,2538525.8343],[4249644.1029,2538526.1886],[4249618.26,2538527.7886],[4249607.7943,2538528.9171],[4249583.72,2538533.8143],[4249558.7971,2538539.3543],[4249547.0371,2538542.4457],[4249546.4829,2538542.6257],[4249537.22,2538535.1543],[4249297.4457,2538341.76],[4249352.3857,2538263.8343],[4249927.8857,2537447.5771],[4249985.8429,2537348.0171],[4247854.9657,2536998.0857],[4247649.2029,2536964.2943],[4247109.2486,2536417.8371],[4245810.2314,2536177.2057],[4244652.14,2535962.6771],[4241328.8971,2535410.0743],[4240902.4886,2534484.8086],[4240557.6657,2534317.2486],[4239860.1857,2534415.8286],[4239544.1886,2534128.4514],[4239271.8657,2534019.7571],[4239012.92,2534033.9171],[4238781.9829,2534045.4143],[4238583.7571,2534088.1914],[4238292.2457,2534151.1057],[4237883.4714,2533659.2971],[4238060.6743,2533444.0914],[4238288.4343,2533167.4857],[4238557.8571,2532621.5943],[4238285.08,2532184.7286],[4237875.5571,2531393.1486],[4237975.3914,2531037.8229],[4238037.5629,2530821.5429],[4238011.9486,2529872.4829],[4237942.3057,2529332.0657],[4238199.7143,2528846.0457],[4238297.8743,2528036.1943],[4238219.8571,2527265.9486],[4237886.3543,2526658.5829],[4237536.2943,2525346.98],[4238435.8943,2525276.8171],[4239503.3457,2525915.6057],[4241267.3486,2525467.0914],[4242017.2686,2524947.8457],[4242493.94,2524388.9229],[4242582.9457,2523799.1371],[4242305.9086,2520836.9971],[4242316.6771,2519604.6057],[4244363.2971,2518456.2143],[4245255.4171,2516968.6171],[4245926.8057,2515784.6943],[4246385.4657,2515626.3457],[4247364.6714,2515071.9457],[4249331.6086,2514416.58],[4249816.7114,2514284.6543],[4250257.8343,2513985.4286],[4251801.3314,2513611.6886],[4251617.2057,2513153.9543],[4252649.9686,2511956.8943],[4254379.3114,2510641.1429],[4255151.8429,2509327.4143],[4255598.3057,2508568.1829],[4255873.2486,2507362.2086],[4255963.0057,2506297.0714],[4255101.9914,2505447.7143],[4253809.7314,2505051.8857],[4254905.9971,2502529.9543],[4254695.0914,2502362.7343],[4254577.2743,2502141.4286],[4253404.2829,2499938.1286],[4253282.1943,2499708.8],[4253230.5343,2499615.0],[4251684.86,2496808.4057],[4251066.7657,2495657.0543],[4250579.0914,2494748.6371],[4250579.3257,2494747.6371],[4250501.0857,2494620.7171],[4249816.6229,2493362.9229],[4249580.0629,2492928.94],[4249597.3914,2492684.3343],[4249536.5371,2492501.7714],[4249401.6,2492377.4171],[4249256.6086,2492389.1],[4249083.5943,2492533.6886],[4248991.4914,2492536.8657],[4248854.0914,2492470.8029],[4248645.6829,2492388.7486],[4248630.5914,2492385.5029],[4248401.3714,2492336.18],[4248316.1314,2492305.5286],[4248206.4857,2492199.3029],[4248161.4057,2492092.9886],[4248166.9371,2491983.9029],[4248142.4657,2491930.7429],[4248131.6971,2491907.3429],[4248107.4171,2491886.2229],[4248054.9286,2491849.9629],[4247923.62,2491837.4143],[4247841.7486,2491808.4971],[4247836.5171,2491800.7029],[4247784.4886,2491723.1514],[4247745.7629,2491531.4143],[4247686.9514,2491347.6914],[4247684.9914,2491333.5371],[4247656.8371,2491130.3571],[4247633.7857,2491014.8486],[4247629.9571,2490995.66],[4247638.5143,2490898.9943],[4247635.0571,2490861.8486],[4247631.6371,2490825.0771],[4247617.0629,2490785.6486],[4247561.0143,2490741.6571],[4247438.76,2490670.9057],[4247309.4486,2490655.1143],[4246931.2943,2490608.9371],[4246731.0543,2490612.26],[4246629.4971,2490604.8457],[4246530.8143,2490597.64],[4246336.7543,2490646.5429],[4246288.4829,2490662.2686],[4246240.6943,2490677.84],[4246032.78,2490725.96],[4245932.14,2490764.6743],[4245924.7257,2490767.5286],[4245828.4686,2490757.4286],[4245634.2086,2490669.3457],[4245450.6171,2490583.9],[4245361.0,2490534.1257],[4245273.8971,2490485.7457],[4245100.3257,2490462.56],[4245079.3257,2490445.2543],[4244888.4686,2490262.8029],[4244779.6886,2490190.0229],[4244748.0657,2490168.8657],[4244698.42,2490091.0514],[4244750.5743,2489954.6714],[4244730.3829,2489903.8543],[4244681.5257,2489869.1571],[4244620.2971,2489849.0686],[4244602.8571,2489836.7629],[4244533.4657,2489787.7971],[4244529.6171,2489785.26],[4244525.8057,2489782.7457],[4244494.1943,2489759.1771],[4244448.5971,2489635.7286],[4244456.54,2489406.86],[4244458.1971,2489400.2857],[4244490.8314,2489270.9314],[4244618.5943,2489033.8229],[4244670.0743,2488944.0171],[4244721.04,2488855.1057],[4244735.7886,2488831.8714],[4244736.0171,2488831.5086],[4244758.4571,2488816.8229],[4244880.0057,2488749.2857],[4245036.0114,2488767.4743],[4245174.5857,2488678.4514],[4245349.5857,2488525.8971],[4245521.3257,2488376.18],[4245855.86,2488063.0571],[4246081.2571,2487872.9429],[4246157.9143,2487757.3514],[4246163.1857,2487751.5886],[4246200.1629,2487711.1886],[4246259.6714,2487646.1714],[4246391.0571,2487473.4629],[4246409.4914,2487449.2314],[4246447.2886,2487421.9571],[4246590.14,2487319.4743],[4246611.7371,2487279.8571],[4246633.5,2487239.9429],[4246675.8686,2487162.2314],[4246733.6714,2486996.82],[4246793.6286,2486890.08],[4246813.8629,2486871.7714],[4246885.3914,2486807.06],[4246918.6057,2486767.3629],[4247010.7714,2486654.2486],[4247036.6571,2486622.4829],[4247044.86,2486614.9829],[4247113.0171,2486552.66],[4247181.6829,2486476.8543],[4247227.9429,2486309.64],[4247304.9086,2486198.0286],[4247372.4229,2486100.1257],[4247383.9343,2486083.4314],[4247424.8514,2485909.3429],[4247465.44,2485829.9086],[4247590.5629,2485605.6029],[4247636.6229,2485507.3229],[4247696.2371,2485380.1171],[4247864.38,2485236.3171],[4247933.4029,2485132.7943],[4247938.2171,2485125.5743],[4247958.4029,2485034.6114],[4247949.9343,2485015.0343],[4247862.3429,2484856.48],[4247836.5257,2484679.0114],[4247827.4857,2484567.4771],[4247818.5343,2484457.0571],[4247811.5171,2484434.4543],[4247707.4429,2484287.3914],[4247658.3,2484250.8971],[4247624.5914,2484225.8629],[4247544.14,2484166.1114],[4247441.0229,2483990.3857],[4247270.8514,2483845.1229],[4247269.1114,2483843.6371],[4247239.8143,2483829.2457],[4247072.3543,2483746.9943],[4247004.3286,2483719.7629],[4246936.9829,2483692.8057],[4246885.5857,2483672.06],[4246883.4171,2483671.1829],[4246831.2629,2483677.4657],[4246607.9114,2483656.9886],[4246506.2,2483655.2429],[4246397.56,2483653.3771],[4246291.82,2483640.0514],[4246212.44,2483653.4829],[4246193.0857,2483672.3314],[4246081.1629,2483763.3457],[4246002.0657,2483827.6657],[4245914.1114,2483919.1143],[4245829.7571,2484006.82],[4245694.1743,2484214.08],[4245570.5257,2484363.8429],[4245448.1143,2484512.1086],[4245383.1371,2484579.94],[4245370.1457,2484586.3086],[4245273.7857,2484633.5457],[4245234.7829,2484648.0629],[4245196.1714,2484662.4371],[4245114.4971,2484700.3286],[4245033.64,2484737.84],[4244980.6771,2484773.7657],[4244751.2257,2484813.4743],[4244605.9514,2484805.0943],[4244462.9971,2484796.8457],[4244339.2371,2484725.1057],[4244189.5143,2484700.6286],[4244043.9029,2484629.1543],[4243899.7486,2484558.3914],[4243829.7571,2484545.94],[4243824.86,2484546.6457],[4243750.3543,2484557.3943],[4243492.92,2484590.6571],[4243484.0571,2484591.8029],[4243397.1314,2484629.12],[4243282.2743,2484730.8714],[4243158.5971,2484872.2429],[4243156.8343,2484877.5914],[4243096.9057,2485059.5086],[4243088.3771,2485154.7343],[4243085.9686,2485181.6143],[4243064.8771,2485245.9057],[4243062.3343,2485265.2171],[4243059.8171,2485284.3343],[4243044.4057,2485356.0057],[4243049.08,2485391.7943],[4243056.3714,2485447.6057],[4243077.4486,2485495.1657],[4243133.4971,2485616.28],[4243171.12,2485681.64],[4243200.0114,2485731.8371],[4243269.1629,2485821.0486],[4243304.24,2485829.0829],[4243377.3429,2485838.4429],[4243412.3629,2485866.9143],[4243442.0257,2485891.0343],[4243449.5829,2485970.0857],[4243452.6,2486010.74],[4243455.5886,2486050.9886],[4243465.3314,2486119.6029],[4243474.9771,2486187.5314],[4243494.4886,2486260.62],[4243504.9029,2486299.6343],[4243533.6286,2486318.7629],[4243595.34,2486367.2143],[4243633.5543,2486397.2143],[4243644.7943,2486424.0486],[4243650.6543,2486459.5886],[4243565.7914,2486716.94],[4243535.4314,2486809.0],[4243454.9714,2486897.6571],[4243375.6,2486933.9371],[4243291.82,2486975.4971],[4243145.8486,2487087.1],[4243008.7829,2487134.0486],[4243008.7171,2487134.0343],[4243008.6486,2487134.02],[4242875.0543,2487106.5829],[4242748.2286,2486983.3771],[4242685.0,2486945.2229],[4242654.28,2486949.4943],[4242577.0829,2486968.7543],[4242367.2829,2486898.5429],[4242241.1514,2486784.8829],[4242095.0029,2486565.1429],[4242030.84,2486503.4686],[4241902.9829,2486431.9543],[4241815.2429,2486325.1514],[4241590.06,2486051.0457],[4241401.1457,2485881.7143],[4241156.8514,2485773.08],[4240940.0314,2485728.6114],[4240884.9429,2485713.2171],[4240847.0429,2485713.8714],[4240792.7143,2485714.8057],[4240760.4457,2485738.14],[4240622.96,2485878.9114],[4240609.6371,2485896.5543],[4240479.0486,2486069.4771],[4240404.3371,2486172.8686],[4240400.1914,2486175.8171],[4240316.5143,2486235.36],[4240287.8943,2486235.46],[4240267.9857,2486237.6343],[4240248.2771,2486239.7914],[4240062.2429,2486318.6543],[4240054.5629,2486321.1457],[4239946.4029,2486356.2229],[4239852.1771,2486351.9086],[4239722.4629,2486335.0229],[4239706.6771,2486329.0371],[4239569.9514,2486277.2171],[4239382.0514,2486182.84],[4239380.5914,2486181.3971],[4239231.0686,2486033.6571],[4239084.6829,2485937.0486],[4238939.7571,2485841.4057],[4238853.5943,2485709.5143],[4238853.2829,2485709.0371],[4238738.8686,2485603.88],[4238593.7657,2485495.1886],[4238585.62,2485489.0857],[4238429.7,2485423.1057],[4238332.7629,2485368.8114],[4238329.2914,2485366.8686],[4238260.9971,2485285.78],[4238245.7371,2485248.4114],[4238230.6286,2485211.4171],[4238237.9314,2485108.3371],[4238237.9457,2485108.28],[4238237.96,2485108.2229],[4238263.22,2485008.9657],[4238304.1657,2484947.0257],[4238344.7029,2484885.7057],[4238519.7514,2484674.9143],[4238693.0514,2484466.2314],[4238753.2714,2484422.26],[4238812.8886,2484378.7314],[4238900.4229,2484335.7543],[4238995.8143,2484232.3114],[4239097.0114,2484148.3343],[4239179.2429,2484080.0971],[4239304.4257,2484003.3486],[4239408.1,2483960.0857],[4239410.8886,2483958.7],[4239413.6486,2483957.3257],[4239460.2629,2483936.7629],[4239506.4143,2483916.4057],[4239650.5971,2483828.9],[4239726.1057,2483808.2829],[4239961.94,2483743.8971],[4240075.5086,2483723.4943],[4240079.3143,2483722.8114],[4240179.6543,2483676.84],[4240218.46,2483645.2714],[4240256.8771,2483614.0171],[4240315.84,2483517.8371],[4240334.4286,2483451.1057],[4240351.6057,2483389.4429],[4240338.4257,2483263.3314],[4240330.5686,2483188.1457],[4240325.6914,2483141.4771],[4240337.5514,2483015.0171],[4240290.2543,2482905.1286],[4240232.46,2482829.6971],[4240044.9229,2482822.9457],[4239927.5057,2482896.0771],[4239920.3771,2482900.5171],[4239806.1171,2482971.68],[4239516.1314,2482954.2571],[4239463.5657,2482953.0171],[4239434.58,2482935.8171],[4239407.3486,2482919.6571],[4239379.4143,2482873.7286],[4239306.4143,2482784.3343],[4239234.1457,2482695.8371],[4239212.2743,2482650.0229],[4239190.6229,2482604.6686],[4239122.3343,2482343.3057],[4239125.8343,2482327.1771],[4239186.0286,2482049.8629],[4239208.1457,2481962.4057],[4239255.4914,2481900.9029],[4239356.8429,2481769.2486],[4239455.4886,2481596.8914],[4239457.9057,2481592.6629],[4239516.7971,2481410.1971],[4239533.8886,2481336.8029],[4239474.52,2480983.32],[4239476.9457,2480975.7629],[4239610.5857,2480559.3686],[4239655.6743,2480466.1057],[4239657.4429,2480458.6143],[4239682.74,2480351.3829],[4239694.5771,2480270.1],[4239706.2943,2480189.6286],[4239730.6743,2480112.5886],[4239754.8086,2480036.32],[4239794.1343,2479843.4429],[4239793.9914,2479842.0229],[4239774.3514,2479646.7171],[4239764.0886,2479499.8229],[4239761.5714,2479463.7971],[4239794.9257,2479359.3229],[4239797.6457,2479350.7829],[4239800.34,2479342.3314],[4239803.2657,2479333.1686],[4239806.1629,2479324.0971],[4239814.7657,2479297.1486],[4239809.6086,2479256.4257],[4239800.9857,2479188.3257],[4239798.1971,2479165.0971],[4239795.4371,2479142.1029],[4239822.2486,2478985.2886],[4239896.6571,2478855.3114],[4239904.38,2478790.8343],[4239912.0257,2478727.0029],[4239913.7029,2478712.9829],[4239915.36,2478699.1057],[4239919.8743,2478661.42],[4239903.1057,2478377.6],[4239907.1257,2478357.0686],[4239948.5886,2478145.4257],[4239943.4914,2478021.4343],[4239939.5971,2477926.5971],[4239937.1571,2477922.1229],[4239900.0686,2477854.0486],[4239889.7857,2477835.1771],[4239885.6314,2477827.5543],[4239880.7486,2477818.5943],[4239862.6229,2477785.3314],[4239835.7314,2477735.9829],[4239798.58,2477679.8371],[4239779.94,2477663.2029],[4239724.4429,2477613.6829],[4239719.2514,2477609.0486],[4239690.9743,2477585.2857],[4239681.0114,2477577.1],[4239650.5743,2477552.0914],[4239706.8514,2477484.5629],[4239733.22,2477452.9229],[4239768.88,2477424.1286],[4239860.4,2477351.48],[4239868.9057,2477344.7286],[4239874.6457,2477342.2886],[4239874.7371,2477342.2514],[4239878.2514,2477340.7571],[4239948.1771,2477311.0457],[4239966.1657,2477308.12],[4240027.3743,2477298.1657],[4240191.1343,2477334.4571],[4240428.1686,2477431.5486],[4240458.1286,2477436.7229],[4240737.6771,2477485.0057],[4241005.8943,2477556.3029],[4241116.9629,2477660.4657],[4241176.38,2477765.5829],[4241248.4914,2477893.1629],[4241320.4686,2478171.3743],[4241348.3,2478278.9543],[4241396.38,2478351.8457],[4241443.98,2478424.0086],[4241465.8829,2478457.2143],[4241487.5686,2478490.0886],[4241546.1857,2478537.0],[4241546.9057,2478537.5771],[4241617.42,2478557.9771],[4241715.6857,2478572.5543],[4241804.5914,2478557.2629],[4241875.1171,2478507.9486],[4241942.9257,2478409.0057],[4241980.7257,2478323.3514],[4242011.7571,2478195.5629],[4242015.9657,2478178.2286],[4242022.34,2477752.2943],[4242048.58,2477665.1114],[4242087.2314,2477595.5086],[4242200.9,2477514.8],[4242269.0743,2477498.54],[4242376.1171,2477484.2657],[4242526.8429,2477464.1714],[4242686.4429,2477493.3829],[4242715.8514,2477498.5457],[4242744.9657,2477503.66],[4242888.9829,2477526.7857],[4243076.32,2477515.5943],[4243094.5457,2477511.2429],[4243305.1229,2477460.9657],[4243419.5314,2477394.6229],[4243439.6914,2477379.4114],[4243498.2429,2477335.2343],[4243672.1943,2477129.2771],[4243713.4743,2477053.8343],[4243741.4029,2476975.5429],[4243763.6886,2476913.0629],[4243804.0629,2476840.36],[4243883.6543,2476697.0371],[4244031.3771,2476536.0343],[4244087.7943,2476475.1114],[4244103.2514,2476465.0514],[4244187.4486,2476410.2486],[4244312.1429,2476299.1829],[4244325.94,2476276.3114],[4244361.9229,2476216.6714],[4244413.0229,2476105.7743],[4244437.0314,2476037.7743],[4244452.5314,2475967.7657],[4244483.3114,2475828.7571],[4244484.9429,2475820.1171],[4244486.5571,2475811.5686],[4244511.4371,2475566.62],[4244503.56,2475317.8],[4244524.22,2475150.1371],[4244544.0057,2474989.5829],[4244602.5543,2474712.2057],[4244676.98,2474513.5029],[4244749.36,2474364.56],[4244774.3057,2474313.2229],[4244853.5657,2474241.54],[4245076.0457,2474051.1086],[4245099.5886,2474030.9571],[4245311.4829,2473882.1371],[4245467.9914,2473737.0914],[4245473.4971,2473730.8543],[4245618.7229,2473566.2771],[4245672.3143,2473468.1114],[4245691.6429,2473379.0971],[4245694.5229,2473324.8943],[4245698.6229,2473247.72],[4245698.7886,2473244.5971],[4245701.2943,2473197.44],[4245700.26,2473174.56],[4245695.5514,2473070.5686],[4245692.5,2472974.4771],[4245689.4771,2472879.3457],[4245706.5829,2472720.1829],[4245706.7771,2472718.3771],[4245723.3314,2472668.1114],[4245733.8571,2472636.1543],[4245742.62,2472619.7343],[4245571.0971,2472731.7429],[4245376.1514,2472375.32],[4244498.7943,2470771.2486],[4242531.5657,2467136.2371],[4241437.6,2465061.52],[4241132.3971,2464607.9686],[4240930.1343,2464462.1086],[4240788.5086,2464359.98],[4240356.3829,2463337.4857],[4240274.4343,2463010.6686],[4240214.1914,2462770.4286],[4239929.9029,2462260.6771],[4239506.02,2461500.6229],[4239295.7543,2461107.1114],[4238783.2686,2460147.9971],[4238614.7714,2459832.6571],[4237378.9971,2457480.82],[4236818.7657,2456478.6943],[4236094.3743,2455182.9314],[4235342.9486,2455878.6571],[4234908.4686,2456141.5771],[4234593.8571,2456254.5457],[4234033.1629,2456454.8943],[4233343.4514,2456675.4143],[4231589.1029,2457004.8286],[4231521.3429,2457017.5543],[4230662.4514,2456741.1571],[4229909.2229,2455810.8029],[4229780.1029,2455430.9943],[4229039.0429,2454814.7429],[4228803.6743,2453740.4057],[4228795.2343,2453701.8886],[4228795.1686,2453701.5886],[4228794.8714,2453702.1257],[4228646.4114,2452419.9143],[4228565.8971,2451724.5343],[4228563.8371,2451706.7343],[4228516.4914,2451299.4257],[4228802.8829,2451081.9314],[4228852.0371,2450628.6086],[4229016.8114,2450515.4857],[4229226.2486,2450372.6771],[4229158.7114,2449615.8343],[4229336.3714,2449316.0829],[4229238.4629,2449070.3657],[4229426.0514,2448716.5543],[4229426.7657,2448303.7286],[4230121.5429,2447960.8914],[4230461.5914,2447793.0943],[4230531.3143,2447296.7257],[4230340.2457,2446130.8829],[4230297.7429,2445871.5171],[4230359.1971,2444465.9514],[4230399.3686,2443989.2371],[4230656.1086,2443478.1686],[4231178.3571,2443390.0371],[4231385.7057,2442987.08],[4231939.0171,2441674.9714],[4232255.9543,2441418.3371],[4232315.4257,2440586.2571],[4232128.84,2440176.1743],[4231844.2914,2439881.3857],[4231431.9057,2439763.6686],[4231698.1143,2439518.0286],[4232240.0971,2439361.0657],[4232746.7714,2438861.8629],[4234394.5457,2435549.0571],[4233862.18,2434500.22],[4231670.2714,2430248.6229],[4230733.5857,2428431.7543],[4229101.7086,2425500.0429],[4228801.5829,2424952.4],[4228457.4,2424317.1257],[4227820.64,2423137.6114],[4227803.44,2423105.7486],[4228288.0343,2422849.2543],[4228412.98,2422783.1229],[4229112.8143,2422419.1371],[4228463.2086,2421020.6257],[4228413.9657,2420914.6143],[4227784.4114,2419563.1171],[4226473.9229,2420261.4914],[4226398.7029,2420295.7229],[4226385.6057,2420271.8257],[4224840.8886,2421097.4143],[4223316.9314,2421894.5229],[4222645.2857,2422245.8286],[4220994.9971,2423159.0914],[4219634.2971,2423911.5143],[4220276.7886,2425225.18],[4219040.2114,2425906.28],[4218788.4971,2426046.06],[4218293.8143,2426315.7857],[4217322.2514,2426845.5343],[4216581.0514,2427249.6771],[4216185.6257,2427462.44],[4215703.1229,2427722.0543],[4214441.4771,2428400.8914],[4214351.6943,2428449.2029],[4212827.8571,2429329.7514],[4210452.5829,2430627.3514],[4209393.4257,2431207.8257],[4208785.9143,2431539.7429],[4208240.12,2431837.94],[4205544.2914,2433335.5514],[4204267.6086,2434044.7829],[4202743.1829,2434891.64],[4202296.1343,2435141.5314],[4202048.0257,2435280.2171],[4200474.9314,2436159.7286],[4199933.3371,2436462.5343],[4198904.6714,2437034.2314],[4198459.68,2437281.54],[4197731.6857,2437683.6971],[4197607.7686,2437750.4543],[4196985.5057,2438085.6743],[4194225.6486,2439572.4371],[4193634.1743,2439891.0714],[4193550.14,2439937.1829],[4192327.8086,2440602.1829],[4189680.9114,2442051.5257],[4188906.8,2442474.4743],[4188520.0629,2442685.7743],[4188030.3086,2442953.36],[4187745.6971,2443111.9457],[4187496.7714,2443248.7343],[4187184.3886,2443420.3943],[4187175.3914,2443434.5257],[4187124.0429,2443341.3686],[4186952.0029,2443029.9514],[4186303.8743,2441856.76],[4186129.9457,2441541.9314],[4185298.9829,2440033.5086],[4185095.7457,2439664.5771],[4185040.4343,2439564.7857],[4184871.5114,2439643.76],[4184468.24,2439835.1657],[4183692.8086,2439769.9],[4182603.5171,2439815.0029],[4181606.5257,2439984.6771],[4181190.8343,2440537.3429],[4180663.78,2440683.7029],[4180313.8286,2440780.8829],[4179663.5171,2441355.7],[4179501.1914,2441499.18],[4178928.8543,2441544.76],[4178227.2514,2441728.5286],[4177405.5829,2441344.9943],[4177427.7857,2440505.9171],[4177432.2057,2440338.9],[4176979.7714,2440024.8543],[4176533.2286,2440361.5343],[4176222.6114,2440595.7314],[4175966.9971,2440583.1771],[4175170.2457,2440544.0429],[4174708.6057,2440810.9829],[4173859.0971,2441464.7371],[4173627.9086,2442045.1314],[4172889.34,2442357.9343],[4172196.2686,2443569.3057],[4172093.4429,2443622.2086],[4171623.8543,2443863.8086],[4171328.2543,2444250.6714],[4171576.2171,2445208.82],[4171787.8457,2445609.5486],[4172074.3143,2446023.6257],[4172202.0714,2446208.2886],[4172542.8286,2446466.1029],[4172163.98,2447092.5086],[4171711.0114,2448059.8029],[4171547.4543,2448160.84],[4171286.2943,2448322.1657],[4171418.8114,2448704.9629],[4171598.8429,2449225.0143],[4171595.62,2449333.7686],[4171579.7314,2449869.94],[4170933.3543,2450385.5943],[4171052.4829,2451104.22],[4170784.02,2452062.36],[4170230.1,2451840.4914],[4170025.88,2450557.4771],[4169805.8457,2450163.6686],[4168979.9714,2450131.9714],[4168658.2743,2450119.6257],[4168028.4486,2450462.8657],[4167339.5229,2451300.6486],[4166499.5943,2452020.9829],[4166114.3714,2452054.5829],[4165357.6657,2452120.5857],[4164804.8514,2452354.2943],[4163694.2257,2452812.0914],[4163793.7057,2453492.6657],[4164228.0229,2454487.8],[4164400.4257,2454792.5514],[4164432.0971,2454845.0314],[4164890.7029,2455646.8686],[4165015.7114,2455865.4343],[4165031.5314,2455888.4971],[4164554.1943,2456726.2257],[4164553.0714,2456754.0343],[4164536.78,2457173.7114],[4164526.3829,2457415.6457],[4165271.1143,2457267.1086],[4165778.5,2456941.0343],[4165932.7771,2456841.8886],[4166055.1714,2457062.3457],[4166198.6029,2457320.7029],[4165772.4514,2457836.2543],[4165216.7914,2458047.6457],[4164937.2686,2458365.78],[4164044.7829,2459102.4086],[4163303.4971,2459889.4629],[4162073.2686,2461363.2286],[4161264.1943,2462401.6114],[4160956.2371,2463339.0229],[4160779.26,2463586.9543],[4160605.4771,2463833.1057],[4160110.8314,2464301.1486],[4159414.2114,2464814.6829],[4159046.8486,2464824.3171],[4158914.5057,2464827.8457],[4158789.9743,2464831.9229],[4158574.5943,2464495.5857],[4158645.6429,2463481.58],[4158889.4114,2461376.6514],[4158670.3571,2461194.8429],[4158231.2657,2460830.4086],[4158001.24,2460279.0857],[4157915.1314,2460221.2457],[4157448.5171,2459907.8114],[4157043.3714,2459338.3829],[4156883.7943,2459349.3829],[4155918.1629,2459416.7543],[4155337.0114,2459557.5914],[4154801.9714,2459818.2943],[4154100.9057,2459802.8],[4154340.4229,2459022.4],[4155004.04,2458105.0057],[4155247.16,2457634.5829],[4155326.62,2457480.8029],[4155474.1029,2456879.0657],[4155132.84,2456438.4771],[4154550.1514,2456400.8971],[4154364.1143,2456388.7],[4154321.1171,2456385.8771],[4153836.2286,2456096.6086],[4153767.5086,2456055.5629],[4153473.0486,2455264.8371],[4153261.5657,2454474.0457],[4153188.7571,2453746.5514],[4153064.8543,2453487.1229],[4153013.5829,2453379.7657],[4152855.0257,2452930.1171],[4152752.1371,2452367.5514],[4152847.8771,2452102.2257],[4152917.7971,2451908.4543],[4152765.96,2451387.9343],[4152279.1429,2451486.6771],[4152263.2914,2451489.8686],[4152164.92,2451567.7257],[4151469.1829,2452118.3914],[4150509.0543,2452525.6343],[4149686.24,2452713.1143],[4149225.8829,2452818.0029],[4148598.0829,2453141.7714],[4147757.9886,2453447.3657],[4147121.0343,2453475.9429],[4146640.9057,2453808.7571],[4145846.9257,2454211.1743],[4145809.3543,2454876.0914],[4145941.8229,2455319.9029],[4146085.0171,2455799.64],[4145998.28,2456507.1314],[4145954.8143,2456861.6657],[4145225.3571,2457420.8943],[4144634.5514,2457504.7429],[4143785.2686,2457349.2057],[4143231.3943,2457396.1086],[4143037.0543,2456760.7629],[4142833.6086,2456245.14],[4142824.4857,2456180.7371],[4142759.2886,2455720.2629],[4142122.3143,2455564.4314],[4141516.1114,2455664.7286],[4139954.1143,2455047.9771],[4139283.7857,2454644.5886],[4138879.4514,2454571.74],[4138515.82,2454506.2229],[4138252.7829,2454606.0429],[4137999.16,2454702.2886],[4137356.64,2455289.3657],[4135931.78,2456784.8],[4134834.8857,2458328.8086],[4134443.0314,2459530.1771],[4134247.16,2460074.9943],[4133855.4429,2461136.6914],[4133519.2057,2462533.5857],[4133434.7657,2463259.9486],[4133440.7686,2464202.8143],[4133408.5514,2464793.7571],[4133398.12,2464985.0486],[4133342.72,2465567.38],[4133233.7829,2466712.44],[4133144.2971,2467653.0286],[4133037.9457,2467731.86],[4132409.9029,2468434.0571],[4131329.6343,2469141.36],[4130892.32,2469065.5457],[4130591.1257,2469013.3286],[4130482.8343,2469059.3857],[4129981.8143,2469272.4857],[4129446.12,2469882.2743],[4128984.56,2469892.1571],[4128107.5829,2470059.4257],[4128236.3086,2470401.1486],[4127922.2086,2470853.8029],[4128133.8257,2471269.4457],[4128105.7171,2471703.4886],[4127959.2114,2472027.0429],[4127926.9457,2472098.3],[4127905.4257,2472059.2343],[4127765.9343,2471807.9771],[4127631.5,2471565.8314],[4125053.6971,2467034.5971],[4124198.84,2465531.9343],[4124197.6,2465529.7486],[4124156.2086,2465456.7714],[4124151.8743,2465449.1286],[4122585.3457,2462576.9486],[4121922.2971,2461361.2771],[4120799.5229,2459302.7029],[4119425.22,2456782.9629],[4117481.56,2453219.3257],[4117044.6543,2452418.2743],[4116887.6657,2452030.6914],[4116838.4629,2452031.1],[4116655.1086,2452032.6229],[4116473.5886,2452034.1343],[4116254.88,2452035.9543],[4116199.9257,2452036.4114],[4115578.5114,2450806.9429],[4114416.9886,2448508.8771],[4113990.1171,2447664.3114],[4113666.7543,2447099.4543],[4109964.0257,2440631.4229],[4109499.7886,2439820.4829],[4109373.82,2439600.4371],[4106846.0771,2435184.9029],[4106298.2371,2434227.9229],[4105553.7429,2432927.42],[4104905.5171,2431795.08],[4104718.7857,2431469.5429],[4103818.9971,2429900.3829],[4103624.1743,2429560.6343],[4103550.1286,2429603.56],[4098502.9343,2432529.4086],[4095784.4543,2434105.3057],[4095654.2429,2434181.1486],[4094085.7486,2435095.2629],[4094007.5771,2435140.9143],[4093951.4514,2435173.6886],[4093680.04,2435332.24],[4092815.3229,2435837.8971],[4089257.88,2437889.4743],[4087992.1714,2438626.02],[4085985.3714,2439793.8257],[4077518.9286,2444720.6514],[4076078.0886,2445564.3343],[4074909.1686,2446241.3971],[4071485.1914,2448242.7686],[4069379.9143,2449473.34],[4067473.5771,2450587.6314],[4067069.8743,2450822.9657],[4066410.7571,2451207.2886],[4065935.5514,2451484.4314],[4064816.4371,2452137.1829],[4064550.2514,2452292.4743],[4063349.6029,2452993.8857],[4061484.3971,2454083.5286],[4061173.2914,2454265.2743],[4060669.5371,2454559.5657],[4059766.3543,2455091.9743],[4057774.3514,2456268.8486],[4055593.1743,2457557.4886],[4055582.9,2457563.56],[4055467.8657,2457631.5229],[4055398.5143,2457672.4971],[4048888.8029,2461512.5743],[4047595.0257,2462275.7714],[4046435.0086,2462960.0657],[4043590.7943,2464653.0143],[4041674.4114,2465793.6914],[4041463.5343,2465917.9457],[4036420.62,2468935.0343],[4035487.7057,2469493.1771],[4034697.9257,2469965.6914],[4032257.1057,2471421.94],[4029371.9229,2473158.72],[4027132.7714,2474510.9371],[4023923.5886,2476448.9514],[4023447.5914,2476736.4057],[4022359.8914,2477393.2629],[4021280.4457,2478045.1371],[4019783.4629,2478949.1629],[4018082.76,2479976.2086],[4017070.2286,2480593.1171],[4015277.8143,2481685.1886],[4013517.64,2482757.6171],[4011894.6686,2483746.4486],[4011485.1171,2483996.4],[4011343.6314,2484471.3114],[4011198.8543,2485228.2686],[4011460.1657,2486667.4571],[4011447.0029,2486691.7229],[4011365.4229,2487784.7086],[4011360.7371,2487783.0514],[4011426.0314,2488150.8514],[4011034.2029,2488243.0486],[4010342.3714,2488139.5257],[4009717.8914,2488238.0371],[4008683.2229,2487920.5],[4008113.84,2487908.7286],[4007158.36,2487583.8914],[4007148.7343,2487585.9143],[4006459.3286,2487099.8057],[4006065.4486,2487297.0629],[4005323.8343,2487668.46],[4004958.8743,2486979.5257],[4004472.24,2487385.5229],[4003377.2971,2488035.2914],[4003224.0629,2489032.4514],[4003215.44,2489088.5714],[4001682.8571,2489996.78],[4001664.06,2490090.1286],[4001841.8543,2490274.3829],[4002241.66,2490928.9286],[4002380.5886,2491103.74],[4002686.04,2491488.4343],[4002919.9971,2492588.7],[4004094.3429,2494137.2886],[4004432.76,2494493.6971],[4004526.1,2494592.0029],[4005045.4686,2496302.8143],[4005330.4543,2497272.7],[4005348.44,2498156.7314],[4005436.3371,2499082.1029],[4005339.7543,2500017.0143],[4005714.0286,2500745.2143],[4005407.2143,2501269.8029],[4005400.92,2501280.5657],[4005410.2229,2501417.1657],[4005093.4629,2502057.7457],[4003779.5971,2502475.5],[4001232.6086,2501017.1229],[4000504.0486,2501333.66],[3998641.9657,2502825.2086],[3998432.4371,2503722.3057],[3998106.06,2504177.7171],[3995566.8543,2503611.58],[3994765.9543,2503488.5629],[3993850.2343,2503701.46],[3994051.1629,2504018.2114],[3993398.7829,2504705.6457],[3993387.2,2504842.2514],[3993382.0857,2504898.78],[3993361.1971,2505189.52],[3994815.0114,2505516.8086],[3994419.92,2506238.8543],[3994531.74,2509041.0829],[3995613.2771,2509320.6943],[3996492.9286,2509874.7114],[3997046.2257,2510720.3829],[3997317.8057,2510923.5],[3997969.9629,2511411.26],[3998733.3686,2512198.88],[3999259.2971,2514115.7086],[3999948.6429,2515372.3771],[3999651.4429,2516233.66],[3999621.0629,2516322.38],[3999543.1971,2516548.3029],[3999827.2,2517318.9257],[3998975.6314,2517521.7629],[3998732.3486,2517886.8029],[3998854.0771,2518292.3914],[4000760.5543,2519671.4629],[4002666.9857,2520361.0457],[4003610.6543,2520967.6629],[4003616.4,2520971.3543],[4003757.4829,2520883.5429],[4003936.2657,2520931.4257],[4004451.8171,2521215.38],[4004570.4714,2521198.7086],[4005103.0314,2521123.8914],[4005356.2971,2520788.5914],[4005832.2743,2520970.0857],[4006129.62,2521083.4686],[4006382.8829,2521489.6914],[4006835.1686,2522629.5543],[4006830.1857,2522759.98],[4006799.0514,2523575.4171],[4006822.5571,2524248.06],[4006830.6657,2524480.0257],[4006844.3657,2524878.6629],[4006805.04,2524973.0829],[4006723.56,2526637.5],[4004167.92,2526883.3],[4002261.3086,2526195.78],[4000070.4343,2523238.6771],[3999994.1943,2523211.1857],[3998163.8229,2522551.1571],[3997677.0343,2522470.5171],[3997190.2229,2522795.5286],[3996824.9743,2523810.48],[3997088.6886,2525014.2714],[3997090.2229,2525021.2714],[3997085.3829,2525024.2686],[3997081.5086,2525077.1914],[3997111.98,2525128.4],[3997187.9571,2525475.0829],[3997390.6057,2526083.8114],[3997349.8257,2527138.9143],[3997836.2829,2528072.3429],[3997552.2371,2528721.6714],[3994144.7629,2528723.7029],[3993860.7,2527994.1514],[3992986.1457,2527557.56],[3992887.1143,2527508.12],[3991663.9686,2528376.8286],[3991629.5314,2528401.2857],[3991507.5114,2530065.1029],[3991142.2457,2531201.3971],[3991466.5714,2531729.0029],[3991298.0371,2532059.3971],[3990862.0857,2532397.3514],[3991272.1514,2533026.7286],[3991827.6314,2533438.4771],[3992624.8257,2533777.7143],[3992744.8029,2534407.2286],[3992429.0143,2535085.1971],[3991919.3514,2535860.0543],[3991821.46,2536537.9914],[3991287.5714,2537312.8543],[3991139.9914,2538801.8914],[3991404.58,2539770.3829],[3991669.6486,2540424.1314],[3991751.88,2540516.1343],[3991896.4971,2540677.4457],[3992296.9229,2541124.0114],[3992445.2943,2541359.9943],[3992541.8686,2541669.2257],[3992201.4943,2541978.7571],[3992011.1457,2542529.3543],[3991981.5257,2542711.7343],[3991962.4171,2542830.8429],[3991884.7714,2543330.4743],[3991594.1171,2543829.4286],[3991482.5057,2544338.3971],[3991547.32,2544550.5343],[3991618.2886,2545276.1571],[3991713.72,2545880.8371],[3992171.5943,2546606.3971],[3992605.8657,2547005.3971],[3992749.9343,2547489.1371],[3992869.5029,2548118.0057],[3993037.4971,2548722.68],[3993110.1286,2548891.1429],[3993179.1829,2549048.9743],[3993351.3571,2549448.5657],[3993810.4543,2549983.0286],[3993447.0229,2550250.5543],[3992502.2457,2550640.7571],[3992623.0029,2550859.2886],[3992961.1514,2551417.8],[3993226.7,2552024.7371],[3993129.5343,2552388.8371],[3992790.2571,2552753.2971],[3992717.2486,2553165.9229],[3993224.6057,2553846.0086],[3993030.5457,2554283.0057],[3993054.2686,2554768.4257],[3993392.5914,2555108.6314],[3993924.1629,2555752.3771],[3993802.3514,2556577.6143],[3993995.14,2557378.6229],[3993897.6486,2558082.5],[3993485.6714,2558519.86],[3992371.32,2558983.2086],[3991281.22,2559349.5914],[3990481.8371,2559158.4229],[3989464.4114,2558822.7971],[3988494.7257,2557375.9886],[3988371.8657,2557413.1886],[3988010.2429,2557522.68],[3987525.42,2558226.9771],[3987161.1914,2559440.6829],[3986966.4886,2560557.1914],[3986794.8943,2562802.2714],[3987036.0943,2563579.0486],[3987065.84,2563615.4571],[3987591.82,2564259.2229],[3988389.6057,2564406.8171],[3988679.5257,2564795.44],[3989283.6714,2565402.9514],[3989379.6829,2566203.9086],[3989305.8,2567514.5457],[3989063.32,2567951.6057],[3988481.76,2568486.32],[3988262.8429,2568791.4943],[3988189.7086,2568894.6257],[3987923.0686,2569270.1229],[3987925.2657,2569366.4514],[3987946.2543,2570197.6886],[3988139.2829,2570832.1571],[3988477.4371,2571491.4543],[3987339.0086,2571041.5171],[3986539.6629,2570661.4514],[3985788.6886,2570136.4514],[3985279.9086,2569682.1657],[3984565.9286,2569503.9914],[3984529.1029,2569494.4429],[3984287.2029,2569615.1171],[3983948.5514,2569856.6171],[3983706.7429,2570339.9629],[3983827.94,2570907.9571],[3984094.3514,2571487.9829],[3983900.9257,2571947.18],[3983175.2171,2572285.02],[3982014.1057,2572961.0057],[3981675.58,2573661.86],[3981216.0971,2574435.1714],[3980490.3629,2574506.9029],[3979595.3543,2575110.6057],[3979305.2514,2575908.1771],[3979886.3571,2576633.0543],[3981048.34,2576994.5971],[3981905.4857,2577064.98],[3982210.3086,2577090.0114],[3981823.4229,2577887.5371],[3981581.6629,2578528.0057],[3981630.1943,2578914.7343],[3982065.9886,2579325.4086],[3982404.9143,2579518.54],[3983373.24,2579880.3029],[3983446.0314,2580436.2229],[3983421.9657,2580822.9514],[3983373.7229,2581282.1914],[3983422.3143,2581838.1143],[3983906.5143,2582224.5686],[3984076.0686,2582659.6029],[3983689.1171,2583239.5571],[3983326.3114,2583650.2971],[3983205.4457,2584012.8343],[3983350.84,2584568.7371],[3983786.5943,2584785.9514],[3984511.2943,2586135.9229],[3984513.0971,2586139.2886],[3984114.6829,2586470.1486],[3984077.1943,2586501.2771],[3983253.9286,2586826.4057],[3982987.5029,2587164.4371],[3983495.1571,2587985.5114],[3984196.3257,2588854.7143],[3984171.6371,2589748.5086],[3984267.8486,2590811.3971],[3984001.2657,2591463.5314],[3984533.3171,2591752.8571],[3984847.6857,2591485.9343],[3985016.98,2591558.2086],[3985258.84,2591581.9771],[3985839.2371,2591992.1114],[3986274.4257,2592571.6143],[3986491.74,2593417.0486],[3986249.4371,2593924.2429],[3985305.1114,2594261.2629],[3984844.9943,2594647.3943],[3984166.5714,2596011.9629],[3983076.4257,2597847.3429],[3983402.3771,2598364.4829],[3983487.3914,2598499.3629],[3984091.1371,2600673.32],[3984478.1,2600817.7829],[3985106.9371,2600816.6743],[3985251.0971,2602700.8857],[3985226.1914,2603981.1886],[3984692.8571,2605623.6943],[3985899.6457,2606584.8343],[3985285.0571,2607460.0943],[3985284.6229,2608248.1371],[3984845.2943,2609539.5229],[3984317.8829,2611509.5029],[3984317.3543,2612472.6657],[3984623.6371,2613742.2229],[3985493.6429,2613776.9543],[3985675.64,2613784.22],[3986201.2857,2614834.7229],[3986183.6257,2614856.7286],[3987899.8943,2617456.3029],[3992371.7,2624380.1429],[3992733.0771,2623935.9857],[3993280.6429,2623842.9371],[3993519.6229,2623540.7171],[3994238.3514,2623553.6714],[3994817.9743,2623507.1143],[3995988.96,2623391.9771],[3996298.4229,2623769.7914],[3997415.7229,2624456.5943],[3998034.5029,2624250.2143],[3998412.6971,2623906.4343],[3998928.3771,2623562.62],[3999169.1,2623940.4514],[3999478.5257,2623665.4229],[3999478.6714,2623321.6971],[3999822.4486,2623149.7657],[4000647.6143,2623974.06],[4001232.0371,2624283.0971],[4001816.4343,2624385.9914],[4002675.8314,2624351.3486],[4003157.1257,2624626.06],[4003329.1629,2625141.3057],[4003999.5971,2625759.5171],[4004687.1571,2626137.2343],[4004927.8771,2626515.0657],[4005649.78,2626652.2743],[4006268.6057,2627098.7229],[4007162.38,2627132.7943],[4008125.12,2628231.8857],[4009809.5429,2628334.4229],[4010823.68,2627852.9971],[4013161.3286,2626855.6914],[4014089.48,2626924.1114],[4015086.3943,2626683.2486],[4015533.3229,2626992.3257],[4015808.4743,2627541.9086],[4015533.7943,2627954.0857],[4015568.3,2628297.5857],[4016083.9829,2628641.0],[4015809.6857,2630015.0029],[4016145.8229,2630434.7143],[4016222.3029,2630530.2086],[4016257.0257,2631388.9629],[4015982.6,2632453.8114],[4016084.7114,2632759.6343],[4016154.6371,2632969.0543],[4016464.4057,2633306.6257],[4016721.9543,2633587.2886],[4017615.7943,2634136.7314],[4018234.7743,2635064.1257],[4019266.0714,2635373.0314],[4019541.1829,2634926.1629],[4019541.4457,2634307.4543],[4020022.7486,2633998.0171],[4020779.0343,2633757.2286],[4021776.0257,2634444.0629],[4022858.8714,2634340.6286],[4023168.2657,2634203.0714],[4024302.7,2634580.6571],[4025059.0314,2635061.4257],[4025368.4771,2635404.8914],[4025815.4,2635679.6114],[4025671.4,2636343.1086],[4025472.4686,2637259.7114],[4025644.5029,2637774.9571],[4026366.48,2638324.4429],[4027088.4686,2638942.6429],[4027672.8771,2639148.6086],[4027913.5943,2638770.4886],[4028463.7743,2639526.1371],[4028979.4171,2639457.2457],[4029426.3343,2639731.9657],[4029478.0543,2640144.1686],[4029993.7714,2640624.9971],[4032090.7286,2640143.24],[4032194.0343,2639627.6457],[4033053.4429,2639799.1714],[4033294.1371,2640108.2943],[4033912.9914,2640657.8086],[4035288.0743,2641207.1114],[4036130.3314,2641653.5],[4036817.9714,2642340.4143],[4037161.9914,2643233.5],[4037849.5514,2643611.22],[4038262.0829,2643404.9029],[4038812.1057,2643542.1629],[4039087.22,2643988.6914],[4039499.7743,2644297.7771],[4040049.8114,2644057.0514],[4040479.5229,2644228.7086],[4040514.0743,2644675.2629],[4040205.1257,2645327.8943],[4039861.7514,2645774.4114],[4040068.1029,2646152.2457],[4039977.86,2646260.56],[4039724.7143,2646564.4086],[4040206.14,2647285.7171],[4041684.3857,2648041.1257],[4041684.6029,2648556.3829],[4042337.7971,2648968.4686],[4042956.5657,2649036.9886],[4043197.22,2649208.7029],[4043128.7743,2649861.3543],[4042940.2029,2650823.1543],[4041978.6571,2651784.8343],[4041841.3829,2652162.6771],[4041566.6057,2652162.5886],[4040089.6971,2652402.6314],[4039231.0857,2652917.7257],[4038922.22,2653776.4686],[4038991.4543,2654978.7257],[4038270.1686,2655047.2114],[4036433.0114,2657142.3543],[4035196.5486,2657519.9086],[4033957.4543,2657157.1343],[4032964.04,2656866.2886],[4031796.2971,2657415.6514],[4031874.1571,2658377.9629],[4032040.26,2660405.0457],[4032570.5343,2660970.7543],[4033038.9143,2661470.4371],[4033623.9657,2661642.3257],[4034037.2857,2662157.8286],[4034052.26,2662341.6057],[4034066.0057,2662510.3143],[4034079.9143,2662684.3943],[4034107.0229,2663018.16],[4034384.8857,2663183.9686],[4035087.7971,2663603.4114],[4034916.78,2664188.1486],[4035123.92,2664910.4686],[4035915.5314,2665529.9486],[4036775.6943,2665668.24],[4037360.8143,2666150.0343],[4039390.7686,2666048.9229],[4039597.4571,2665705.6971],[4040457.6229,2665534.7429],[4040973.9286,2665088.7057],[4041765.5143,2665673.8057],[4041972.7371,2666464.9086],[4043003.9143,2667191.4971],[4043487.0343,2667531.9114],[4043419.4714,2668426.18],[4042802.9171,2669802.1029],[4041567.8057,2670593.84],[4040882.0,2671453.9457],[4040162.62,2673001.8657],[4039098.7943,2673002.9],[4038446.9257,2673415.9886],[4038551.1743,2674310.26],[4039581.3543,2674890.0257],[4039652.2686,2674929.9771],[4040133.3371,2675549.1057],[4040476.9571,2675755.5914],[4040677.5829,2676128.5086],[4040624.2029,2676336.6114],[4043055.3543,2680160.8429],[4045175.3486,2683522.5457],[4046184.2371,2685122.3543],[4047507.9114,2687220.64],[4049561.1457,2690475.4229],[4049637.4229,2690596.3429],[4051255.4429,2693193.0686],[4051540.7914,2693645.3971],[4053128.3857,2696162.0114],[4053850.2686,2697306.3229],[4055675.9629,2700200.3629],[4057816.1514,2703592.9343],[4058451.4314,2704599.9657],[4059063.6171,2705570.3857],[4059672.4857,2706535.5514],[4061078.9914,2708765.1057],[4061541.7571,2709498.6714],[4062017.4886,2710252.7886],[4065453.12,2708074.5714],[4071653.3629,2704222.4886],[4078093.1429,2700225.8743],[4081272.6743,2698269.7714],[4085125.96,2695817.8029],[4084753.4286,2695224.1829],[4085472.6086,2694773.76],[4085700.4971,2694631.0314],[4086010.2114,2694437.0571],[4086341.8286,2695030.0143],[4086440.0943,2694967.4857],[4086521.6429,2694919.0029],[4086643.4514,2694842.7343],[4086665.5143,2694828.7743],[4086706.7486,2694809.5657],[4086731.6457,2694797.9657],[4086806.2914,2694749.42],[4086832.1457,2694732.6057],[4087678.3343,2694334.7771],[4088557.46,2693686.2771],[4090164.4343,2692679.5],[4090471.66,2693106.5714],[4090654.6829,2693360.9829],[4090892.9371,2693191.5257],[4092197.6171,2692263.58],[4091888.7657,2691599.4714],[4095091.4686,2689610.5029],[4095313.3829,2689471.8857],[4095575.5743,2689312.2543],[4095624.9457,2689282.24],[4096607.1257,2688685.0286],[4097079.0286,2688393.4],[4099384.8343,2686983.9343],[4100125.1486,2686521.0457],[4100525.8571,2686272.98],[4100736.6743,2686148.5771],[4104683.32,2683670.8857],[4108053.7743,2681581.3571],[4108053.8457,2681582.0086],[4108148.3629,2682424.3829],[4108148.1914,2682425.32],[4109342.48,2682822.3171],[4110801.62,2683132.6714],[4111333.3457,2682785.1971],[4111359.64,2682769.4371],[4111408.5686,2682784.0257],[4112070.7829,2683192.7429],[4113458.1914,2682738.8371],[4113629.6229,2683603.1114],[4113747.74,2684198.5857],[4113795.6771,2684440.2571],[4114530.58,2685268.8343],[4116135.3686,2684917.4029],[4117349.14,2685483.6171],[4117912.7943,2685264.4857],[4118148.4257,2684946.1857],[4118301.4114,2684739.5343],[4118777.4257,2684301.9571],[4119383.9457,2683907.96],[4119843.8914,2683494.58],[4120025.48,2683331.3743],[4120184.9486,2683231.2857],[4120220.3257,2683175.2429],[4120724.16,2682898.9571],[4121329.0857,2682327.4486],[4122104.4257,2681185.7057],[4122449.7143,2680790.2743],[4122615.9429,2680699.12],[4123012.46,2680481.68],[4123300.1486,2680383.6371],[4123532.2543,2680304.5343],[4124138.5229,2680563.6886],[4124787.5057,2680997.0286],[4125307.4686,2681082.0543],[4125870.7057,2681210.5343],[4126520.6343,2681338.6371],[4126910.6286,2681380.5771],[4127085.1286,2681389.5771],[4128539.34,2681456.2057],[4129282.2171,2681490.2457],[4129901.4057,2682483.8029],[4129940.9543,2682534.0629],[4130784.3514,2683605.9771],[4130146.5143,2683795.1143],[4129785.74,2683906.9029],[4128916.4714,2684391.3],[4128613.5143,2684961.6714],[4128129.8486,2688943.8429],[4128118.9543,2689033.5229],[4128001.2771,2689882.92],[4128419.4686,2691248.1771],[4128710.6857,2691827.54],[4129742.7171,2692932.2057],[4129871.6857,2693070.2486],[4130288.36,2694063.3143],[4130290.1486,2694476.9543],[4129758.7857,2695304.86],[4129763.7971,2696463.0514],[4129383.3971,2697210.4086],[4129108.0943,2697744.08],[4128036.5857,2698692.8514],[4127129.9771,2698817.1771],[4126726.3571,2698877.2771],[4126017.3229,2698982.8629],[4126017.1,2700261.1314],[4126634.9829,2700879.8486],[4126670.0514,2700924.4057],[4126677.9771,2700927.3857],[4126649.74,2702171.58],[4126649.6743,2702174.4057],[4126475.8971,2704717.3543],[4126475.2543,2704726.74],[4126403.7114,2704744.9857],[4124810.9486,2705354.7829],[4124310.82,2705821.9171],[4123865.5943,2706237.7686],[4123537.1657,2707182.8257],[4123291.1629,2708353.9257],[4123682.5229,2708949.6257],[4124846.5743,2708650.6057],[4125451.5429,2708496.2543],[4125841.8,2708496.66],[4125920.88,2708467.9457],[4126745.4657,2708168.5229],[4127382.1914,2708086.9114],[4127809.9571,2708058.1457],[4128285.9429,2708026.14],[4128385.7771,2708038.5257],[4128403.1343,2708040.68],[4128418.1743,2708018.5429],[4129052.8657,2707474.3029],[4129143.4114,2707656.22],[4129415.16,2708111.0314],[4129448.9857,2708171.1629],[4129453.8543,2708179.8171],[4129310.8657,2708758.9086],[4129782.7457,2709438.6171],[4130142.0943,2709940.1486],[4130270.14,2710118.86],[4130626.7171,2710609.2457],[4130834.62,2711305.3114],[4130937.8743,2711386.9886],[4131227.3771,2711796.1],[4131681.7029,2712163.6914],[4133126.0771,2712403.8143],[4132614.7686,2713242.6857],[4132061.6229,2713753.48],[4132021.4771,2714081.0914],[4131919.06,2714183.2771],[4131693.5829,2714326.0429],[4131611.7457,2714448.7829],[4131653.3971,2714612.5714],[4131859.9029,2714775.9286],[4131904.5286,2714810.2486],[4132045.7486,2714918.8457],[4132201.7457,2715444.5],[4132181.9714,2715564.7886],[4132156.9914,2715624.9171],[4132101.82,2715674.9286],[4132048.3971,2715717.0629],[4131906.0771,2715684.0114],[4131297.2486,2715651.6143],[4131155.7657,2715841.5943],[4130682.12,2716546.1771],[4130759.2514,2716961.4371],[4130452.04,2717288.5],[4130124.0686,2717492.4257],[4129467.7686,2717489.3943],[4129282.3857,2717499.4743],[4128426.5114,2717541.0543],[4127774.7971,2717944.2229],[4127111.8714,2718971.5771],[4126687.1971,2719190.1343],[4126152.86,2719465.1314],[4125113.2543,2720543.5257],[4124946.4543,2720457.3286],[4124321.6114,2719985.9257],[4123737.2771,2720063.7914],[4123285.5743,2721312.4171],[4123839.6457,2721893.2343],[4124012.8743,2722434.4143],[4124050.1371,2722506.2914],[4123993.1657,2722579.2743],[4123661.4971,2722943.4857],[4123169.3057,2724240.3886],[4122866.2943,2725913.7143],[4122597.04,2727877.24],[4122508.7629,2729449.0657],[4122353.2857,2730500.3543],[4122217.4143,2731241.12],[4122088.7057,2732258.3314],[4121797.6771,2732818.2143],[4120481.2914,2734657.4057],[4120394.4114,2734723.2429],[4120393.0171,2734912.2829],[4119806.2057,2735359.0171],[4119256.4771,2735677.0943],[4119154.1286,2735664.0943],[4118743.9286,2735611.9857],[4118284.9229,2736075.6457],[4118305.3914,2736602.8514],[4118330.7286,2737255.5429],[4118289.2257,2737956.1057],[4118374.4543,2738712.0457],[4118150.9286,2739176.56],[4117912.4171,2739672.22],[4118107.6714,2740262.6514],[4118229.2,2741018.6686],[4117837.2943,2741448.5543],[4117386.94,2741839.4543],[4116904.8314,2742166.4514],[4116710.9257,2742490.4629],[4116689.0971,2742490.0629],[4116603.9343,2742422.2971],[4116514.2943,2742384.8257],[4116433.2771,2742442.5686],[4116395.3543,2742485.6714],[4116147.7543,2742481.1],[4115747.6229,2742473.7086],[4115137.7629,2742610.2314],[4114526.2971,2743195.8829],[4114044.1886,2743522.8829],[4113176.7629,2744015.1829],[4112373.3314,2743519.4286],[4112019.0571,2743144.8057],[4111953.2743,2743143.4371],[4111120.46,2743126.0886],[4110445.3686,2743616.0057],[4109896.64,2744454.3257],[4109702.7457,2744750.5514],[4109794.9,2745203.2286],[4109757.5629,2745946.6743],[4110008.1429,2746464.7371],[4110481.2286,2746888.1514],[4110605.1829,2747340.9429],[4110825.26,2747665.2114],[4110876.6257,2747797.92],[4111000.3543,2747846.3857],[4111347.2,2747982.2514],[4111431.5,2748537.12],[4110970.0457,2749127.1886],[4109678.8057,2750071.6],[4109601.1371,2749951.62],[4109345.7029,2750309.68],[4109149.8171,2750584.2714],[4108188.8714,2752175.2971],[4108059.5057,2753281.9143],[4108008.6886,2754198.4457],[4107951.9457,2755919.7086],[4108203.1429,2757685.9629],[4108172.7114,2758826.0229],[4107808.5,2760733.3971],[4107553.6257,2762068.1543],[4107177.0857,2763801.1514],[4107085.4457,2764270.7057],[4107235.38,2764829.8657],[4107472.9086,2765434.1229],[4108234.0343,2766533.1029],[4108311.2857,2766660.1514],[4108929.0714,2767676.1429],[4109227.6571,2768973.2114],[4108747.2714,2770207.3171],[4108600.26,2770587.4857],[4108521.5571,2770649.8114],[4108501.3714,2770665.7943],[4108457.9171,2770736.9514],[4108440.2057,2770785.2371],[4108424.8514,2770889.9886],[4108421.6286,2770911.9686],[4108420.4543,2770919.9829],[4108409.6486,2770993.6914],[4108407.9429,2771041.6457],[4108407.4343,2771055.9114],[4108399.6486,2771077.74],[4108387.0686,2771116.32],[4108377.9571,2771145.1371],[4108499.5943,2771175.7857],[4108499.6629,2771203.52],[4108141.5429,2772931.2],[4106571.3886,2773676.3429],[4106264.5429,2773836.74],[4105693.7429,2774135.1114],[4104960.5286,2774182.7486],[4104052.7343,2774767.4057],[4103682.6229,2775636.5457],[4103567.2857,2775703.0571],[4103076.4429,2775840.2943],[4102875.9,2775896.3657],[4102095.3514,2776421.4114],[4101592.4714,2777003.5486],[4101377.8571,2777251.9857],[4100700.9771,2777331.6857],[4100397.1457,2777773.7914],[4100092.5314,2778244.0314],[4100056.2571,2778327.7886],[4099735.9114,2779067.3914],[4098848.2886,2780014.3143],[4098016.1314,2780154.48],[4096460.2486,2778889.1971],[4095738.6571,2778473.1857],[4095165.7714,2778167.3714],[4094435.1229,2778438.2886],[4093855.3,2779109.4943],[4093827.9543,2780596.3457],[4094468.8743,2782385.8886],[4094476.5143,2782401.4743],[4094373.9743,2783724.7657],[4095048.0057,2784621.1229],[4095191.8029,2785032.0743],[4095448.3371,2785705.7371],[4095434.6657,2786314.7914],[4095433.6257,2786332.76],[4095128.1571,2786401.9029],[4093989.0029,2786659.7629],[4093830.76,2786694.8914],[4093702.28,2786723.4143],[4093299.9543,2787268.3371],[4093268.58,2787310.8286],[4093236.72,2787882.3943],[4093229.6743,2788008.84],[4093049.9543,2788444.6971],[4092720.36,2788844.3],[4092386.3714,2789249.2343],[4092181.24,2790754.16],[4091740.5657,2790926.7543],[4091237.12,2790619.8114],[4090796.6,2789528.2514],[4090623.2371,2789098.6686],[4089048.08,2787798.94],[4087895.78,2787183.7571],[4086623.42,2788818.2571],[4084899.2114,2789926.1114],[4084772.6171,2790257.6943],[4083928.7114,2792249.2771],[4084098.2657,2793930.7286],[4084148.1543,2794425.4371],[4084144.6943,2795626.0886],[4085944.8571,2796523.5029],[4087520.2171,2797120.8286],[4089095.3086,2797943.6457],[4089994.4657,2798918.2057],[4091495.1057,2798914.0543],[4093820.8314,2799584.5943],[4094116.1371,2801535.5971],[4092905.9286,2803335.5771],[4093204.3914,2804160.88],[4095226.02,2807010.6514],[4094690.0771,2810162.2514],[4092273.08,2812185.2714],[4088122.52,2812023.3543],[4086585.34,2813026.14],[4085253.2457,2813895.1371],[4083616.5514,2816121.2314],[4082606.7086,2817494.7314],[4081997.3829,2819970.8857],[4083871.2486,2821694.5543],[4087816.0457,2823746.1343],[4090557.9429,2821992.6057],[4091656.4457,2821290.0771],[4091790.7143,2821962.7771],[4091754.7029,2823471.2486],[4091731.8029,2824430.4514],[4091448.5143,2825589.26],[4091185.44,2826340.4143],[4090081.5486,2828756.9571],[4088764.3657,2832201.1771],[4088573.8943,2832699.2171],[4088501.5657,2832888.3457],[4088466.8714,2833303.7829],[4088346.2257,2833894.5857],[4088345.4343,2833899.2171],[4088629.3571,2834025.66],[4089664.4457,2834209.7],[4090161.9314,2834343.8086],[4090997.6971,2834569.1143],[4092146.4629,2834292.4886],[4094277.9257,2833055.0086],[4095640.6857,2832464.7971],[4096610.06,2831559.9229],[4097980.8371,2828933.7514],[4098750.5943,2828385.3743],[4098737.2857,2828386.3286],[4099115.8829,2828005.1657],[4100155.4371,2827920.8229],[4102386.34,2828255.2629],[4103028.0143,2828943.9914],[4103002.5457,2829971.8],[4102997.4914,2829967.9029],[4103002.1429,2829986.9114],[4103105.5314,2830409.3343],[4103369.1371,2831078.1971],[4105175.8114,2834303.5571],[4105550.12,2835376.5657],[4106259.8857,2836156.4171],[4108321.3914,2837275.56],[4108683.2429,2837665.4771],[4109334.3914,2839713.9971],[4109765.1886,2840494.22],[4109936.7429,2840678.1314],[4110154.88,2840911.9829],[4110455.5857,2840996.6886],[4110882.4086,2841116.9257],[4110990.8343,2841147.4743],[4113457.1314,2841232.6457],[4114320.98,2841426.1914],[4115268.1714,2841926.6286],[4116576.8286,2843102.9829],[4117538.2571,2843198.5629],[4118792.2171,2842888.3057],[4120366.5086,2842325.7486],[4121369.3629,2841743.4],[4122005.6,2841309.3457],[4122232.8143,2841154.3343],[4122943.2714,2840831.2714],[4123821.1057,2840885.1457],[4124545.3514,2841330.2086],[4124988.4371,2842828.3],[4125040.1171,2844500.7486],[4124379.9429,2845796.5429],[4122515.0171,2847920.3657],[4120299.9486,2850202.5114],[4120257.9314,2850245.8],[4119219.5171,2851819.9914],[4118783.1429,2853081.1343],[4118833.1657,2853783.8571],[4118850.6029,2854028.8514],[4119141.3971,2855004.3486],[4119962.8686,2855693.3629],[4121286.4486,2856081.3457],[4122512.6229,2855980.7629],[4123613.1857,2855531.0543],[4124477.0857,2855480.1914],[4126692.32,2856159.38],[4128475.82,2855917.8114],[4128572.0457,2855301.7686],[4128386.0971,2853565.6743],[4128352.6771,2853065.94],[4128326.0257,2852667.3286],[4128355.7457,2852606.6143],[4128883.56,2851528.2829],[4129453.7743,2850701.8429],[4130400.0143,2849594.9943],[4130984.84,2849132.3257],[4131834.7,2848857.9029],[4133646.1057,2848783.9257],[4134314.7514,2848460.9543],[4135256.24,2848282.58],[4135359.7514,2848262.9686],[4136808.8771,2848252.68],[4137150.7914,2848410.4571],[4137743.5171,2848684.8171],[4138483.4057,2849215.5771],[4138999.7314,2850123.4886],[4139306.4886,2851185.0543],[4139793.3543,2853681.9457],[4139849.8457,2853971.6686],[4140073.1057,2854521.9286],[4140212.5514,2854865.6143],[4140687.1057,2855466.2286],[4140794.7771,2855519.4457],[4141859.8314,2856045.8571],[4142865.0486,2856422.9486],[4144205.3743,2856199.3686],[4146425.24,2855437.9229],[4148379.7914,2854515.8486],[4149222.7286,2854180.7486],[4149398.9657,2854110.6857],[4150292.5114,2854306.1914],[4150697.0286,2855381.7257],[4150333.3086,2856373.4486],[4150281.1343,2856592.4114],[4149857.3371,2858370.8686],[4149661.28,2859327.6743],[4149660.8371,2860207.66],[4150386.1686,2862163.1714],[4150483.6629,2862728.8743],[4150189.9171,2863469.1743],[4149407.1057,2864251.3657],[4149015.7743,2864363.0886],[4148093.3686,2864390.9743],[4147356.6171,2864456.6743],[4146919.3914,2864495.6686],[4146555.9771,2864747.08],[4146499.8571,2865235.96],[4146490.6829,2865296.5257],[4146415.4,2865793.5857],[4146387.7286,2865976.2629],[4146317.4029,2866933.0714],[4146386.8657,2867687.3429],[4146093.1543,2868357.8029],[4145882.8486,2869880.3114],[4145966.16,2870712.3514],[4145994.04,2870990.7714],[4145671.9971,2872457.4086],[4144889.2229,2873141.8171],[4144541.8943,2873210.4171],[4144288.2543,2873260.5171],[4143938.8257,2873036.9886],[4143603.1371,2872240.7143],[4142736.4829,2871458.3857],[4142079.5971,2871234.8429],[4141171.1343,2871584.0057],[4140577.2571,2872171.7086],[4139259.0829,2873476.1714],[4138990.4543,2873742.0086],[4139059.9771,2874370.5657],[4139450.6114,2875278.48],[4139692.24,2875456.4629],[4141726.1086,2876954.5686],[4142745.1457,2877869.4457],[4143428.9371,2879042.7457],[4143791.3629,2880523.3543],[4143929.9143,2882779.1857],[4143562.6457,2883007.3257],[4143412.6543,2883100.4286],[4142587.46,2882653.3514],[4142097.5829,2883379.6629],[4141677.7943,2883882.4886],[4141159.4771,2885111.6429],[4140990.84,2886012.56],[4140417.2657,2886529.3486],[4139228.5857,2886738.7857],[4138710.8629,2887339.3829],[4138442.2714,2887875.1914],[4138374.7829,2888009.8286],[4136285.38,2889663.9914],[4135720.9771,2890693.5857],[4134400.3571,2893328.0914],[4134215.2371,2896416.8486],[4132895.2057,2898438.14],[4132894.1029,2899437.4429],[4132773.26,2899931.8943],[4132072.6086,2902798.7314],[4131412.6914,2904552.8486],[4131270.6486,2905797.5886],[4130651.8571,2909519.9886],[4130217.5857,2910553.5943],[4129126.6371,2911168.1286],[4126971.6257,2911995.8143],[4127289.2657,2912632.6057],[4128468.8771,2913268.4686],[4130782.9771,2913904.2514],[4131645.0286,2914313.0171],[4131279.8429,2915404.6686],[4131671.9714,2916398.6771],[4132522.3571,2917697.6571],[4133512.5371,2918766.16],[4133928.9429,2919035.1229],[4133945.0029,2919045.4971],[4134140.0114,2919506.4286],[4133803.5771,2920526.0686],[4133735.4029,2921059.1514],[4133676.7543,2921517.78],[4133661.8829,2922334.8914],[4133731.0286,2922963.44],[4133795.0371,2923288.2086],[4133796.1829,2923294.0314],[4134037.0314,2924513.7257],[4134120.4514,2924744.3429],[4134817.5514,2926671.4886],[4135081.9543,2927970.3486],[4134676.0914,2928906.0714],[4133669.3029,2929827.7629],[4133135.2571,2930563.8629],[4133025.9057,2930714.5857],[4133061.9886,2930928.7171],[4133178.8657,2931622.3886],[4134113.5457,2932963.1],[4133791.6429,2933717.2657],[4133245.7486,2935078.9571],[4133132.78,2936685.08],[4133396.6029,2938766.0486],[4133158.5457,2939499.2714],[4132417.4857,2940085.7886],[4131988.12,2941046.6286],[4131955.6571,2941119.2743],[4131904.6057,2941951.0943],[4131899.0857,2942041.0486],[4131828.2114,2942646.4914],[4131781.2743,2943047.4371],[4131758.4829,2943242.1457],[4131452.4,2943840.0714],[4131268.76,2944198.8143],[4130443.8429,2944757.3857],[4129929.9429,2944938.2686],[4128724.7086,2945395.5743],[4128748.8057,2948044.3514],[4133835.8457,2955752.9029],[4139517.4314,2964362.3886],[4139842.5286,2964855.0171],[4146171.3686,2974445.3114],[4148783.5286,2978403.6029],[4156524.2429,2990133.3486],[4163077.68,3000063.98],[4163497.0286,3000699.4257],[4163724.86,3001044.6686],[4170947.7114,3011989.6857],[4174085.3971,3016718.1771],[4178700.7114,3023673.4571],[4178712.8629,3023691.78],[4225567.2086,3090162.0771],[4225843.0771,3090552.7686],[4226242.3543,3091118.02],[4241486.8457,3112715.2],[4238867.8571,3114422.7229],[4238667.3571,3114554.5886],[4234053.4886,3117589.1457],[4230514.5886,3119916.6886],[4229962.24,3120279.9714],[4228123.9514,3121489.0171],[4227407.6429,3121960.1343],[4226118.1457,3122815.6657],[4221773.5314,3125698.1371],[4216295.2257,3129332.7686],[4215977.9057,3129543.2971],[4211989.0571,3132212.8171],[4204578.8286,3137172.0829],[4203200.02,3138102.8657],[4201654.3143,3139146.3171],[4192954.7457,3145100.1457],[4182234.8229,3152497.7971],[4181273.0714,3153161.4857],[4173201.0114,3158778.1629],[4169622.5886,3161268.0914],[4163680.8229,3165436.7143],[4163217.74,3165744.6457],[4162978.3143,3165905.9943],[4162580.8457,3166173.8457],[4160644.0629,3167535.3343],[4158030.1829,3169372.8],[4156324.2543,3170581.9314],[4153748.36,3172407.6857],[4146485.3857,3177555.5657],[4146016.1971,3177890.8629],[4142120.6257,3172397.6771],[4130310.7486,3155304.1486],[4127702.4971,3151662.9743],[4122064.64,3143493.1371],[4121698.46,3142984.2429],[4087743.6886,3094911.6514],[4084550.4257,3090059.5486],[4084450.3257,3089907.4486],[4084245.1886,3090054.8114],[4084134.1914,3090134.5486],[4084070.5629,3090052.1029],[4084010.1771,3089973.8543],[4083664.5543,3089526.0057],[4083975.5914,3089297.0],[4083947.0,3089261.0],[4083946.3771,3089260.2171],[4083895.3229,3089195.9314],[4083845.6429,3089121.4971],[4083666.5429,3088889.8629],[4083402.7,3089074.9486],[4082867.9829,3089450.0543],[4082051.3343,3090020.7657],[4078168.6943,3092734.1343],[4077733.0886,3092991.2257],[4077733.0743,3092991.2371],[4074203.0,3095537.3571],[4071915.0714,3097152.5857],[4069045.9286,3099195.0457],[4068715.9,3099429.8143],[4060185.0971,3105535.6314],[4057287.8771,3107626.5571],[4054242.3514,3109824.5229],[4048503.1771,3113966.4914],[4044946.74,3116554.5],[4038596.62,3121175.4714],[4037714.4371,3121817.4314],[4036854.4914,3122443.2143],[4032926.3543,3125325.4057],[4025239.22,3130965.68],[4022094.2143,3133292.34],[4021817.3943,3133497.1343],[4020519.4714,3134457.3286],[4013657.5486,3139533.7486],[4010197.34,3142114.7114],[4009324.1829,3142765.9943],[4008494.6,3143384.78],[4007892.3857,3143833.9686],[4006820.1571,3144633.74],[4002109.6486,3148147.2943],[3994891.2171,3153575.8057],[3994443.8971,3153912.2057],[3993472.3286,3154642.86],[3991719.9371,3155960.72],[3990595.7057,3156806.18],[3990525.3743,3156859.4914],[3989380.2029,3157727.5],[3989069.8771,3157962.72],[3987423.94,3159219.8714],[3988635.5286,3163081.2771],[3988888.4,3163889.1829],[3989231.3229,3164984.8],[3989873.08,3167035.1714],[3990592.7143,3169334.3486],[3991338.9571,3171718.5429],[3992650.6171,3175909.2029],[3992731.5743,3179617.0371],[3992752.3143,3180566.9657],[3992929.2971,3188672.8543],[3992938.8886,3189112.1],[3992978.1943,3190912.36],[3993014.0286,3192553.62],[3993035.8,3193550.6514],[3993036.6857,3193591.3286],[3993204.9143,3194594.6771],[3993227.2629,3194727.9743],[3993567.74,3196758.6714],[3993862.8086,3198518.5543],[3994180.8,3200415.1457],[3994639.68,3203152.0229],[3994774.0229,3203953.2771],[3994880.1057,3204585.9857],[3995198.6971,3206486.1543],[3999652.9114,3207130.1371],[4001097.8657,3207339.0457],[4001607.5,3207412.7257],[4001396.8286,3208974.1829],[4000339.6314,3216809.8657],[4000294.8514,3217141.76],[4000252.6086,3217671.04],[3999589.9,3225974.3943],[3999355.0057,3228917.4886],[3999281.66,3229836.4571],[3998982.2057,3233588.4543],[3999520.4943,3238433.0743],[4000047.6229,3243177.2429],[4000446.4486,3246766.6971],[4000656.7114,3248659.0514],[4000674.1343,3248815.86],[4000680.92,3248876.9286],[4000658.3343,3248926.6171],[4000559.4829,3249144.0886],[3999584.86,3251288.2629],[3999326.02,3251857.7057],[3998759.5257,3253103.9971],[3998670.84,3253299.1057],[3998424.4886,3253841.08],[3997495.1543,3255885.6171],[3996952.1457,3257080.2371],[3996502.1343,3258070.2629],[3996434.1229,3258219.8886],[3995941.7657,3259642.2486],[3990874.6743,3274280.5086],[3991415.1771,3282310.82],[3995275.9029,3284936.1114],[3992231.1571,3289694.3171],[3994018.9943,3291268.5829],[3996637.9114,3293574.6429],[3997057.6257,3293944.2171],[3997437.9057,3294279.0714],[3997763.9314,3298826.5629],[3997860.5743,3300174.5457],[3998082.5314,3301016.68],[3999144.2914,3305045.12],[3999275.1086,3305541.4486],[3998612.3571,3306070.16],[3995851.6,3308272.56],[3995572.36,3308495.3257],[3995409.8914,3310511.8514],[3995153.3057,3313696.5486],[3994865.0971,3317273.7429],[3995653.1886,3318791.9829],[3996454.2714,3320335.2457],[3997165.5143,3321705.4286],[3997694.16,3322723.8514],[3997635.12,3322800.8486],[3997243.9171,3323311.0371],[3995765.1743,3325239.5343],[3993854.3514,3327731.5286],[3991049.48,3331389.4943],[3989890.8029,3332900.58],[3989885.8914,3332906.9857],[3988996.7229,3334066.5914],[3988666.1171,3334497.7514],[3988983.8886,3336227.8343],[3989254.0143,3337698.52],[3989412.72,3338562.5943],[3989529.8914,3339200.5171],[3989956.7057,3341524.2857],[3990163.8571,3342652.1114],[3993290.2571,3343996.1714],[3993356.9143,3344024.8286],[3993447.6714,3344063.8457],[3993895.8771,3344256.5314],[3994615.4743,3344565.8914],[3994417.2429,3345267.4229],[3994390.5229,3345361.9857],[3992621.6143,3351622.1343],[3993776.2829,3352114.7914],[3994575.7286,3352455.8886],[3995150.0543,3352700.9343],[3995780.3829,3352969.8743],[3997337.7829,3353165.3114],[3998618.8771,3353326.0743],[3998962.4,3353369.1829],[4000579.1,3355367.6029],[4001298.8886,3356257.3429],[4001678.62,3356726.7343],[4002221.2486,3357397.48],[4003506.0171,3358985.5971],[4004572.5429,3360303.9429],[4004586.5971,3360321.3171],[4004909.5257,3360720.4914],[4004933.2343,3360749.8],[4005005.7,3363575.9571],[4005088.98,3366823.7771],[4005141.2543,3368862.5571],[4004627.3686,3369440.9029],[4004569.1457,3369506.4286],[4003816.4971,3370353.52],[4003797.0629,3370375.3943],[4003777.6029,3370397.2571],[4003734.9686,3371177.0457],[4003477.1,3375893.6114],[4004712.3629,3378269.1143],[4005099.6514,3379013.9029],[4004503.1543,3380882.3429],[4004275.2486,3381596.22],[4003917.6771,3382716.2657],[4002707.8771,3386505.7829],[4002270.5857,3387875.5286],[4002206.6571,3388925.0257],[4001771.3429,3396071.4943],[4000857.5171,3396237.6457],[4000482.2886,3396305.8686],[3997652.5571,3396820.3657],[3991494.52,3397860.4371],[3991247.0686,3397902.2286],[3990874.4057,3397965.1714],[3989937.8114,3398123.3571],[3986715.1171,3398667.66],[3985303.5457,3398906.0686],[3982906.4143,3399310.9371],[3981803.8457,3399497.1543],[3978959.9114,3399977.4857],[3978568.6429,3400043.5714],[3972773.4371,3401022.36],[3970113.1457,3402479.1857],[3969983.0686,3402550.4171],[3969192.7714,3402983.2],[3960541.9,3407720.5829],[3958180.0714,3408347.6171],[3956921.4686,3408681.76],[3951139.4229,3410216.8171],[3952213.4229,3406014.2086],[3952741.7257,3403946.9371],[3953053.2029,3402728.1171],[3951795.1771,3400956.6171],[3951014.6114,3399857.4486],[3947948.8257,3398653.0343],[3946755.6971,3398184.3057],[3944025.16,3397111.5943],[3942069.7771,3397361.2171],[3940492.2257,3397969.7886],[3940376.32,3398033.8714],[3940029.74,3398225.4914],[3938658.26,3398983.7686],[3936863.9743,3402537.1629],[3936536.4629,3403185.7629],[3935297.2943,3401636.8],[3934471.2543,3400604.2514],[3933860.9286,3399841.3429],[3933044.7771,3398821.1514],[3931377.5829,3396737.16],[3930689.5943,3395882.26],[3930311.3629,3395412.2714],[3928033.0914,3392581.2857],[3927596.4543,3392038.7171],[3926977.08,3391269.0829],[3926580.2829,3390776.02],[3924562.8314,3388269.1286],[3924346.5257,3388000.3457],[3922577.6686,3388201.3514],[3922515.9571,3388208.3629],[3921730.5314,3386816.0171],[3921588.0486,3386563.4343],[3920684.5029,3386190.5429],[3920334.4286,3386046.0657],[3912048.3743,3382626.4257],[3911158.0971,3382259.0114],[3910128.1514,3383056.5171],[3906546.8257,3385829.6057],[3905286.08,3386805.8257],[3901346.4343,3389856.3686],[3900465.9,3390538.1829],[3899506.8314,3390578.1429],[3897470.4229,3390662.9943],[3892133.1,3390999.5829],[3888234.36,3391245.4486],[3888209.7429,3391248.08],[3885391.88,3391549.3629],[3883080.4257,3391796.4971],[3881619.3429,3391952.7143],[3880969.7743,3392051.0429],[3875086.1286,3392941.6886],[3873720.3486,3393148.4343],[3872549.7,3393325.6429],[3871074.0057,3393770.3743],[3869652.0343,3394198.9114],[3869512.6143,3394240.9286],[3868375.3943,3394100.5743],[3856365.7914,3392618.3771],[3854008.5829,3394476.4114],[3852829.4629,3395405.8371],[3859187.7914,3400444.5143],[3859279.22,3400516.9657],[3859444.48,3400647.9257],[3859539.1571,3400814.8743],[3859580.6543,3400888.0457],[3860365.3029,3402271.6286],[3860386.6886,3402309.3371],[3861111.6914,3403587.7457],[3861644.82,3404527.8171],[3863947.3457,3408587.8914],[3864774.3771,3410046.2057],[3867432.5286,3414733.36],[3868011.1943,3415753.7314],[3868378.0971,3416400.6971],[3869592.94,3418542.8429],[3871004.0914,3421031.1457],[3872185.5543,3423114.4343],[3873506.5943,3425443.84],[3873428.5371,3426633.0286],[3873412.9086,3426871.1457],[3873373.0743,3427478.0429],[3873177.7086,3430454.4971],[3873105.5971,3431553.12],[3873069.7857,3432098.7514],[3873028.1514,3432733.0571],[3872909.1343,3434546.3029],[3872787.1914,3436404.1486],[3872293.3343,3443928.2057],[3872164.9457,3445884.26],[3872143.1914,3446215.6714],[3872092.0629,3446994.6514],[3871934.5914,3450703.3486],[3871763.36,3454736.1371],[3871751.6143,3455012.8143],[3871690.5629,3456450.6686],[3871680.18,3456695.2171],[3871645.6914,3457507.4571],[3871613.8686,3458256.9286],[3871439.9257,3462353.6171],[3871334.3029,3464841.1971],[3870885.5514,3475410.1029],[3870685.1829,3479705.4743],[3870644.0257,3480587.7943],[3870596.2114,3481612.8057],[3870491.3457,3483860.9057],[3870439.4571,3484973.2343],[3870407.4229,3485659.96],[3870219.8886,3489680.2343],[3869876.2343,3495920.2771],[3869743.2857,3498334.3714],[3869657.6771,3499888.8314],[3869563.52,3501598.5343],[3869523.2657,3502329.4743],[3869493.9943,3502860.96],[3869429.4171,3504033.5714],[3869480.86,3505139.5743],[3869511.2314,3505792.58],[3869512.6257,3505822.54],[3869727.9857,3506663.4771],[3869951.9171,3507537.8771],[3870240.5029,3508664.7343],[3870386.3057,3509234.0571],[3870459.6571,3509365.9857],[3870804.4657,3509986.1429],[3873065.8314,3514053.3486],[3873918.4857,3515586.9],[3874121.1971,3515951.4914],[3874813.5286,3517196.6886],[3876169.2429,3519635.0286],[3873964.24,3524086.6429],[3873447.06,3525583.0771],[3873127.0886,3526508.8943],[3872995.3829,3526889.9771],[3872310.7171,3528871.0143],[3872091.4086,3529505.5714],[3869737.9657,3536315.12],[3868888.5657,3538772.8114],[3869105.7029,3539818.3429],[3869193.6257,3539737.58],[3869692.9229,3539278.9371],[3870192.2229,3538820.2914],[3870691.52,3538361.6486],[3871190.82,3537903.0057],[3871691.9143,3537446.3286],[3872193.0114,3536989.6514],[3872694.1114,3536532.9743],[3873195.2086,3536076.2943],[3873696.3057,3535619.6171],[3874197.4029,3535162.94],[3874698.5,3534706.2629],[3875199.5971,3534249.5829],[3875700.6971,3533792.9057],[3876201.7943,3533336.2286],[3876702.8914,3532879.5486],[3877203.9886,3532422.8714],[3877705.0886,3531966.1943],[3878206.1857,3531509.5143],[3878707.2829,3531052.8371],[3879208.38,3530596.16],[3879709.4771,3530139.48],[3880210.5743,3529682.8029],[3880711.6714,3529226.1257],[3881212.7686,3528769.4486],[3881715.6571,3528314.7457],[3882218.5457,3527860.04],[3882721.4343,3527405.3343],[3883224.3229,3526950.6314],[3883727.2114,3526495.9257],[3884230.1,3526041.22],[3884732.9886,3525586.5171],[3885235.8771,3525131.8114],[3885738.7657,3524677.1057],[3886241.6543,3524222.4],[3886744.5429,3523767.6971],[3887247.4343,3523312.9914],[3887750.3229,3522858.2857],[3888253.2114,3522403.58],[3888756.1,3521948.8771],[3889258.9886,3521494.1714],[3889761.8771,3521039.4657],[3890264.7657,3520584.7629],[3890767.6543,3520130.0571],[3891270.54,3519675.3543],[3891775.2114,3519222.6286],[3892279.8829,3518769.9057],[3892784.5571,3518317.18],[3893289.2286,3517864.4543],[3893793.9,3517411.7314],[3894298.5714,3516959.0057],[3894803.2429,3516506.28],[3895307.9171,3516053.5571],[3895812.5886,3515600.8314],[3896317.26,3515148.1057],[3896821.9314,3514695.38],[3897326.6057,3514242.6571],[3897831.2771,3513789.9314],[3898335.9486,3513337.2057],[3898840.62,3512884.48],[3899345.2943,3512431.7571],[3899849.9657,3511979.0314],[3900354.6371,3511526.3086],[3900859.3086,3511073.5829],[3901363.98,3510620.86],[3901870.4257,3510170.12],[3902376.8743,3509719.3829],[3902883.32,3509268.6457],[3903389.7686,3508817.9086],[3903896.2143,3508367.1714],[3904402.6629,3507916.4343],[3904909.1114,3507465.6971],[3905415.5571,3507014.9571],[3905922.0057,3506564.22],[3906428.4543,3506113.4829],[3906934.9,3505662.7429],[3907441.3486,3505212.0057],[3907947.7971,3504761.2686],[3908454.2429,3504310.5314],[3908960.6914,3503859.7914],[3909467.14,3503409.0543],[3909973.5857,3502958.3171],[3910480.0343,3502507.58],[3910986.48,3502056.8429],[3911492.9286,3501606.1057],[3912001.1429,3501157.3629],[3912509.3571,3500708.62],[3913017.5714,3500259.8771],[3913525.7857,3499811.1314],[3914034.0029,3499362.3886],[3914542.2171,3498913.6457],[3915050.4314,3498464.9],[3915558.6486,3498016.1571],[3916066.8629,3497567.4143],[3916575.0771,3497118.6686],[3917083.2943,3496669.9257],[3917591.5086,3496221.1829],[3918099.7257,3495772.4371],[3918607.94,3495323.6943],[3919116.1543,3494874.9514],[3919280.8686,3494729.5114],[3919382.3171,3494639.9343],[3919624.3714,3494426.2057],[3920132.5857,3493977.4629],[3920640.8,3493528.72],[3921149.0143,3493079.9771],[3921657.2286,3492631.2343],[3922167.2029,3492184.4914],[3922677.1771,3491737.7486],[3923187.1514,3491291.0057],[3923697.1286,3490844.2629],[3924207.1029,3490397.5229],[3924717.0771,3489950.78],[3925227.0514,3489504.0371],[3925737.0286,3489057.2943],[3926247.0029,3488610.5514],[3926756.9771,3488163.8086],[3927266.9543,3487717.0629],[3927776.9286,3487270.32],[3928286.9029,3486823.5771],[3928796.88,3486376.8343],[3929306.8543,3485930.0943],[3929816.8286,3485483.3514],[3930326.8029,3485036.6086],[3930836.7771,3484589.8657],[3931346.7543,3484143.1229],[3931856.7286,3483696.38],[3932368.4543,3483251.6457],[3932880.18,3482806.9114],[3933391.9057,3482362.1771],[3933903.6343,3481917.4429],[3934415.36,3481472.7086],[3934927.0886,3481027.9743],[3935438.8143,3480583.2371],[3935950.5429,3480138.5029],[3936462.2686,3479693.7686],[3936973.9971,3479249.0343],[3937485.7229,3478804.2971],[3937997.4514,3478359.5629],[3938509.1771,3477914.8286],[3939020.9057,3477470.0943],[3939532.6314,3477025.3571],[3940044.3571,3476580.6229],[3940556.0857,3476135.8886],[3941067.8114,3475691.1543],[3941579.5371,3475246.42],[3942091.2657,3474801.6857],[3942604.7343,3474358.9657],[3943118.2057,3473916.2457],[3943631.6771,3473473.5257],[3944145.1457,3473030.8057],[3944511.3286,3472715.08],[3944658.6171,3472588.0857],[3945172.0886,3472145.3657],[3945685.56,3471702.6457],[3946199.0314,3471259.9257],[3946712.5029,3470817.2057],[3947225.9743,3470374.4857],[3947627.9657,3470027.8857],[3947628.0114,3470027.8457],[3947739.4457,3469931.7657],[3948252.9171,3469489.0457],[3948766.3886,3469046.3257],[3949279.8571,3468603.6029],[3949793.3286,3468160.8829],[3950306.8,3467718.1629],[3950820.2714,3467275.4429],[3951333.7429,3466832.7229],[3951847.2114,3466390.0057],[3952360.6829,3465947.2857],[3952875.8886,3465506.5857],[3953391.0971,3465065.8886],[3953906.3029,3464625.1914],[3954421.5086,3464184.4914],[3954936.7171,3463743.7943],[3955451.9229,3463303.0943],[3955967.1314,3462862.3971],[3956482.3371,3462421.6971],[3956997.5457,3461981.0],[3957512.7543,3461540.3],[3958027.96,3461099.6029],[3958379.76,3460798.68],[3958543.1686,3460658.9029],[3958645.0114,3460571.7886],[3958647.6686,3460569.5143],[3958824.0143,3460418.6743],[3958990.9886,3460275.8457],[3959058.3743,3460218.2057],[3959573.5829,3459777.5057],[3960088.7886,3459336.8086],[3960603.9971,3458896.1086],[3961119.2029,3458455.4114],[3961634.4114,3458014.7114],[3962149.6171,3457574.0143],[3962664.8229,3457133.3171],[3962911.4057,3456924.0686],[3963181.7571,3456694.6457],[3963698.6914,3456255.9771],[3964215.6286,3455817.3057],[3964732.5629,3455378.6371],[3965249.4971,3454939.9657],[3965766.4343,3454501.2971],[3966283.3686,3454062.6257],[3966800.3029,3453623.9571],[3967317.24,3453185.2857],[3967834.1743,3452746.6143],[3968351.1114,3452307.9457],[3968868.0457,3451869.2743],[3969384.9829,3451430.6057],[3969901.9171,3450991.9343],[3970418.8514,3450553.2629],[3970935.7886,3450114.5943],[3971452.7229,3449675.9229],[3971969.6571,3449237.2543],[3972486.5914,3448798.5857],[3973003.5257,3448359.9143],[3973522.1829,3447923.28],[3974040.8371,3447486.6457],[3974559.4914,3447050.0114],[3975078.1457,3446613.3771],[3975596.8029,3446176.74],[3976115.4571,3445740.1057],[3976634.1143,3445303.4714],[3977152.7686,3444866.8371],[3977671.4257,3444430.2],[3978190.08,3443993.5657],[3978708.7371,3443556.9314],[3979227.3914,3443120.2943],[3979746.0486,3442683.66],[3980264.7029,3442247.0257],[3980329.5771,3442192.4114],[3980493.0514,3442054.7886],[3980783.3571,3441810.3914],[3981302.0143,3441373.7543],[3981820.6686,3440937.12],[3982339.3229,3440500.4857],[3982857.98,3440063.8514],[3983376.6343,3439627.2171],[3983897.0,3439192.6257],[3984251.2457,3438896.7714],[3984353.1857,3438811.6371],[3984417.3686,3438758.0314],[3984937.7343,3438323.44],[3985458.1029,3437888.8457],[3985978.4714,3437454.2543],[3986498.8371,3437019.66],[3987019.2057,3436585.0657],[3987539.5743,3436150.4743],[3988059.94,3435715.88],[3988580.3086,3435281.2857],[3989100.6771,3434846.6943],[3989621.0457,3434412.1],[3990141.4114,3433977.5086],[3990661.78,3433542.9143],[3991182.1486,3433108.32],[3991702.5143,3432673.7286],[3992222.8829,3432239.1343],[3992743.2486,3431804.5429],[3993263.6171,3431369.9486],[3993783.9829,3430935.3571],[3994306.0543,3430502.8143],[3994828.1257,3430070.2686],[3995350.1971,3429637.7257],[3995872.2686,3429205.18],[3996394.34,3428772.6371],[3996916.4114,3428340.0914],[3997438.4829,3427907.5486],[3997960.5571,3427475.0029],[3998482.6286,3427042.4571],[3999004.7,3426609.9143],[3999526.7714,3426177.3686],[4000048.8429,3425744.8257],[4000570.9171,3425312.28],[4001092.9886,3424879.7343],[4001615.06,3424447.1914],[4002137.1314,3424014.6457],[4002659.2029,3423582.1029],[4003181.2743,3423149.5571],[4003703.3457,3422717.0143],[4004225.4171,3422284.4714],[4004749.1829,3421853.9829],[4005272.9514,3421423.4914],[4005796.7171,3420993.0029],[4006320.4857,3420562.5143],[4006844.2543,3420132.0257],[4007368.02,3419701.5371],[4007891.7886,3419271.0486],[4008415.5571,3418840.5571],[4008939.3257,3418410.0686],[4009157.1486,3418231.0371],[4009245.6943,3418158.2629],[4009463.0943,3417979.58],[4009986.86,3417549.0914],[4010510.6286,3417118.6],[4010593.4886,3417050.4971],[4011034.3971,3416688.1114],[4011558.1657,3416257.6229],[4012081.9314,3415827.1343],[4012605.7,3415396.6429],[4013129.4686,3414966.1543],[4013653.2343,3414535.6657],[4014177.0029,3414105.1771],[4014700.7686,3413674.6886],[4015226.2257,3413246.2629],[4015751.68,3412817.8343],[4016277.1343,3412389.4086],[4016802.5914,3411960.9829],[4017328.0457,3411532.5543],[4017853.5029,3411104.1286],[4018378.9571,3410675.7],[4018904.4143,3410247.2714]]]}},{"type":"Feature","properties":{"CARUID":"5908","CARENAME":"Peace River","LANDAREA":202075.6285},"geometry":{"type":"Polygon","coordinates":[[[4357078.7914,3166775.0971],[4357652.4257,3166413.7114],[4357944.5543,3166229.6686],[4357947.1429,3166228.04],[4358050.8514,3166162.7057],[4358226.0571,3166052.3257],[4358260.6457,3166030.5343],[4358799.6886,3165690.94],[4358837.9486,3165666.8343],[4359009.8943,3165558.5086],[4359373.32,3165329.5543],[4359465.7371,3165271.3314],[4359469.2457,3165269.12],[4359472.7543,3165266.9114],[4359946.9543,3164968.1686],[4360520.5857,3164606.78],[4361094.2171,3164245.3943],[4361667.8514,3163884.0086],[4362241.4829,3163522.6229],[4362815.1143,3163161.2371],[4363388.7486,3162799.8514],[4363962.38,3162438.4657],[4364536.0114,3162077.08],[4365109.6429,3161715.6943],[4365683.2743,3161354.3086],[4366256.9086,3160992.9229],[4366830.54,3160631.5371],[4367405.5857,3160272.4086],[4367980.6343,3159913.2829],[4368555.6829,3159554.1543],[4369130.7286,3159195.0257],[4369705.7771,3158835.8971],[4370280.8257,3158476.7686],[4370709.6743,3158208.9429],[4370855.8743,3158117.64],[4371430.9229,3157758.5114],[4371795.36,3157530.9143],[4372005.9714,3157399.3829],[4372581.02,3157040.2543],[4373156.0686,3156681.1257],[4373547.7143,3156436.5343],[4373548.7257,3156435.9057],[4373549.7314,3156435.2743],[4373731.1171,3156321.9971],[4373880.2629,3156228.8514],[4374306.1629,3155962.8686],[4374881.2114,3155603.74],[4375456.26,3155244.6114],[4376031.3086,3154885.4829],[4376606.3571,3154526.3543],[4377181.4057,3154167.2286],[4377756.4514,3153808.1],[4378331.5,3153448.9714],[4378907.9543,3153092.1057],[4379484.4086,3152735.24],[4380060.8629,3152378.3771],[4380637.3171,3152021.5114],[4381213.7743,3151664.6457],[4381790.2286,3151307.78],[4382366.6829,3150950.9143],[4382943.14,3150594.0486],[4383519.5943,3150237.1829],[4384096.0514,3149880.3171],[4384672.5057,3149523.4514],[4385248.9629,3149166.5857],[4385825.4171,3148809.72],[4386401.8714,3148452.8543],[4386978.3286,3148095.9886],[4387554.7829,3147739.1257],[4388131.2371,3147382.26],[4388707.6914,3147025.3943],[4389284.1486,3146668.5286],[4389860.6029,3146311.6629],[4390438.4543,3145957.0686],[4391016.3086,3145602.4714],[4391594.16,3145247.8743],[4392172.0143,3144893.2771],[4392749.8657,3144538.68],[4393327.72,3144184.0829],[4393905.5743,3143829.4857],[4394483.4286,3143474.8886],[4395061.28,3143120.2914],[4395639.1343,3142765.6943],[4396216.9886,3142411.0971],[4396794.8429,3142056.5],[4397372.6943,3141701.9029],[4397950.5486,3141347.3057],[4398528.4029,3140992.7086],[4399106.2571,3140638.1114],[4399684.1086,3140283.5143],[4400261.9629,3139928.92],[4400839.8143,3139574.3229],[4401417.6686,3139219.7257],[4401996.9086,3138867.4029],[4402576.1514,3138515.08],[4403155.3943,3138162.7571],[4403734.6371,3137810.4343],[4404313.88,3137458.1114],[4404893.1229,3137105.7886],[4405472.3657,3136753.4657],[4405846.8429,3136525.6914],[4405848.2571,3136524.8314],[4405849.6629,3136523.9743],[4406051.6086,3136401.1429],[4406092.6943,3136376.1543],[4406630.8514,3136048.82],[4407210.0943,3135696.4971],[4407789.3371,3135344.1743],[4408368.58,3134991.8486],[4408947.8229,3134639.5257],[4409527.0657,3134287.2029],[4410106.3086,3133934.88],[4410685.5486,3133582.5571],[4411264.7914,3133230.2343],[4411844.0343,3132877.9114],[4412423.2771,3132525.5886],[4413002.52,3132173.2657],[4413583.14,3131823.2229],[4414163.7629,3131473.18],[4414744.3857,3131123.1371],[4415325.0086,3130773.0943],[4415905.6314,3130423.0486],[4416486.2543,3130073.0057],[4417066.8771,3129722.9629],[4417535.1286,3129440.6657],[4417622.76,3129387.8343],[4417647.5,3129372.92],[4418228.1229,3129022.8743],[4418808.7486,3128672.8314],[4419389.3714,3128322.7886],[4419969.9943,3127972.7429],[4420550.6171,3127622.7],[4421131.24,3127272.6571],[4421711.8629,3126922.6114],[4422292.4857,3126572.5686],[4422873.1086,3126222.5257],[4423453.7314,3125872.4829],[4424034.3543,3125522.44],[4424614.9771,3125172.3943],[4424839.8286,3125038.0371],[4425196.9686,3124824.6371],[4425778.9629,3124476.88],[4426360.9571,3124129.12],[4426942.9514,3123781.36],[4427524.9457,3123433.6029],[4428106.94,3123085.8429],[4428688.9343,3122738.0857],[4429270.9286,3122390.3257],[4429700.2629,3122133.7857],[4429852.9229,3122042.5657],[4430434.9171,3121694.8086],[4431016.9114,3121347.0486],[4431598.9057,3120999.2886],[4432180.9029,3120651.5314],[4432762.8971,3120303.7714],[4433344.8914,3119956.0143],[4433926.8857,3119608.2543],[4434508.88,3119260.4971],[4435090.8714,3118912.7371],[4435672.8657,3118564.98],[4436254.86,3118217.22],[4436838.2171,3117871.7514],[4437421.5714,3117526.2829],[4438004.9286,3117180.8143],[4438588.2857,3116835.3457],[4439171.64,3116489.8771],[4439754.9971,3116144.4086],[4440338.3543,3115798.94],[4440921.7114,3115453.4714],[4441505.0686,3115108.0029],[4442088.4257,3114762.5343],[4442671.7829,3114417.0657],[4443255.14,3114071.5971],[4443838.4971,3113726.1286],[4444421.8514,3113380.66],[4445005.2086,3113035.1914],[4445588.5657,3112689.7229],[4446171.9229,3112344.2543],[4446755.28,3111998.7857],[4447338.6343,3111653.3171],[4447921.9914,3111307.8486],[4448506.7,3110964.6771],[4449091.4086,3110621.5029],[4449676.12,3110278.3314],[4450260.8286,3109935.1571],[4450845.54,3109591.9829],[4451430.2486,3109248.8114],[4452014.96,3108905.6371],[4452599.6686,3108562.4657],[4453184.38,3108219.2914],[4453769.0886,3107876.1171],[4454353.8,3107532.9457],[4454938.5086,3107189.7714],[4455523.22,3106846.5971],[4456107.9314,3106503.4257],[4456692.64,3106160.2514],[4457277.3514,3105817.0771],[4457862.06,3105473.9057],[4458446.7686,3105130.7314],[4459031.48,3104787.56],[4459616.1886,3104444.3857],[4460202.2429,3104103.5143],[4460788.2943,3103762.6429],[4461374.3486,3103421.7714],[4461960.4029,3103080.9],[4462546.4571,3102740.0257],[4463132.5114,3102399.1543],[4463718.5657,3102058.2829],[4464304.62,3101717.4086],[4464890.6743,3101376.5371],[4465476.7286,3101035.6657],[4466062.7857,3100694.7914],[4466648.84,3100353.92],[4467234.8943,3100013.0457],[4467820.9486,3099672.1743],[4468407.0029,3099331.3029],[4468993.0571,3098990.4286],[4469579.1114,3098649.5571],[4470165.1657,3098308.6857],[4470751.2171,3097967.8143],[4471337.2714,3097626.9429],[4471924.66,3097288.3771],[4472512.0486,3096949.8086],[4473099.4371,3096611.2429],[4473686.8286,3096272.6771],[4474274.2171,3095934.1114],[4474861.6057,3095595.5457],[4475448.9971,3095256.98],[4476036.3857,3094918.4114],[4476623.7771,3094579.8457],[4477211.1657,3094241.28],[4477303.8286,3094187.8686],[4477798.5543,3093902.7143],[4478385.9457,3093564.1457],[4478973.3343,3093225.58],[4479560.7257,3092887.0143],[4480148.1143,3092548.4486],[4480735.5029,3092209.8829],[4481322.8943,3091871.3143],[4481910.2829,3091532.7486],[4482497.6714,3091194.1829],[4483085.06,3090855.6171],[4483673.7743,3090519.3629],[4484262.4914,3090183.1086],[4484851.2057,3089846.8543],[4485439.92,3089510.6],[4486028.6371,3089174.3457],[4486617.3514,3088838.0886],[4487206.0686,3088501.8343],[4487794.7829,3088165.58],[4488383.5,3087829.3229],[4488972.2171,3087493.0686],[4489560.9314,3087156.8143],[4490149.6486,3086820.56],[4490738.3629,3086484.3029],[4491327.08,3086148.0486],[4491915.7943,3085811.7943],[4492504.5114,3085475.54],[4493093.2257,3085139.2829],[4493681.9429,3084803.0286],[4494270.6571,3084466.7743],[4494859.3714,3084130.52],[4495449.4029,3083796.5829],[4496039.4371,3083462.6429],[4496629.4686,3083128.7057],[4497219.5,3082794.7686],[4497809.5343,3082460.8286],[4498399.5657,3082126.8914],[4498989.6,3081792.9514],[4499579.6314,3081459.0143],[4500169.6657,3081125.0743],[4500759.7,3080791.1371],[4501349.7314,3080457.1971],[4501939.7657,3080123.26],[4502529.7971,3079789.32],[4503119.8314,3079455.3829],[4503709.8629,3079121.4429],[4504299.8971,3078787.5057],[4504889.9286,3078453.5657],[4505479.96,3078119.6286],[4506069.9943,3077785.6914],[4506660.0257,3077451.7514],[4507251.3657,3077120.1371],[4507842.7057,3076788.52],[4508434.0457,3076456.9029],[4509025.3857,3076125.2857],[4509616.7286,3075793.6686],[4510208.0686,3075462.0543],[4510799.4086,3075130.4371],[4511390.7486,3074798.82],[4511982.0914,3074467.2029],[4512573.4314,3074135.5857],[4513164.7714,3073803.9686],[4513756.1143,3073472.3514],[4514347.4543,3073140.7343],[4514938.7943,3072809.1171],[4515530.1371,3072477.5],[4516121.4771,3072145.8829],[4516712.8171,3071814.2686],[4517045.94,3071627.4571],[4517304.1571,3071482.6514],[4517895.4971,3071151.0343],[4518486.8371,3070819.4171],[4519079.4771,3070490.1286],[4519672.1171,3070160.84],[4520264.7543,3069831.5486],[4520857.3943,3069502.26],[4521450.0343,3069172.9686],[4522042.6743,3068843.68],[4522635.3143,3068514.3886],[4523227.9543,3068185.1],[4523820.5943,3067855.8086],[4524413.2314,3067526.52],[4525005.8714,3067197.2286],[4525598.5114,3066867.9371],[4526191.1514,3066538.6486],[4526783.7914,3066209.3571],[4527376.4314,3065880.0686],[4527969.0714,3065550.7771],[4528561.7114,3065221.4886],[4529154.3486,3064892.2],[4529746.9886,3064562.9086],[4530339.6286,3064233.62],[4530933.5571,3063906.6629],[4531527.4857,3063579.7029],[4532121.4143,3063252.7457],[4532715.3429,3062925.7886],[4533309.2714,3062598.8286],[4533903.2,3062271.8714],[4534497.1314,3061944.9143],[4535091.06,3061617.9543],[4535684.9886,3061290.9971],[4536278.92,3060964.04],[4536872.8486,3060637.08],[4537466.7771,3060310.1229],[4538060.7086,3059983.1629],[4538654.6371,3059656.2057],[4539248.5657,3059329.2486],[4539587.2,3059142.8314],[4539842.4943,3059002.2886],[4540163.5943,3058825.5257],[4540349.7143,3058723.0657],[4540436.4229,3058675.3314],[4541030.3543,3058348.3743],[4541624.2829,3058021.4171],[4542218.2114,3057694.4571],[4542813.42,3057369.8371],[4543408.6286,3057045.2171],[4544003.8371,3056720.5943],[4544599.0486,3056395.9743],[4545194.2571,3056071.3543],[4545789.4657,3055746.7314],[4546384.6771,3055422.1114],[4546979.8857,3055097.4886],[4547575.0971,3054772.8686],[4548170.3057,3054448.2457],[4548765.5171,3054123.6257],[4549360.7257,3053799.0029],[4549955.9371,3053474.3829],[4550551.1457,3053149.76],[4551146.3571,3052825.14],[4551741.5657,3052500.52],[4552336.7743,3052175.8971],[4552931.9857,3051851.2771],[4553527.1943,3051526.6571],[4554122.4029,3051202.0343],[4554718.8829,3050879.7571],[4555315.3629,3050557.4771],[4555911.8457,3050235.1971],[4556407.3114,3049967.4971],[4556508.3257,3049912.92],[4556698.2171,3049810.3229],[4557104.8057,3049590.64],[4557555.5029,3049347.1286],[4557701.2886,3049268.36],[4557896.28,3049163.0057],[4557898.1771,3049161.98],[4558297.7686,3048946.08],[4558894.2486,3048623.8029],[4559490.7314,3048301.5229],[4560087.2114,3047979.2429],[4560683.6943,3047656.9629],[4561280.1743,3047334.6857],[4561876.6571,3047012.4057],[4562473.1371,3046690.1257],[4563069.6171,3046367.8457],[4563666.1,3046045.5657],[4564262.58,3045723.2886],[4564859.06,3045401.0086],[4565455.54,3045078.7286],[4566052.0229,3044756.4514],[4566649.7629,3044436.52],[4567247.5057,3044116.5857],[4567845.2486,3043796.6543],[4568442.9914,3043476.7229],[4569040.7343,3043156.7914],[4569638.4771,3042836.8571],[4570236.2229,3042516.9257],[4570833.9657,3042196.9943],[4571431.7086,3041877.06],[4572029.4514,3041557.1286],[4572627.1943,3041237.1943],[4573224.94,3040917.2629],[4573822.6829,3040597.3314],[4574420.4257,3040277.3971],[4575018.1686,3039957.4657],[4575615.9114,3039637.5343],[4576213.6543,3039317.6],[4576811.3971,3038997.6686],[4577409.14,3038677.7371],[4577931.2857,3038398.2686],[4578006.8829,3038357.8057],[4578605.8771,3038040.2257],[4579204.8714,3037722.6457],[4579803.8686,3037405.0657],[4580402.8629,3037087.4829],[4580516.6371,3037027.1629],[4581001.86,3036769.9029],[4581046.7143,3036746.1229],[4581225.1229,3036651.5314],[4581315.1143,3036603.82],[4581317.5771,3036602.5143],[4581600.8571,3036452.3229],[4582199.8514,3036134.7429],[4582798.8486,3035817.1629],[4583397.8457,3035499.58],[4583996.84,3035182.0],[4584595.8371,3034864.42],[4585194.8343,3034546.84],[4585793.8286,3034229.26],[4586155.9057,3034037.2886],[4586181.1143,3034023.9229],[4586392.8257,3033911.6771],[4586991.8229,3033594.0971],[4587590.8171,3033276.5171],[4588189.8143,3032958.9371],[4588788.8086,3032641.3571],[4589387.8057,3032323.7771],[4589986.8,3032006.1971],[4590587.0371,3031690.9743],[4591187.2771,3031375.7486],[4591787.5171,3031060.5257],[4592387.7571,3030745.3029],[4592987.9943,3030430.08],[4593588.2343,3030114.8543],[4594188.4743,3029799.6314],[4594788.7143,3029484.4086],[4595388.9543,3029169.1829],[4595989.1943,3028853.96],[4596589.4343,3028538.7371],[4597189.6743,3028223.5114],[4597789.9143,3027908.2886],[4598015.2771,3027789.9371],[4598143.9686,3027722.3514],[4598390.1543,3027593.0629],[4598591.6029,3027487.2686],[4598906.2114,3027322.0514],[4598909.1029,3027320.5314],[4598990.3943,3027277.84],[4599590.6314,3026962.6171],[4599773.9486,3026866.3457],[4599847.84,3026827.5429],[4600190.8714,3026647.3943],[4600214.2171,3026635.1343],[4600236.3514,3026623.5114],[4600639.5514,3026411.7629],[4600791.1114,3026332.1686],[4601391.3514,3026016.9457],[4601991.5886,3025701.7229],[4602593.0629,3025388.86],[4603194.5371,3025076.0],[4603796.0086,3024763.1371],[4604397.4829,3024450.2743],[4604998.9571,3024137.4143],[4605600.4314,3023824.5514],[4606201.9057,3023511.6886],[4606803.38,3023198.8257],[4607404.8543,3022885.9657],[4607531.2257,3022820.2314],[4608006.3286,3022573.1029],[4608607.8029,3022260.24],[4609209.2743,3021947.3771],[4609810.7486,3021634.5171],[4610412.2229,3021321.6543],[4611013.6971,3021008.7914],[4611615.1714,3020695.9286],[4612216.6457,3020383.0686],[4612818.12,3020070.2057],[4613419.5914,3019757.3429],[4614021.0657,3019444.4829],[4614623.7629,3019133.9857],[4615226.4629,3018823.4914],[4615829.16,3018512.9971],[4616431.86,3018202.5],[4617034.5571,3017892.0057],[4617637.2571,3017581.5086],[4618239.9571,3017271.0143],[4618842.6543,3016960.5171],[4619445.3543,3016650.0229],[4620048.0543,3016339.5257],[4620650.7543,3016029.0314],[4621253.4514,3015718.5343],[4621856.1514,3015408.04],[4622458.8514,3015097.5429],[4623061.5486,3014787.0486],[4623664.2486,3014476.5514],[4624266.9457,3014166.0571],[4624869.6457,3013855.56],[4625195.9371,3013688.1714],[4625472.3429,3013545.0657],[4625483.6057,3013539.2657],[4625484.5486,3013538.78],[4625489.5371,3013536.2086],[4626075.0429,3013234.5714],[4626678.9571,3012926.4457],[4627282.8714,3012618.3229],[4627886.7857,3012310.1971],[4628490.7,3012002.0743],[4629094.6143,3011693.9486],[4629698.5286,3011385.8257],[4630302.4429,3011077.7],[4630906.3571,3010769.5771],[4631510.2743,3010461.4514],[4632114.1886,3010153.3286],[4632718.1029,3009845.2029],[4633322.0171,3009537.0771],[4633925.9314,3009228.9543],[4634529.8486,3008920.8286],[4635133.7629,3008612.7057],[4635737.6771,3008304.58],[4636341.5914,3007996.4571],[4636945.5057,3007688.3314],[4637549.42,3007380.2086],[4638153.3343,3007072.0829],[4638758.4543,3006766.3371],[4639363.5743,3006460.5886],[4639968.6943,3006154.84],[4640573.8171,3005849.0914],[4641178.9371,3005543.3429],[4641784.0571,3005237.5943],[4642389.18,3004931.8457],[4642994.3,3004626.0971],[4643599.4229,3004320.3486],[4644204.5429,3004014.6],[4644809.6657,3003708.8543],[4645414.7857,3003403.1057],[4646019.9086,3003097.3571],[4646625.0286,3002791.6086],[4647230.1486,3002485.86],[4647835.2714,3002180.1114],[4648440.3914,3001874.3629],[4649045.5114,3001568.6143],[4649650.6314,3001262.8657],[4650255.7543,3000957.1171],[4650862.0714,3000653.7514],[4651468.3886,3000350.3829],[4652074.7057,3000047.0171],[4652681.0229,2999743.6486],[4653287.3429,2999440.2829],[4653893.66,2999136.9143],[4654499.9771,2998833.5457],[4655106.2971,2998530.1771],[4655712.6143,2998226.8114],[4656318.9343,2997923.4429],[4656925.2514,2997620.0743],[4657531.5686,2997316.7086],[4658137.8886,2997013.34],[4658744.2057,2996709.9714],[4659350.5257,2996406.6057],[4659956.8429,2996103.2371],[4660563.16,2995799.8686],[4661169.4771,2995496.5029],[4661775.7971,2995193.1343],[4662382.1143,2994889.7686],[4662989.6171,2994588.7857],[4663597.1229,2994287.8029],[4664204.6286,2993986.8229],[4664812.1343,2993685.84],[4665419.64,2993384.8571],[4666027.1457,2993083.8743],[4666634.6514,2992782.8943],[4667242.1571,2992481.9114],[4667849.6629,2992180.9286],[4668457.1714,2991879.9457],[4669064.6771,2991578.9629],[4669672.1829,2991277.9829],[4670279.6886,2990977.0],[4670887.1943,2990676.0171],[4671494.7,2990375.0343],[4672102.2057,2990074.0543],[4672709.7114,2989773.0714],[4673317.2171,2989472.0886],[4673924.7229,2989171.1086],[4674532.2257,2988870.1257],[4675140.9114,2988571.5343],[4675749.5943,2988272.9429],[4676358.2771,2987974.3486],[4676966.9629,2987675.7571],[4677575.6457,2987377.1657],[4678184.3286,2987078.5743],[4678793.0143,2986779.9829],[4679401.6971,2986481.3886],[4680010.3829,2986182.7971],[4680619.0657,2985884.2057],[4681227.7514,2985585.6143],[4681836.4343,2985287.02],[4682445.12,2984988.4286],[4683053.8029,2984689.8371],[4683662.4886,2984391.2429],[4684271.1714,2984092.6514],[4684879.8571,2983794.06],[4685488.54,2983495.4686],[4686097.2229,2983196.8771],[4686705.9057,2982898.2857],[4687315.76,2982602.0886],[4687925.6114,2982305.8914],[4688535.4629,2982009.6943],[4689145.3171,2981713.4971],[4689755.1686,2981417.3],[4690365.0229,2981121.1029],[4690974.8771,2980824.9029],[4691584.7286,2980528.7057],[4692194.5829,2980232.5086],[4692804.4343,2979936.3114],[4693414.2886,2979640.1143],[4694024.1429,2979343.9171],[4694633.9943,2979047.72],[4695243.8486,2978751.5229],[4695853.7029,2978455.3229],[4696463.5543,2978159.1257],[4697073.4086,2977862.9286],[4697683.26,2977566.7314],[4698293.1114,2977270.5343],[4698902.9657,2976974.3371],[4699513.9771,2976680.54],[4700124.9886,2976386.7429],[4700736.0,2976092.9457],[4701347.0114,2975799.1457],[4701958.0257,2975505.3486],[4702569.0371,2975211.5514],[4703180.0486,2974917.7514],[4703791.0629,2974623.9543],[4704402.0743,2974330.1571],[4705013.0886,2974036.3571],[4705624.1,2973742.56],[4706235.1143,2973448.76],[4706846.1257,2973154.9629],[4707457.14,2972861.1657],[4708068.1514,2972567.3657],[4708679.1629,2972273.5686],[4709290.1771,2971979.7714],[4709901.1886,2971685.9714],[4710512.2,2971392.1743],[4711123.2114,2971098.3771],[4711735.3743,2970806.9829],[4712347.5343,2970515.5886],[4712959.6971,2970224.1943],[4713571.86,2969932.8],[4714184.0229,2969641.4057],[4714796.1857,2969350.0114],[4715408.3457,2969058.6171],[4716020.5086,2968767.2229],[4716632.6714,2968475.8286],[4717244.8343,2968184.4343],[4717856.9971,2967893.04],[4718469.16,2967601.6457],[4719081.3229,2967310.2514],[4719693.4857,2967018.8571],[4720305.6486,2966727.4629],[4720917.8114,2966436.0686],[4721529.9743,2966144.6743],[4722142.1343,2965853.28],[4722754.2971,2965561.8857],[4723356.2457,2965275.3543],[4723366.46,2965270.4914],[4723361.6143,2965260.2629],[4711776.7829,2940799.04],[4711729.1057,2940698.3714],[4704092.6371,2924574.0629],[4704044.04,2924471.4514],[4701706.2686,2919535.2743],[4701337.8829,2918757.4343],[4700183.8486,2916320.7086],[4692421.2971,2899930.1771],[4690632.3,2896152.7343],[4688587.4657,2891835.0914],[4681132.8743,2876094.8171],[4676987.44,2867341.7857],[4676974.3543,2867314.1571],[4673993.6571,2861020.4514],[4665383.5857,2842840.4],[4664643.0771,2841276.8143],[4664524.6543,2841026.76],[4660008.0343,2831489.7371],[4657975.82,2827198.6257],[4656810.5714,2824738.1543],[4653775.9514,2818330.4171],[4652961.4457,2816610.5543],[4652955.3629,2816597.7114],[4648180.6543,2806515.7086],[4646427.4057,2802813.6429],[4646421.3314,2802800.8171],[4643140.7343,2795873.6943],[4642164.1286,2793811.5514],[4638612.3771,2786311.8714],[4637477.0057,2783914.4886],[4634240.28,2777081.7114],[4634234.2029,2777068.8829],[4632324.8543,2773037.3114],[4631998.9029,2772352.5743],[4631945.8,2772241.02],[4631891.5543,2772126.4371],[4630552.0771,2769297.1571],[4630546.0029,2769284.3257],[4629028.5543,2766079.1171],[4627650.36,2763168.06],[4626464.62,2760663.5029],[4626413.96,2760556.5343],[4618928.3029,2744745.06],[4618078.5086,2742950.1],[4611628.7543,2729326.7314],[4607956.7371,2721570.5829],[4607953.8571,2721578.26],[4607300.3314,2720198.3486],[4601747.4543,2708473.5229],[4600851.9657,2706582.7086],[4599007.4657,2702688.0686],[4596256.2943,2696879.0057],[4595669.5829,2695640.1714],[4593734.9286,2691555.68],[4584032.5314,2671071.7229],[4581515.2886,2665757.1029],[4574912.3629,2651816.4429],[4573414.8057,2648654.6743],[4573354.6629,2648527.6971],[4572836.5371,2647433.9857],[4572606.5429,2646945.5114],[4572392.5143,2646490.94],[4569350.8829,2640068.5771],[4568809.3657,2638931.2114],[4568640.3543,2638576.2314],[4568013.0514,2637252.0571],[4563085.6086,2626839.8257],[4562904.68,2626457.5029],[4561101.2771,2622649.6457],[4561087.1286,2622619.7686],[4561082.3543,2622621.9971],[4560741.1657,2621901.3314],[4559585.6543,2619460.6229],[4557896.6914,2615893.1486],[4557900.6371,2615891.5286],[4557311.2543,2614647.0543],[4557308.9314,2614641.9971],[4553679.7343,2606978.1171],[4553560.4229,2606733.9571],[4553526.2743,2606655.6571],[4552499.6343,2604487.3857],[4552498.4629,2604490.8543],[4552328.4686,2604125.9657],[4552191.72,2603843.8829],[4552180.9257,2603821.6114],[4549020.1829,2597247.12],[4547417.1571,2594138.4114],[4546102.04,2591263.6029],[4544792.3029,2588400.5514],[4544480.5514,2587553.9],[4544332.1429,2587227.6229],[4544332.1286,2587203.68],[4544326.4743,2587202.9486],[4544312.02,2587199.34],[4544305.4571,2587185.48],[4544288.3371,2587149.3314],[4544231.2457,2587028.7857],[4544222.6886,2587010.7143],[4544214.1257,2586992.6371],[4544175.7514,2586911.6057],[4544175.4714,2586911.0114],[4544174.32,2586911.2514],[4544173.8857,2586910.3371],[4544139.8886,2586838.7257],[4544139.4829,2586837.8943],[4544126.7229,2586811.6486],[4543985.7057,2586521.5857],[4540752.6971,2579871.3771],[4540743.4486,2579851.8657],[4540143.7571,2578404.2514],[4540137.0914,2578388.16],[4538029.6857,2574123.5371],[4538027.16,2574118.2029],[4537416.8543,2572680.34],[4537409.9371,2572665.0286],[4537407.1543,2572658.8629],[4537405.72,2572656.0171],[4537198.6857,2572218.8886],[4537197.5943,2572216.5314],[4536725.7343,2571200.6029],[4536562.0886,2570849.54],[4536509.6257,2570737.0],[4536350.2971,2570392.66],[4536345.36,2570381.9829],[4536345.0314,2570381.2971],[4536320.1829,2570329.18],[4536300.8343,2570287.62],[4536253.56,2570184.0],[4535992.4971,2569628.1714],[4535825.3714,2569272.3429],[4535391.4086,2568363.2086],[4534087.7914,2565615.6],[4534031.8343,2565497.84],[4534031.36,2565496.8686],[4533338.2086,2564077.9829],[4533332.3086,2564065.9029],[4532897.4257,2563152.1],[4532897.3,2563151.8229],[4532658.3114,2562622.1857],[4532658.2457,2562622.06],[4531897.4286,2560986.1029],[4530977.8829,2559043.4914],[4530967.2057,2559020.9686],[4530123.0971,2557240.44],[4530106.7114,2557206.0486],[4529463.4143,2555855.2314],[4528850.0029,2554567.1743],[4528836.1743,2554538.1371],[4528595.5,2554020.1857],[4528591.76,2554012.2743],[4527232.0257,2551135.1743],[4527231.92,2551134.9514],[4527098.5,2550845.4543],[4527096.6,2550841.44],[4527093.7714,2550835.4771],[4526782.4114,2550178.9743],[4526701.8057,2550009.02],[4526498.5029,2549580.7829],[4526498.1314,2549580.0],[4526241.5057,2549038.4771],[4526214.2571,2548981.0229],[4525877.6514,2548271.6971],[4525875.6343,2548267.4343],[4525773.4314,2548051.5457],[4524929.0829,2546271.2486],[4524706.6971,2545802.3571],[4524686.4943,2545759.7629],[4524547.6743,2545467.0571],[4524547.6371,2545466.98],[4524523.8743,2545416.88],[4524508.3971,2545384.2457],[4524508.3914,2545384.2286],[4524499.5429,2545365.5486],[4524426.3171,2545210.6429],[4524213.9886,2544761.4857],[4524155.0743,2544638.2086],[4524131.7914,2544589.4886],[4524040.8029,2544399.0829],[4523904.0171,2544108.1],[4523786.6429,2543860.2657],[4523687.5171,2543650.9629],[4522512.4571,2541170.2971],[4522336.5571,2540798.4286],[4521831.1971,2539732.3829],[4521753.3457,2539566.9857],[4521740.1057,2539539.0314],[4521739.6,2539537.9714],[4521707.7057,2539471.2514],[4521541.4143,2539123.3714],[4520431.4886,2536801.4143],[4520423.1114,2536785.6314],[4519691.4057,2535407.28],[4519680.0657,2535383.2886],[4519012.6886,2533974.1943],[4517984.0886,2531728.4771],[4517760.7543,2531238.5114],[4517103.4714,2529803.0971],[4516674.4943,2528866.2714],[4516382.9886,2528229.1714],[4516369.4343,2528198.2571],[4516369.2314,2528197.8086],[4516131.1971,2527754.3914],[4515789.3657,2527115.9714],[4515570.6286,2526707.4429],[4515349.4086,2526250.28],[4514652.5829,2524810.2486],[4514597.4771,2524696.3657],[4514577.2743,2524654.6229],[4514554.7343,2524608.0371],[4514481.0943,2524455.86],[4514268.9886,2524017.5257],[4514001.7714,2523440.7143],[4513561.1114,2522490.3857],[4513420.3114,2522192.7143],[4513351.8257,2522043.5057],[4513177.0543,2521654.34],[4513174.7371,2521649.1743],[4513131.3657,2521557.32],[4511188.06,2517354.0886],[4510637.7086,2516160.1114],[4509540.0114,2513778.6886],[4508178.3086,2510903.4714],[4508157.3857,2510859.2943],[4507259.1371,2508978.2971],[4507167.3343,2508768.8086],[4506654.74,2507670.5314],[4506309.1371,2506930.0514],[4504173.1114,2502443.4514],[4504173.2857,2502443.3629],[4502789.8714,2499525.8171],[4502771.9686,2499487.1029],[4500794.2514,2495328.68],[4500022.2657,2493705.5629],[4498836.2057,2491173.7143],[4497682.4029,2488743.9914],[4496454.7143,2486194.7971],[4496293.8429,2485855.4743],[4496048.7114,2485296.3971],[4495076.2371,2483258.0371],[4494527.2429,2482086.2],[4494134.8771,2481249.1857],[4493281.7457,2479411.0514],[4492554.82,2477886.3657],[4491737.9543,2476173.0371],[4491009.1629,2474644.4429],[4490927.9143,2474474.0314],[4490605.6943,2473798.1914],[4487831.6029,2467941.6943],[4486822.0971,2465808.2229],[4486627.32,2465398.8314],[4483397.9943,2458611.2171],[4482366.68,2456439.8029],[4481620.5771,2454868.8886],[4481263.2514,2454116.5457],[4480950.4714,2453449.2771],[4479308.7829,2449947.0114],[4479299.82,2449927.8943],[4479254.8971,2449832.06],[4478473.6886,2448182.5429],[4478440.7086,2448112.9057],[4478431.9571,2448094.4314],[4478428.8914,2448087.9571],[4478425.68,2448081.0371],[4471441.7314,2433334.6229],[4467352.7686,2424700.98],[4466930.1314,2423799.6971],[4456532.16,2401853.2857],[4453961.6629,2396425.7143],[4441003.7114,2369065.1686],[4440052.2486,2367052.4857],[4439543.7629,2365976.8514],[4439457.4714,2365794.4029],[4439227.2114,2365307.5571],[4437765.5143,2362217.0429],[4437013.2343,2360637.4229],[4436850.9371,2360296.6371],[4436442.4514,2359438.9114],[4436304.3914,2359142.6143],[4435115.3343,2356631.9686],[4435025.8743,2356443.0971],[4434853.9543,2356080.0314],[4434639.4829,2355627.18],[4434538.0029,2355412.9],[4434235.2371,2355229.0629],[4433845.96,2355240.1657],[4433601.2714,2355518.2],[4433372.4114,2355848.9571],[4432607.3886,2356954.5486],[4432620.0229,2356963.7286],[4432861.8514,2357994.52],[4432845.8743,2358993.1086],[4433007.1,2359717.88],[4434199.6686,2361199.5029],[4435053.7343,2361199.1857],[4436052.8314,2361029.6343],[4436552.4971,2362301.9943],[4435908.2571,2363993.1086],[4435376.7314,2365168.8229],[4435522.06,2367447.8571],[4435715.5,2368108.2029],[4436118.3771,2368430.2571],[4436988.5771,2368961.5829],[4437069.2629,2369863.5343],[4437746.16,2370998.9543],[4437681.8314,2371868.6914],[4437698.0343,2372545.1543],[4438536.0486,2373495.3086],[4438552.3829,2375122.0429],[4437569.76,2376410.42],[4436973.6914,2376506.8714],[4435496.6829,2375909.1057],[4435459.3686,2375894.0],[4434218.9286,2375103.96],[4432994.6171,2374120.5343],[4432624.1229,2373620.8229],[4431963.6143,2373451.3914],[4431593.0857,2373547.9229],[4430900.3743,2373966.5429],[4430594.3086,2374353.0543],[4430511.1257,2374389.5457],[4429933.32,2374642.8771],[4429706.82,2376092.6],[4429706.5143,2376575.84],[4430478.8743,2378009.4114],[4430446.4114,2378379.8943],[4430140.0,2378702.0257],[4429236.9914,2379402.6143],[4428953.7657,2379541.0971],[4427690.0771,2380159.7771],[4428608.5829,2382512.1029],[4428631.24,2382534.2486],[4430397.1486,2384260.2229],[4432524.0743,2385726.3771],[4433410.3286,2383970.1029],[4433684.2543,2383680.0743],[4433893.72,2383647.8429],[4434361.0114,2384308.4286],[4434747.7371,2385001.2371],[4435537.2829,2384356.7229],[4435972.3429,2384968.9686],[4435988.4657,2385226.7629],[4436378.7714,2385505.0086],[4436559.14,2384986.2829],[4437469.3714,2384939.7086],[4438612.9629,2385616.8114],[4439149.6886,2386527.3057],[4438939.3771,2388091.4543],[4439011.2686,2388307.26],[4439074.94,2388498.2257],[4439154.8971,2388737.0514],[4439289.2257,2389141.7743],[4439498.6171,2389678.9171],[4439964.6314,2390192.7686],[4439870.6057,2390729.8971],[4439939.7571,2391453.8486],[4439915.8829,2391897.5629],[4439658.6914,2392131.1457],[4438785.5714,2391957.1371],[4437760.2114,2392039.6229],[4435715.0857,2392668.1629],[4435280.3914,2393135.4657],[4434765.1,2393377.1943],[4433927.7143,2393538.3829],[4433412.5029,2394045.9743],[4432542.9686,2394529.4171],[4431077.5314,2394706.7657],[4430175.7371,2394497.3743],[4429724.8514,2394690.7629],[4429129.2029,2395431.9943],[4428114.9714,2396664.7029],[4427809.0343,2396874.1914],[4427149.0314,2397792.6743],[4426827.0571,2398195.52],[4425474.3514,2398388.9714],[4424459.86,2398824.0886],[4424148.6029,2399038.2429],[4423944.6,2399178.6057],[4423848.3143,2399903.7086],[4423349.4457,2400951.0914],[4422480.0657,2401909.8714],[4421626.5686,2401990.4971],[4421410.7571,2402056.9543],[4421115.2286,2402147.8229],[4420998.0429,2402183.8571],[4420643.3457,2402103.2943],[4419482.1486,2403472.82],[4419175.2771,2404616.7743],[4419239.0029,2405776.8457],[4419109.8314,2406195.76],[4419222.3371,2406630.7857],[4418415.4057,2408588.4029],[4418817.5971,2409490.6771],[4420025.22,2409893.4743],[4420298.4029,2411021.3171],[4420990.7514,2411343.5571],[4421441.0657,2412592.2429],[4421344.1857,2412914.4829],[4420843.9714,2413977.88],[4421165.8286,2414509.58],[4421890.3714,2414880.1514],[4422115.5171,2415524.6343],[4422050.7057,2416104.6686],[4422054.2114,2416110.86],[4422388.6343,2416700.8171],[4422340.0429,2417103.62],[4422339.4257,2418094.5114],[4422516.2057,2418803.4457],[4422676.6486,2419882.9543],[4422515.0114,2420688.5571],[4422289.2029,2420994.6857],[4421805.5171,2421155.8029],[4421611.9629,2421429.7114],[4420676.6514,2420543.5286],[4420128.1371,2421526.3629],[4419789.4657,2421896.94],[4418660.9057,2421929.1543],[4418112.7514,2421929.1514],[4417725.7229,2422299.7257],[4417338.1457,2423661.1971],[4417031.6657,2424128.4457],[4416241.6743,2424063.9914],[4415902.8,2424821.2571],[4416063.7029,2425127.3857],[4416627.2771,2425207.9457],[4417094.24,2425207.94],[4417915.4143,2425530.1771],[4419010.3429,2425787.9629],[4419686.5886,2426110.2],[4419476.6143,2426915.8029],[4419733.9943,2427528.0629],[4419749.6286,2428293.3886],[4419894.2743,2428857.3086],[4420377.3229,2429034.54],[4420860.3771,2428921.7486],[4421423.8971,2428583.3857],[4422116.2857,2428502.82],[4422571.8829,2428607.2914],[4422645.4543,2428713.0971],[4422765.1629,2429199.14],[4423012.3857,2430741.3714],[4422792.8143,2432320.8286],[4422647.7343,2433045.6914],[4422263.1429,2433865.4743],[4422112.5857,2434186.3857],[4421858.3743,2434729.2171],[4420972.8571,2435905.6886],[4420457.4943,2435970.2343],[4419877.7171,2435889.7829],[4419620.0571,2435728.7143],[4419346.3114,2435487.1029],[4419056.4257,2435390.4857],[4418750.44,2435503.3343],[4418219.0086,2435809.5829],[4417913.0371,2436002.9943],[4417864.9857,2436647.6057],[4417720.0914,2436857.1143],[4418026.5514,2437533.9686],[4417720.92,2438613.6943],[4417898.6714,2439765.94],[4418301.9171,2440668.4086],[4418785.6857,2441441.9686],[4419043.8886,2442312.2],[4419041.6943,2442319.3771],[4419652.1257,2443056.84],[4420553.6571,2443428.8971],[4420711.3686,2443886.5343],[4420654.5857,2444301.26],[4420154.9171,2444787.5714],[4419891.4257,2445762.2857],[4420079.4429,2446011.7914],[4420095.58,2446334.1],[4419741.1657,2446865.9314],[4419145.0657,2446898.2771],[4418242.8571,2447059.58],[4417646.7657,2447446.4143],[4416970.1171,2447833.2657],[4416647.9,2447801.1029],[4415600.7743,2446093.6086],[4415407.4829,2445513.6914],[4415133.6,2445336.5229],[4414618.0543,2445288.2886],[4413570.8486,2445409.3371],[4412765.3086,2445618.9657],[4412217.54,2445635.1857],[4411492.5514,2445828.68],[4411589.2743,2446392.7229],[4411428.2,2446940.6543],[4411218.7714,2447198.5143],[4410880.4486,2447456.3971],[4410413.2371,2447569.2771],[4409478.8086,2447940.06],[4409043.8229,2448173.7857],[4408512.1829,2448673.4086],[4408273.8971,2448816.4514],[4408028.8629,2448963.5429],[4406981.6571,2449140.9886],[4406530.5543,2449028.2943],[4406143.6771,2448985.3829],[4406143.3971,2448985.3514],[4405660.62,2448931.7314],[4405354.5771,2449286.2314],[4405096.9371,2450043.5571],[4404871.5457,2450962.0143],[4404484.9657,2450494.8],[4404323.9371,2450027.5771],[4403792.3743,2449536.2],[4403454.0886,2449697.3457],[4402777.6743,2451099.2086],[4402665.0057,2451695.4],[4402391.2286,2452339.9371],[4402149.62,2452646.0943],[4402020.8514,2453306.74],[4402149.7457,2453918.8943],[4402069.1771,2454369.9571],[4402343.08,2455046.5429],[4402810.3314,2455159.2429],[4403364.1086,2455727.8571],[4403406.48,2455771.36],[4402874.7686,2455996.8314],[4402906.9857,2457124.4886],[4403051.9914,2457511.1114],[4404856.54,2459460.2286],[4405178.7771,2459927.3829],[4405065.9886,2460281.7886],[4405388.2343,2460217.2829],[4405323.78,2460700.5629],[4404630.9486,2461393.2171],[4404340.9229,2461650.9457],[4403599.7543,2461892.4914],[4403180.8314,2461280.1],[4402729.6857,2461521.6943],[4402487.9971,2461972.7486],[4402165.7486,2462214.36],[4401537.3657,2462536.4829],[4400989.5486,2462649.1714],[4400554.5114,2462890.7686],[4399926.1286,2463462.6029],[4399262.1429,2463651.32],[4399152.7714,2463682.4057],[4398168.9829,2463961.5314],[4396717.4571,2463268.06],[4396120.3343,2462349.2229],[4395378.3371,2461768.8029],[4394507.5029,2461784.5629],[4394152.4314,2462364.3314],[4393088.0543,2462613.6314],[4392620.3857,2462613.4429],[4393087.0714,2463048.2143],[4392570.46,2464078.9343],[4392021.9457,2464642.5457],[4391537.3457,2465947.0771],[4390811.4857,2466494.5257],[4389392.3543,2466566.46],[4389053.5514,2466936.84],[4389242.5257,2467159.0486],[4390645.8343,2469073.58],[4390780.3429,2470387.5629],[4390489.9657,2470582.3971],[4389327.7343,2470907.8029],[4389132.8229,2471175.6257],[4388469.54,2471312.2429],[4387674.1057,2471313.1114],[4387276.44,2471417.0571],[4387174.3657,2471787.0971],[4387545.8829,2472142.4914],[4388470.2171,2472523.5286],[4388467.9543,2472532.7229],[4389379.8114,2473311.8286],[4389028.7543,2474739.4057],[4389583.8314,2475712.88],[4389196.88,2476069.9486],[4388777.4,2476329.7543],[4388390.0143,2476459.8343],[4387938.1686,2476687.2457],[4388008.9829,2478309.44],[4388269.4514,2478504.2457],[4388241.5971,2479737.1114],[4388234.6,2479767.4886],[4387699.5771,2482089.3571],[4388385.5714,2483387.2943],[4388906.7371,2483874.1971],[4389592.7286,2485172.1314],[4390930.2943,2485082.7286],[4391023.9886,2485076.4629],[4391967.3629,2485239.5457],[4392912.0429,2486148.4086],[4394020.8857,2487673.6571],[4394139.0514,2488091.82],[4394218.0086,2488371.2314],[4393865.3457,2489344.6143],[4393966.3029,2490350.3771],[4394457.1886,2490788.1371],[4394585.12,2490902.2229],[4394236.9571,2491605.2114],[4394199.4371,2491680.9743],[4393622.0029,2493173.5086],[4393365.4257,2493854.8829],[4393984.4057,2494471.5943],[4394734.9257,2495639.8086],[4394964.4371,2496321.1714],[4394158.2971,2497067.7657],[4394128.0457,2497651.7571],[4394358.3086,2498543.9943],[4394264.2171,2499387.5371],[4392974.2514,2500523.7114],[4391171.3743,2503217.1571],[4390463.34,2504352.9143],[4390822.4657,2504969.4486],[4390922.3514,2505683.2229],[4390341.2714,2505878.3429],[4390165.3971,2506188.8257],[4389697.9314,2507014.0657],[4389313.8629,2508263.2171],[4389187.3829,2509106.7657],[4387898.6229,2510697.0171],[4386736.2571,2510568.6629],[4386546.0629,2509435.62],[4384673.6143,2508886.8086],[4384157.4029,2508531.0029],[4383576.2343,2508628.8743],[4382931.6286,2507916.9343],[4382350.5514,2507723.1543],[4381801.9114,2508015.5114],[4382294.5229,2509702.6657],[4382166.8657,2510221.7857],[4380844.5771,2511357.9857],[4379168.0686,2513013.3914],[4379105.3029,2513564.94],[4379725.8343,2514700.6457],[4381026.9829,2514799.2886],[4382100.5086,2515027.34],[4382686.52,2515449.4343],[4380975.3829,2515840.2543],[4380751.2914,2516554.0571],[4380980.1343,2517040.7686],[4381468.64,2517462.7829],[4382249.44,2517236.8057],[4382769.9543,2517367.0229],[4383324.4229,2518145.8629],[4383488.5343,2518681.2143],[4383134.3657,2519200.4371],[4383006.4771,2519654.6714],[4383170.6429,2520206.2429],[4383272.7943,2521536.4429],[4382144.02,2522510.3257],[4382146.1771,2523094.3143],[4381791.9143,2523581.1],[4381731.7771,2524846.4114],[4381963.1514,2526046.8543],[4381417.7486,2527442.0543],[4381852.7371,2527983.3486],[4381939.3543,2528091.1286],[4381684.2714,2529194.2514],[4380942.3771,2529778.6371],[4380945.3743,2530589.7343],[4381078.1571,2531433.2857],[4380529.52,2531725.6371],[4379916.5857,2532180.1914],[4379809.2143,2532337.1143],[4379662.4514,2532573.1343],[4379313.0657,2533135.0114],[4379403.8857,2534418.5629],[4379415.7,2536954.2086],[4378448.46,2538391.4],[4378151.0229,2540558.0343],[4377985.2057,2541659.7543],[4377780.3429,2542688.2],[4376090.7343,2542715.6886],[4374868.6114,2543863.0543],[4374502.0057,2544415.7657],[4374910.0486,2545371.3429],[4374991.3257,2546362.6029],[4375841.04,2547248.5143],[4375554.0686,2548846.1629],[4374909.7629,2549475.0486],[4374202.5857,2550324.0143],[4373169.1229,2550558.0914],[4372316.7743,2549924.6371],[4371801.48,2550150.6143],[4371295.8257,2550741.3486],[4372216.2143,2552506.5029],[4372097.8086,2553865.0686],[4371935.2743,2555040.1943],[4372597.6229,2555887.7343],[4374043.9029,2556671.28],[4374958.8171,2556144.88],[4375942.3143,2556231.8143],[4375989.6857,2558067.4657],[4375486.54,2558731.3457],[4375268.8657,2559466.2714],[4374675.1371,2560533.8257],[4373583.6086,2561369.1886],[4373500.6971,2561920.0486],[4374190.5657,2562475.4743],[4374094.0686,2564432.3371],[4373984.1686,2566661.0429],[4373415.2,2569158.9829],[4373490.5229,2573197.4257],[4370874.6629,2574000.8543],[4370626.9314,2574422.34],[4370185.8286,2574901.4457],[4369774.4343,2576271.9657],[4369400.4514,2576650.7171],[4368720.6229,2577339.2171],[4368862.62,2577736.7543],[4368999.9343,2578603.1314],[4368868.6971,2579171.6543],[4368401.06,2579354.6771],[4368175.1514,2579821.4257],[4368034.9771,2581092.2829],[4367248.92,2582456.4343],[4367407.42,2583188.46],[4367354.7657,2584776.6029],[4367354.2257,2584792.92],[4367328.92,2584844.3571],[4366786.7429,2586211.8886],[4366256.5714,2586725.7229],[4365316.1429,2586691.3343],[4364743.6886,2586497.2429],[4363961.0,2586231.8714],[4363960.74,2586231.7914],[4363173.2886,2585993.7171],[4363161.5914,2585990.0],[4363008.9057,2585898.6371],[4362687.4771,2585422.1886],[4361999.1371,2584396.7829],[4360878.5571,2582727.4857],[4359025.6714,2581640.7714],[4357624.1343,2582121.6371],[4356878.0314,2583335.6771],[4355529.6943,2583671.8829],[4354938.6429,2585228.0057],[4355372.7657,2586414.8943],[4353614.1771,2589265.2743],[4352709.7257,2590532.54],[4351520.1257,2590775.9514],[4351457.9086,2591883.2371],[4351398.8429,2592634.62],[4350392.0371,2593291.8686],[4350308.96,2593346.1],[4350178.9771,2593427.6943],[4350029.4629,2594260.26],[4351385.9057,2594721.8771],[4350869.7343,2595397.2886],[4348056.5286,2596163.8229],[4344308.7229,2596296.1229],[4343792.0857,2596997.5914],[4345194.3229,2599557.9229],[4344961.4486,2600654.4971],[4344930.6829,2600799.3686],[4344929.8943,2600803.0857],[4344904.5143,2600937.6686],[4345061.8714,2601827.9086],[4345874.2514,2602901.3029],[4346047.2257,2602898.2829],[4346047.7,2602898.2743],[4346154.2086,2602896.3514],[4347420.1343,2602873.5029],[4348494.4629,2601666.6429],[4349463.9257,2601141.4771],[4350197.56,2601193.0629],[4350381.0971,2602239.7886],[4349909.8714,2604464.0629],[4350645.9429,2605505.1629],[4350853.2171,2605798.3343],[4352923.1629,2607000.7771],[4353316.3714,2608662.4314],[4354050.1743,2610389.3971],[4355727.0571,2610728.0771],[4355360.4771,2611957.9429],[4355124.8743,2613135.5029],[4354234.3171,2613763.0429],[4352950.8571,2613054.0943],[4351562.5914,2612869.1686],[4351488.9257,2612877.86],[4351387.4657,2612889.8257],[4351375.8429,2612891.2286],[4350461.4286,2613001.6257],[4349281.0771,2613973.6543],[4348466.0457,2616900.0829],[4349145.8057,2618160.1086],[4349432.3171,2619866.0257],[4350374.2771,2620601.6857],[4350321.3029,2621205.3086],[4349088.5343,2622151.1857],[4347934.4743,2622992.0457],[4347566.1971,2624527.4086],[4348193.74,2625603.7257],[4349423.78,2625998.9914],[4350103.4943,2627311.5],[4350443.3771,2627941.5143],[4350914.4229,2628178.2314],[4351280.7057,2628519.6943],[4351542.14,2629018.4486],[4351305.8114,2629543.4229],[4351461.3057,2631301.7943],[4352167.4829,2632273.2429],[4352218.8686,2633323.0143],[4351405.3943,2634478.2171],[4349727.1086,2634848.0429],[4349019.0086,2634482.7029],[4349174.2514,2632469.1057],[4348072.5857,2633388.5743],[4346604.0429,2633875.9829],[4344086.6286,2633408.9943],[4342092.7143,2635693.5714],[4341462.5114,2637084.7571],[4341408.6686,2638593.8029],[4341486.8257,2639039.9657],[4343547.1486,2640281.8371],[4344365.3171,2640774.9943],[4344940.2886,2642087.42],[4345646.8943,2642350.74],[4346325.4257,2644975.3171],[4345590.3229,2646445.3],[4346191.7143,2647482.2371],[4346085.6114,2648846.94],[4345298.8943,2649110.3943],[4344642.8314,2650081.7886],[4344851.8486,2650632.9857],[4346631.3943,2651448.5971],[4346787.7857,2652262.1971],[4345948.3257,2653102.6286],[4345292.5171,2653732.9886],[4344610.2257,2654730.6457],[4344477.9,2656121.5971],[4343874.6771,2656489.62],[4343032.6143,2656597.2743],[4341065.4457,2656839.54],[4340170.4286,2657060.2343],[4339489.2657,2657228.1943],[4338491.04,2657015.9086],[4337544.7343,2657746.26],[4336045.7771,2659260.0514],[4336435.68,2660331.1029],[4334990.0114,2661400.42],[4334673.3143,2662210.2257],[4333436.4686,2663881.3314],[4333169.5743,2665697.1629],[4332485.4943,2666558.7543],[4333892.6771,2668961.4857],[4334020.6343,2669003.9],[4333787.4857,2669469.0486],[4332838.82,2669940.9486],[4331534.3914,2670234.3143],[4330941.4686,2670410.7629],[4330229.96,2670290.4857],[4329933.5029,2670467.5686],[4329933.5543,2671236.6286],[4330170.8114,2672242.2543],[4329993.0029,2673366.2286],[4329595.1829,2674437.88],[4329482.2,2674742.24],[4329401.2143,2674963.5257],[4329107.5029,2675496.4743],[4329171.3857,2676503.3286],[4328942.7,2676766.0886],[4328915.7857,2676794.4257],[4328757.86,2676976.0486],[4328285.2286,2677511.1143],[4327634.7171,2677808.9971],[4326865.8257,2677573.3914],[4326274.5486,2677218.9629],[4325388.8314,2675976.7343],[4324502.6629,2674971.3229],[4323675.6943,2673965.8371],[4322966.3029,2673433.9086],[4321724.1286,2673317.7629],[4321369.2171,2673318.46],[4320777.8686,2673616.24],[4320245.5086,2673676.5857],[4319823.2114,2673677.4143],[4319595.2771,2673677.6429],[4318945.96,2673500.4257],[4318474.3371,2673085.9771],[4318179.8743,2672730.6629],[4317945.2314,2672197.5771],[4318129.6257,2670716.6514],[4318193.8371,2669591.14],[4317901.9314,2668584.1514],[4317669.5114,2667517.9029],[4317675.7114,2666096.2029],[4317502.7914,2664970.7086],[4317329.6171,2663904.4514],[4317278.3314,2662068.0943],[4317518.54,2661416.5257],[4318114.52,2661061.4343],[4318651.1314,2660647.0314],[4319010.8429,2659817.7829],[4318953.8886,2659284.6486],[4318778.4486,2658751.54],[4318247.8914,2658277.88],[4317778.1429,2657330.1914],[4317663.9714,2656323.1657],[4317787.2429,2655256.8971],[4318682.9429,2654131.6943],[4318950.6914,2653695.9829],[4319192.9029,2653563.1429],[4319100.9371,2653449.2857],[4319515.78,2652767.7771],[4319279.1657,2651699.5257],[4318864.3571,2651402.62],[4318094.0543,2652113.3029],[4317839.8257,2652325.0257],[4317738.52,2652409.3943],[4317086.6029,2652349.5543],[4316375.4171,2652348.96],[4316284.7571,2652322.9629],[4315546.1343,2652111.1686],[4314982.3086,2651694.94],[4314101.0143,2650465.0057],[4313624.2857,2650416.9486],[4313088.0657,2650070.5114],[4312903.3029,2649931.6],[4312171.22,2649509.5857],[4311647.84,2649227.9829],[4311224.3571,2649194.4057],[4309226.3743,2649035.9943],[4306504.1143,2648869.18],[4305151.7771,2648523.8257],[4303407.7743,2647820.7086],[4302339.72,2647138.9257],[4300844.3286,2646098.9743],[4301656.7829,2644812.2971],[4300796.9857,2641821.5457],[4300465.7286,2639446.0914],[4298759.0314,2640108.0171],[4296698.1514,2640967.3343],[4296400.1057,2641029.5086],[4296218.0514,2641067.4829],[4295797.98,2641008.1171],[4295157.2886,2640510.64],[4294617.1714,2640391.6057],[4293676.1857,2641110.3429],[4293174.7257,2641848.72],[4293045.2514,2642203.3543],[4292832.3457,2642786.52],[4292822.3429,2642829.2371],[4292528.6429,2644083.4286],[4292343.3429,2645739.4514],[4292429.1657,2646826.8343],[4292605.3714,2647704.7371],[4293079.8057,2648702.4457],[4293296.1829,2649480.6],[4293512.0171,2650418.3657],[4293847.1143,2651416.02],[4294457.5857,2653411.3057],[4293333.8971,2655207.3029],[4293440.6971,2655995.4143],[4293556.9314,2656933.16],[4293614.5914,2657531.7229],[4293333.9343,2657890.9543],[4292953.5971,2658150.5314],[4293069.7629,2659108.2314],[4293028.0514,2659626.9857],[4291727.3514,2660266.26],[4290946.3943,2660925.0371],[4290685.2229,2661443.8486],[4290364.3857,2661882.8971],[4289824.3057,2661943.2371],[4289184.04,2662203.0486],[4288842.76,2662801.6971],[4288681.52,2663438.0029],[4288063.1886,2663957.1086],[4288029.0743,2664534.7886],[4287994.3914,2665272.9371],[4288151.6771,2666107.38],[4288373.04,2666941.84],[4288498.96,2667583.72],[4288730.1743,2668345.1686],[4288723.5029,2668357.9343],[4288691.8086,2668418.5829],[4288409.2886,2669356.36],[4288726.4914,2669715.62],[4289109.7257,2670061.72],[4289500.12,2670414.2857],[4289536.7229,2671332.0771],[4289273.6743,2672409.5114],[4289478.3314,2673696.4314],[4289674.9343,2674434.6771],[4289892.5657,2674833.7743],[4290625.4657,2675891.46],[4291061.9057,2676270.7486],[4291219.8343,2676669.82],[4291695.8914,2677108.9743],[4292093.0686,2677209.0486],[4292768.0571,2677548.6543],[4293363.2457,2678047.7371],[4293659.6543,2678706.2143],[4293757.3714,2679244.9286],[4293795.2457,2679803.5829],[4293945.6971,2682146.3571],[4293962.2029,2682403.38],[4293944.8257,2682458.4086],[4293696.8714,2683711.5857],[4293730.2829,2684094.4943],[4293798.2057,2684547.0314],[4294004.7429,2685104.0257],[4294211.6229,2685556.6],[4294488.5829,2685765.5971],[4294834.58,2686113.8429],[4294970.5514,2686984.0971],[4295294.0857,2687735.7486],[4295306.3286,2688792.4171],[4295420.9457,2690189.0571],[4295738.3943,2690448.5857],[4296173.5971,2691266.7257],[4295791.8829,2692024.9914],[4295471.8314,2692065.18],[4294671.0629,2692644.2],[4295026.8543,2693402.4514],[4295442.8886,2693981.1943],[4295620.0543,2694579.78],[4295458.4686,2695158.4086],[4295733.9743,2696116.1429],[4296011.7143,2696355.6943],[4296368.4714,2696794.7657],[4296542.8371,2697041.9914],[4296575.4829,2697088.2743],[4296541.4029,2697107.3057],[4296490.7571,2699892.7743],[4296535.98,2702620.6229],[4297164.9429,2705299.8571],[4298572.7029,2707248.9257],[4300054.14,2708353.5857],[4300272.6943,2708516.5543],[4300353.6686,2708627.7771],[4301103.7943,2709537.0257],[4300928.9657,2709676.5],[4300943.7514,2709694.68],[4301243.3914,2710849.6029],[4301051.9514,2711043.8829],[4300312.6429,2711676.12],[4300300.6829,2711686.3457],[4299144.0229,2711893.9257],[4298531.9371,2712003.7714],[4295188.9714,2713271.0286],[4293105.3,2713710.2943],[4291119.4943,2714830.7257],[4289188.2629,2718141.3429],[4288332.2229,2723204.1371],[4288540.5886,2726806.4743],[4287824.0029,2730165.4657],[4285578.2171,2733792.58],[4284174.2057,2734864.0171],[4282720.4714,2735156.9057],[4280380.9371,2735158.4886],[4279934.5714,2734469.7943],[4279328.6686,2733977.4086],[4278375.4971,2733920.0629],[4278157.3543,2733953.9057],[4277624.5429,2734036.56],[4275718.4229,2734530.8086],[4275516.1029,2734663.5229],[4275054.58,2734966.2686],[4274998.8171,2735546.5629],[4276049.0171,2736852.4657],[4276498.5029,2737329.6943],[4277279.7657,2739422.1486],[4277816.1886,2740858.8514],[4277143.5286,2742952.1743],[4277107.8914,2746359.7886],[4274881.98,2747249.3286],[4272958.0629,2747641.0571],[4271759.5886,2747264.9743],[4270821.3543,2746751.04],[4269752.6686,2746621.2914],[4268973.1257,2746244.94],[4268339.4457,2745346.8429],[4267588.52,2745187.8914],[4267110.0457,2745336.9229],[4266375.6029,2745565.6857],[4264946.4686,2746277.1429],[4264244.52,2746826.3629],[4263905.1743,2747089.2914],[4263860.7143,2747235.2057],[4263839.8514,2747303.6686],[4263783.8286,2747279.6686],[4263076.0429,2746976.4543],[4261654.7314,2748512.5114],[4260782.6343,2749455.0171],[4259417.2571,2750232.2314],[4258744.8743,2750198.1943],[4255517.3971,2750034.8086],[4251974.1857,2749172.1314],[4251909.8257,2749156.4629],[4245840.2629,2747570.8657],[4243207.7914,2747131.1029],[4241696.3371,2747762.3286],[4241305.9457,2748199.7286],[4241256.0886,2748783.0714],[4241739.8486,2749998.3057],[4243582.1229,2752428.4514],[4244163.28,2753546.4257],[4244842.2771,2754275.4086],[4245278.1686,2755101.7343],[4244838.8286,2755684.9686],[4243620.12,2755586.7886],[4241523.8371,2755098.7543],[4238501.3743,2754610.0543],[4233870.3029,2754703.9886],[4229287.9457,2754311.4686],[4225922.9257,2756546.3171],[4224482.0771,2756880.7229],[4224460.3971,2756885.7543],[4224343.1657,2757459.2514],[4224665.7343,2758113.6314],[4224914.86,2759582.64],[4225480.5343,2760414.7371],[4225945.0257,2761423.4286],[4226170.5657,2762359.54],[4226273.3429,2762773.8143],[4226834.98,2763804.6343],[4227002.5257,2764424.2657],[4228035.9629,2766220.3514],[4228863.5486,2767283.0629],[4227947.6343,2768233.4429],[4227954.5114,2768244.8629],[4227869.7143,2768296.4429],[4226085.4829,2770037.1257],[4223849.1086,2772819.92],[4223262.3686,2773954.5057],[4223269.5371,2774954.5343],[4223149.3229,2778540.0057],[4223145.5543,2779534.6057],[4223135.6514,2782148.12],[4223127.0514,2782977.2514],[4223516.7657,2783756.0143],[4226121.0171,2784170.74],[4228214.14,2784244.6829],[4230830.5686,2784744.5543],[4231950.2914,2785523.5457],[4232315.7314,2786399.6371],[4232584.2,2787859.7514],[4231637.4457,2790755.6857],[4230617.9571,2794040.9829],[4230375.4943,2795282.0771],[4230971.9429,2795878.4],[4232188.9686,2796511.4514],[4232386.4229,2796622.8657],[4233089.4886,2797019.7114],[4234086.0686,2797582.24],[4236323.4686,2798823.3257],[4236834.9886,2799714.86],[4236864.5514,2801674.3343],[4237229.9429,2802551.8257],[4237991.4229,2802955.6714],[4238143.6229,2803036.3886],[4238901.9857,2803265.0257],[4239143.66,2803638.2457],[4239322.3743,2803913.9857],[4238984.4771,2804626.8686],[4238879.5171,2805171.0743],[4239242.14,2806073.5086],[4239473.6,2807423.64],[4239255.2,2809223.8143],[4238307.5571,2812580.9057],[4236314.3343,2816813.7943],[4234843.3743,2818480.2371],[4233676.2029,2819039.84],[4232516.8343,2819271.9229],[4232095.4571,2819356.2571],[4230708.8771,2819161.8743],[4229152.0171,2819040.4943],[4227546.4829,2820038.0486],[4226086.8257,2822154.5943],[4225865.3514,2823174.0657],[4224979.62,2827251.1943],[4224614.5771,2829270.3714],[4223762.8943,2833041.1257],[4223402.3743,2834656.8343],[4223057.2114,2836203.6943],[4222594.9029,2837906.6171],[4221865.0886,2838758.1171],[4221110.9829,2838977.1486],[4220125.7771,2838721.9029],[4218230.78,2837803.24],[4215260.5457,2836363.3143],[4211952.1743,2834466.64],[4210431.7829,2833676.3771],[4208850.5829,2834479.3257],[4207953.1829,2834813.3514],[4207498.5286,2835809.2114],[4206487.9657,2837646.5629],[4205634.9743,2837948.4971],[4204742.6171,2837712.4429],[4203613.9857,2836269.3371],[4202997.2029,2835954.52],[4202927.9943,2835883.6057],[4202525.5971,2835867.1314],[4200445.7257,2835320.1714],[4198426.6714,2834906.9771],[4197906.8829,2834923.2971],[4195312.9543,2835004.74],[4193610.1314,2835442.8314],[4191834.3114,2836586.3629],[4191153.0514,2838654.2057],[4191391.4057,2841164.5257],[4191456.6086,2841853.3286],[4191650.7686,2842996.84],[4192160.0657,2847011.2943],[4193082.9543,2850709.48],[4193252.4971,2852655.8771],[4190113.5686,2852924.2486],[4187449.1343,2852693.8657],[4185332.1829,2852475.4971],[4182923.2229,2851916.6914],[4182284.8457,2851925.2514],[4181074.7229,2851940.7914],[4180471.88,2851993.0314],[4179955.3771,2852038.2257],[4179443.8257,2852403.4857],[4179199.2314,2852994.2229],[4178980.2229,2853523.16],[4178443.0714,2855129.6171],[4177745.4286,2858744.0657],[4177665.34,2859142.32],[4177549.6457,2859717.6571],[4177506.3057,2860039.9857],[4177480.4743,2860232.1057],[4177402.1886,2860813.3343],[4177326.6029,2861244.68],[4177304.0629,2861373.5257],[4177205.9714,2862006.7457],[4177424.5,2862226.0486],[4178031.82,2862105.2086],[4178675.2857,2862237.5171],[4178743.9886,2862251.6457],[4178699.6771,2862279.5371],[4179299.4371,2863311.6143],[4179491.5029,2864342.3057],[4179556.5114,2864691.1714],[4179522.3314,2865778.5629],[4179423.1514,2866963.3343],[4179178.1457,2868091.3314],[4179160.5971,2868919.0457],[4179580.46,2869795.5743],[4179773.3371,2870785.6114],[4179561.0314,2871743.1914],[4179114.52,2872689.7571],[4179040.3657,2872846.96],[4178990.2886,2873739.5971],[4179037.76,2874453.7057],[4179312.6829,2874729.7543],[4179647.4314,2874822.6971],[4179781.9571,2874860.0457],[4180477.7143,2874553.04],[4181755.7229,2873679.7171],[4182338.2686,2873842.5771],[4182629.6029,2874145.5543],[4182488.6457,2875787.34],[4182193.3,2877906.2114],[4182459.8571,2878466.4457],[4183236.8029,2878856.7314],[4186005.1057,2879468.4257],[4187632.0371,2879957.0571],[4188809.0257,2881138.8771],[4189367.1086,2881772.3657],[4189996.8343,2883306.86],[4189459.3057,2884695.2],[4188654.9171,2885377.5971],[4187290.1857,2886230.9686],[4185194.52,2887328.5314],[4183610.4514,2888328.1771],[4182949.9686,2890544.5629],[4182985.3457,2891732.2943],[4182985.4314,2891734.8914],[4182985.6229,2891740.8886],[4182985.6886,2891742.9486],[4183008.9429,2892479.9371],[4183301.0057,2894036.98],[4183957.94,2895667.0314],[4185466.3229,2898075.6629],[4186925.9914,2899778.7857],[4188677.6371,2902260.4257],[4190684.6286,2903902.8086],[4192144.2143,2904049.0543],[4192874.0114,2903805.9771],[4197496.0629,2902055.6886],[4200184.1371,2901436.0],[4202641.1029,2901266.2429],[4204196.32,2901619.2629],[4205000.7686,2901801.8629],[4206363.0543,2902191.3343],[4207628.0657,2903188.9371],[4209148.68,2906290.92],[4209534.6286,2907156.6543],[4210048.9029,2908310.2429],[4210851.8371,2910475.5286],[4211825.04,2912543.5114],[4213041.4571,2914246.6029],[4214233.4857,2915171.2143],[4218259.5286,2916570.7029],[4220400.2686,2917373.8571],[4222516.7,2918517.5686],[4224265.9629,2919472.0029],[4224678.6343,2919322.0457],[4226007.7486,2919161.04],[4227298.1543,2919470.9743],[4228536.94,2919471.2314],[4229453.1343,2919884.32],[4229917.7086,2920477.9943],[4230227.4743,2921355.5629],[4230317.9057,2922375.0743],[4230292.1914,2923181.6543],[4230395.4857,2923852.7286],[4230847.1343,2924110.8857],[4231595.5714,2923904.6029],[4232344.0029,2923891.8543],[4232885.9886,2924343.5914],[4232781.9771,2924684.1943],[4232744.1143,2924808.1829],[4232241.0086,2925485.7429],[4231737.9314,2926479.4714],[4231879.9943,2927679.66],[4232331.7314,2928944.3886],[4233402.8571,2930531.8],[4234319.0629,2931151.3514],[4235493.3343,2931538.6829],[4236486.9686,2932274.3857],[4237013.8314,2932233.8229],[4237261.0686,2931668.9971],[4237826.1029,2931174.82],[4239062.0971,2931951.9286],[4239415.3314,2933152.7114],[4239980.3514,2933364.6914],[4241357.5886,2932800.0429],[4244147.6943,2930068.6914],[4244472.8743,2929093.7114],[4244789.3057,2927099.5857],[4244278.6943,2925494.5686],[4243087.0343,2924132.8143],[4242162.8657,2923403.3486],[4242600.8,2922527.8943],[4242632.5229,2922429.0543],[4243301.1229,2921777.46],[4244554.78,2920930.3429],[4244519.6943,2918935.7657],[4245155.4,2917894.3886],[4247329.0029,2917496.8571],[4248257.0514,2917750.1286],[4248844.9714,2917794.1229],[4249886.9171,2917872.0857],[4251030.2629,2917702.0571],[4253402.0943,2917033.6629],[4256515.8857,2916231.6429],[4259045.8343,2915915.96],[4260894.6429,2915527.1714],[4261478.48,2915332.7057],[4262183.9486,2915527.4486],[4262646.1657,2915916.7514],[4262767.8457,2916451.9857],[4262695.0486,2918009.0257],[4262038.6229,2920758.1829],[4262032.8457,2920813.3171],[4261721.2543,2923786.36],[4262013.8971,2924466.7143],[4262905.6257,2924903.6314],[4263815.5457,2925103.9829],[4264726.7857,2925696.4343],[4265271.4429,2926050.5486],[4265483.9829,2926538.5771],[4265762.88,2927178.9743],[4265617.4429,2928380.18],[4264717.2,2929563.3714],[4264689.6029,2929599.6486],[4263579.7914,2930591.6543],[4262961.2257,2931356.1029],[4262718.5543,2932015.1371],[4262585.82,2932377.1114],[4262453.3257,2932739.6429],[4262619.6686,2933832.7457],[4262794.2886,2934258.9114],[4263773.1143,2936647.72],[4263755.9171,2937117.84],[4263755.8314,2937120.1429],[4263742.1686,2937495.3314],[4263739.7829,2937560.9029],[4263734.6543,2937701.6857],[4263720.7257,2938051.14],[4263530.2457,2938583.7886],[4263373.8486,2939021.14],[4263627.8857,2939606.8914],[4264427.1343,2940559.8686],[4265335.6343,2941312.34],[4266535.18,2941701.3457],[4267153.1229,2941486.5686],[4267789.0657,2940963.3914],[4269096.7743,2939246.5857],[4269569.0971,2938740.8857],[4270311.4457,2937882.4343],[4270542.3257,2937746.6371],[4271234.7743,2937713.94],[4271550.5514,2937934.9543],[4271793.1543,2938448.84],[4272059.6914,2939329.4914],[4272155.9171,2940283.3229],[4272300.9743,2941066.0086],[4272372.58,2942288.8429],[4272882.0,2943414.4486],[4273512.6857,2944833.6657],[4273827.7514,2945812.1971],[4274001.2143,2945999.32],[4274040.8686,2946042.0971],[4274136.6971,2946930.4514],[4274171.0771,2947249.18],[4274030.8143,2949124.6686],[4273782.2543,2949639.1086],[4273674.8543,2949861.3971],[4273476.7229,2950271.4771],[4273993.8543,2951001.7286],[4274019.8629,2951113.4171],[4274131.3486,2951592.24],[4274026.5943,2952599.4571],[4273576.2314,2953693.9657],[4273713.3429,2954631.7514],[4274644.0514,2956091.9371],[4274849.7,2957515.9829],[4274992.7629,2957581.9486],[4275608.6943,2957865.9629],[4276285.2171,2957965.2143],[4276954.3171,2958063.3714],[4277885.2743,2959245.9943],[4278506.3371,2959249.3914],[4280300.2971,2958396.7171],[4281059.84,2958283.1086],[4282049.0657,2958135.1486],[4282250.0314,2958105.0886],[4282437.2171,2958077.0886],[4282750.0143,2958030.3029],[4285648.1057,2957010.86],[4287856.02,2955884.5486],[4290271.1914,2955328.1686],[4292203.3829,2955269.6543],[4292444.7371,2954960.9229],[4292513.3914,2954583.0657],[4291993.0886,2952728.3629],[4292023.18,2952279.5543],[4292128.9686,2950701.5257],[4293069.8286,2946997.4714],[4293298.0571,2946098.9486],[4295101.4914,2944000.8086],[4295647.42,2942817.0686],[4296461.9829,2941732.3286],[4297046.1057,2941482.5857],[4297145.02,2941440.62],[4297525.2314,2941279.3171],[4298588.7,2940330.3657],[4299563.1914,2939532.68],[4300215.72,2938645.7114],[4300225.7657,2937256.8029],[4300809.7143,2937010.0457],[4301588.3,2936786.6257],[4302196.5943,2936393.4286],[4302391.3343,2935904.0314],[4302513.2857,2934705.4971],[4302294.8429,2933042.1914],[4302222.4057,2931134.3686],[4302344.4286,2929691.2486],[4302028.6057,2928345.7857],[4302953.3971,2926852.3029],[4304023.9714,2926359.2771],[4304522.76,2926563.0229],[4305228.3943,2927093.2114],[4306493.7371,2928396.5343],[4307832.1057,2929869.1514],[4309088.8829,2930411.1829],[4309477.3314,2931514.4657],[4310366.5257,2932436.3543],[4311632.8286,2932912.1886],[4311832.9829,2932809.0457],[4313241.2029,2932083.38],[4313890.2914,2930947.5143],[4313922.6771,2929949.8143],[4314126.1057,2928745.6429],[4314707.2314,2927953.7543],[4315528.3286,2927333.1886],[4316041.2057,2926713.34],[4316137.7686,2926625.7943],[4316725.3286,2926093.1114],[4317409.9029,2926022.3371],[4318835.6571,2926926.3429],[4318907.1229,2927246.4886],[4319005.08,2928290.7],[4319322.0314,2929431.9829],[4319906.2857,2929941.52],[4320417.4143,2930062.2829],[4321366.6314,2930060.74],[4322461.9286,2929645.3314],[4323614.5571,2929174.6257],[4324226.5943,2928924.6857],[4324811.0343,2928022.9629],[4328461.8943,2927579.1571],[4328729.8057,2927091.78],[4329289.6514,2926774.5257],[4329679.08,2926700.9114],[4330093.2314,2925750.6057],[4330507.02,2925555.2686],[4330969.4743,2925408.54],[4331650.9714,2925529.0314],[4331943.0429,2925455.5714],[4332308.2029,2925138.5771],[4332770.9486,2924310.0314],[4333136.0857,2924041.7343],[4333501.2343,2923749.0914],[4333562.6943,2922713.6457],[4332299.3943,2920617.8314],[4332348.4114,2920033.1057],[4332251.7,2919107.2971],[4331546.9257,2918424.64],[4331888.74,2916402.44],[4331475.6143,2915963.6343],[4330892.7343,2914672.1743],[4330553.3057,2912942.3257],[4330505.3457,2911845.9771],[4330870.6743,2911188.0143],[4331917.2571,2910991.6943],[4333036.8743,2910697.9286],[4333669.6914,2910769.8657],[4334083.48,2910963.7086],[4334898.9743,2911606.5943],[4335385.7914,2911848.9486],[4336164.6514,2911653.0543],[4336627.1457,2911944.0486],[4336700.7143,2912891.1257],[4337212.0429,2913570.8029],[4338307.4714,2914395.5771],[4339378.4086,2914685.6571],[4340790.0714,2914804.9714],[4341131.0943,2914098.3086],[4341131.4286,2913562.3171],[4340840.6,2911905.5714],[4342568.7114,2911391.8457],[4344308.9486,2911279.5514],[4345063.4571,2911351.2914],[4346134.3714,2911349.5486],[4346499.4571,2911324.6286],[4346613.6486,2911225.5],[4346864.6143,2911007.6371],[4347546.1629,2911371.2343],[4347838.5829,2912172.5286],[4348885.1657,2912292.4314],[4349883.0686,2912461.0514],[4351100.12,2913115.5429],[4352852.5286,2913137.0171],[4353740.9114,2912953.1143],[4355249.9257,2912853.3629],[4358414.1057,2911753.3486],[4360668.7257,2911124.0029],[4362929.0886,2910493.0571],[4363927.0029,2910734.6257],[4364657.1743,2910806.4029],[4365387.3429,2910829.5371],[4366190.5343,2910730.9286],[4366920.7543,2910364.7457],[4367845.6914,2909949.5943],[4368502.9714,2909388.7457],[4368632.9457,2909346.7714],[4369184.4829,2909168.6686],[4369344.5114,2909016.8371],[4369647.0343,2908729.8057],[4370353.0143,2908095.8486],[4371326.7343,2907339.8114],[4371403.3829,2907306.8486],[4371463.7257,2907280.8971],[4371957.3429,2906409.1771],[4372142.9771,2906149.24],[4372686.5514,2905388.0943],[4373540.8486,2903929.4743],[4373673.8371,2903600.6771],[4373926.4171,2902976.2086],[4373951.7371,2902882.2314],[4374145.3457,2902163.6114],[4374180.5114,2901952.9571],[4374218.38,2901726.0657],[4374354.9457,2901464.6514],[4374583.0429,2901028.0257],[4375041.3714,2900507.0314],[4375978.7286,2900048.2714],[4376822.3229,2899792.6371],[4377624.2771,2899438.0943],[4378107.3543,2899114.0543],[4378189.4714,2899120.9114],[4378472.3657,2899144.8286],[4378273.6086,2899636.6829],[4378272.5143,2899638.8743],[4377873.0257,2900438.1429],[4377737.4971,2901270.2257],[4377737.4371,2901270.4343],[4377425.2514,2902322.14],[4377472.44,2902760.3229],[4377635.04,2903412.8457],[4378029.8743,2903861.82],[4378757.1714,2903923.2429],[4378989.8886,2903669.8257],[4380087.7257,2902900.6543],[4380564.8371,2902848.4543],[4380952.7486,2903252.9286],[4380975.5143,2903332.5629],[4381316.4171,2904524.9771],[4381370.8914,2904691.0],[4381702.5571,2905701.8657],[4382344.5571,2906767.5543],[4383198.38,2907414.8486],[4384328.8943,2907910.8543],[4384540.6629,2908003.7686],[4385163.8343,2908192.1886],[4385860.92,2908402.9571],[4386959.0143,2909007.0486],[4388167.44,2910064.1943],[4388840.6771,2910557.3086],[4388976.32,2912311.0343],[4389258.96,2913331.4486],[4389513.5629,2914250.6429],[4389817.3,2914928.3229],[4390798.84,2915629.2486],[4392621.7743,2915897.5486],[4393537.3686,2916317.0],[4394304.4543,2916668.4171],[4394818.54,2917416.18],[4394811.6286,2917731.1486],[4394794.9543,2918491.1514],[4394631.16,2919309.0629],[4393929.7343,2919706.2171],[4393477.4571,2920129.0257],[4393204.8943,2920383.8286],[4393027.7457,2921162.3657],[4392970.9343,2921412.0571],[4393344.6543,2922837.5514],[4393227.0771,2923769.8886],[4393133.9429,2924508.4343],[4392502.6743,2924508.2543],[4392243.6086,2924330.9486],[4390725.7114,2923292.1086],[4390024.3,2923128.2771],[4389182.5714,2923759.1229],[4389176.3057,2923750.8371],[4388131.7686,2924494.1714],[4388086.9057,2924554.9343],[4387744.1571,2925019.1629],[4387175.3429,2925916.6629],[4386785.36,2926308.3686],[4386286.98,2926613.42],[4385853.5629,2926614.5286],[4385420.1486,2926593.9514],[4385051.7457,2926551.5343],[4383501.9629,2927436.2629],[4383501.14,2927462.1714],[4383163.6257,2927817.9086],[4383057.24,2927930.0371],[4382099.2829,2928655.3371],[4381925.9343,2928713.2457],[4381472.8657,2928864.5886],[4380907.5914,2929053.4143],[4380545.5,2929927.08],[4380393.8229,2930293.0571],[4379786.3086,2930597.3143],[4378851.6257,2930527.7],[4378103.9429,2931042.46],[4378115.2229,2932020.2914],[4378120.5029,2932477.8486],[4378121.1629,2932535.1686],[4378128.0886,2933135.7257],[4377871.4086,2934328.5514],[4377311.3457,2936854.5371],[4377669.3371,2938529.4229],[4377756.2657,2938936.1314],[4377686.2971,2939357.1257],[4377521.3771,2939418.0057],[4377242.3343,2939521.0171],[4375630.04,2939031.0514],[4373900.9343,2938307.4371],[4373270.0343,2938448.0457],[4373199.5857,2938536.22],[4372615.8257,2939267.0257],[4373294.04,2940167.92],[4373107.2,2940706.0257],[4372709.98,2941127.2657],[4372616.6257,2941641.96],[4372850.9429,2943583.7486],[4372756.8514,2943726.7229],[4372298.2429,2945444.2314],[4372250.0286,2946614.2514],[4371888.2971,2947434.4971],[4371237.1657,2947700.0057],[4370429.2771,2947543.5143],[4369669.6257,2947001.1971],[4368885.86,2946049.0],[4368315.0886,2945526.0314],[4368082.5657,2945573.7057],[4366974.7257,2946221.2914],[4366259.9429,2946639.1171],[4365722.7171,2947809.0057],[4365162.0286,2948651.4029],[4363970.2657,2948979.7286],[4363175.7514,2948957.0371],[4362879.9429,2949364.9657],[4361918.2857,2949715.1],[4360772.48,2949606.5629],[4359457.8057,2950028.5857],[4357262.5486,2951722.7314],[4356333.8086,2952289.4514],[4355911.5657,2953037.0514],[4355935.4829,2953875.0886],[4355609.6829,2954767.3829],[4354680.9743,2954912.0743],[4354294.9829,2955297.9286],[4354547.9314,2956395.2114],[4354897.38,2957335.74],[4355162.5171,2957860.2657],[4353546.1429,2959644.8543],[4353328.9457,2960223.6371],[4353497.6343,2960724.0486],[4354232.9886,2961085.7857],[4354570.5343,2961158.1314],[4354654.84,2961568.1057],[4354594.3029,2962605.0971],[4355196.6857,2964715.26],[4355268.6771,2966198.4],[4354388.1543,2966921.8771],[4353428.9229,2967241.5314],[4353071.1943,2967002.9114],[4352159.2143,2966721.8829],[4351457.6886,2966943.5457],[4350709.3971,2966709.3571],[4350107.4686,2967356.7657],[4350101.3171,2967363.3857],[4350101.8257,2967364.3429],[4349315.3343,2968419.2229],[4347962.6914,2969794.7286],[4347805.8857,2969881.1286],[4347236.5,2970194.8686],[4346058.7486,2971920.5029],[4345782.6057,2972820.8371],[4346131.3343,2974046.2914],[4346879.4971,2975821.9457],[4345581.8571,2978041.5857],[4344450.5857,2979249.6429],[4343957.6086,2980278.1257],[4343839.5114,2980524.5114],[4343546.7114,2982218.9],[4343048.6571,2983329.8743],[4342643.3429,2983917.4943],[4342613.3257,2984864.8829],[4342565.3771,2986378.1743],[4342195.3914,2987810.5114],[4342005.2229,2991372.9886],[4342404.3,2994035.6657],[4343575.9943,2995614.8943],[4343868.1829,2996459.6029],[4343608.42,2997891.9429],[4343532.2571,2997967.9057],[4343090.76,2998406.9543],[4340653.48,2999034.6657],[4339693.5,2998999.2114],[4338917.9171,2999257.3914],[4337215.2429,3001097.1171],[4336660.9257,3001428.5257],[4335959.4029,3001466.1857],[4335328.8314,3002459.4029],[4334054.5771,3002342.2686],[4332374.9971,3002187.8743],[4331488.6143,3001895.2857],[4330713.2314,3001969.7771],[4329160.6371,3003074.1429],[4328456.2371,3004104.1857],[4328377.5314,3005097.1686],[4327964.5343,3006752.1943],[4327911.3114,3009878.2429],[4327491.8257,3012783.6657],[4326859.8086,3014089.4343],[4326409.8514,3015781.2543],[4325522.1886,3016554.1057],[4324118.0971,3017327.5171],[4321754.4286,3018102.1],[4320867.5657,3017589.2686],[4318430.0114,3016784.6543],[4316953.0886,3016933.5314],[4316578.9314,3018184.02],[4316941.7,3018956.4486],[4318218.3629,3020023.7886],[4320080.3,3021018.2686],[4321322.4114,3021166.8543],[4322198.68,3021608.9029],[4322965.82,3021756.8629],[4324097.5314,3022382.9714],[4325154.4114,3023523.6171],[4325223.1943,3024406.2686],[4325209.4543,3027010.0914],[4325198.1886,3028472.8486],[4325402.8571,3030499.3857],[4324719.5914,3033299.8914],[4324596.8943,3034921.1057],[4324353.3771,3035675.4743],[4323832.1657,3036058.1857],[4322788.5314,3036096.7286],[4322339.4657,3035949.6286],[4321670.5343,3036129.9429],[4321397.9,3036414.4886],[4320980.1971,3036850.44],[4321279.7714,3039011.6286],[4321144.9543,3040224.5714],[4321200.9286,3040345.4],[4321393.7457,3041318.44],[4321664.88,3042031.8486],[4322113.8971,3042525.7429],[4322707.2229,3042933.9143],[4324106.8886,3043278.92],[4325957.7114,3044286.4057],[4326618.6057,3044635.44],[4328211.5571,3045476.7114],[4329229.8714,3046325.1771],[4329245.32,3046330.2943],[4331443.9429,3047896.1829],[4332141.5171,3048169.1314],[4333291.0257,3049008.7057],[4334096.1886,3049803.98],[4334189.9314,3050855.6743],[4335118.56,3051844.6629],[4335440.1114,3052082.3],[4335705.5371,3052460.1343],[4336725.0314,3054922.86],[4336766.58,3055546.0],[4336597.46,3057415.4143],[4336859.7657,3058038.4543],[4338864.7229,3060016.2286],[4339056.2286,3061233.1543],[4339581.5,3061878.5486],[4340187.8971,3062760.2686],[4340470.1486,3063656.8657],[4340296.4886,3064700.4914],[4339899.1371,3065637.7114],[4339258.9714,3067147.6371],[4338570.2457,3067970.48],[4337381.6571,3068395.7143],[4335194.9171,3068091.2543],[4334490.76,3068502.3257],[4333555.3371,3070633.4629],[4332882.6229,3072014.9914],[4332621.3314,3073286.44],[4332889.4886,3074418.2371],[4334250.5743,3076563.8343],[4334784.6086,3077974.8371],[4334994.5486,3079356.5429],[4334821.3086,3080637.0657],[4336045.5771,3083064.6771],[4336219.0829,3084040.7486],[4336267.4229,3084312.6771],[4335901.3371,3085267.0086],[4335868.1086,3088276.9257],[4336086.4771,3088994.2229],[4336604.3714,3090704.7514],[4336788.9371,3092692.7743],[4337047.4657,3095766.8429],[4337782.7429,3097129.4343],[4338113.7971,3098160.3714],[4338440.5457,3098995.9143],[4338569.0257,3100583.6943],[4338409.3286,3101768.4114],[4338814.7143,3104713.6657],[4339036.36,3107456.3971],[4338853.22,3108524.0657],[4339417.1286,3111237.3829],[4339927.6257,3112159.38],[4339798.7886,3113838.08],[4339660.9143,3115634.5543],[4339660.2971,3115650.9743],[4340122.1257,3116481.5743],[4340062.6629,3117334.1914],[4339788.7657,3117617.4],[4339628.1371,3117783.4886],[4339045.7143,3118197.2486],[4338508.88,3118863.9143],[4338858.26,3119983.4686],[4339158.8486,3121359.6229],[4339155.5829,3121359.3543],[4339098.6743,3121372.5114],[4339032.5571,3121394.1943],[4338902.7229,3121466.56],[4338881.16,3121478.5771],[4338825.56,3121545.2257],[4338782.4,3121645.2543],[4338774.3571,3121703.2571],[4338766.2314,3121761.8457],[4338755.6371,3121842.14],[4338756.1114,3121849.9971],[4338761.52,3121939.5914],[4338753.74,3121979.12],[4338745.88,3122019.0514],[4338693.0857,3122087.4029],[4338688.0886,3122099.8229],[4338650.4629,3122193.2971],[4338649.5771,3122196.62],[4338665.0343,3122299.7371],[4338668.5314,3123287.9286],[4338868.4286,3124377.5029],[4339120.44,3125326.5914],[4339327.4486,3126363.6914],[4337284.3571,3128869.4943],[4336302.7657,3130297.2086],[4335435.5257,3132593.6971],[4334963.1657,3133335.2],[4335348.1314,3136370.9429],[4335930.9743,3137424.1943],[4335895.06,3137810.7914],[4335537.9914,3138238.6829],[4335275.4771,3138962.7229],[4335458.0114,3139679.0514],[4335554.3143,3140329.2343],[4335517.1943,3140819.8029],[4335424.4629,3141053.3571],[4335488.1629,3141357.0257],[4335919.4543,3141465.0514],[4336421.3143,3141584.58],[4336547.7057,3141927.1371],[4336486.5657,3142261.9571],[4336308.2914,3142557.7114],[4336340.8543,3142892.54],[4336521.7657,3143164.9229],[4336977.5543,3143717.3143],[4337307.0286,3143888.0343],[4337548.46,3144221.8943],[4337518.6343,3144783.3629],[4338181.4657,3146285.3657],[4338312.6743,3146676.7171],[4338623.6657,3147604.3171],[4340462.0657,3148077.3429],[4340500.5686,3149762.88],[4343221.3057,3149866.7],[4344066.7514,3150781.3229],[4344210.24,3151456.8971],[4344502.8114,3152065.7114],[4344527.1314,3152698.96],[4345161.0771,3153526.7857],[4345819.4457,3153696.6314],[4346355.8943,3153427.6171],[4346892.3314,3153036.5914],[4348435.2057,3152777.4343],[4348474.02,3152794.62],[4350272.0914,3151937.5086],[4351079.4657,3151991.4114],[4351813.22,3152710.76],[4352173.5714,3153251.74],[4352766.8057,3154142.3343],[4352508.26,3155980.6114],[4351515.5086,3156964.7771],[4350302.3686,3157692.3086],[4353896.4343,3163416.0229],[4355858.7886,3166669.4771],[4355892.6971,3166668.52],[4355924.0371,3166677.3514],[4355967.46,3166679.4543],[4356039.2314,3166696.4857],[4356110.4114,3166729.1714],[4356176.8229,3166759.6686],[4356261.38,3166769.8857],[4356296.5171,3166765.9314],[4356400.9114,3167037.9714],[4356494.5457,3167126.4543],[4356505.16,3167136.4829],[4357078.7914,3166775.0971]]]}}]}